tree
version=v4
num_class=1
num_tree_per_iteration=1
label_index=0
max_feature_idx=93
objective=binary sigmoid:1
feature_names=reason_code payment_method transaction_status avs_result cvv_result dispute_amount dispute_amount_log transaction_amount transaction_amount_log transaction_capture_lag_minutes days_transaction_to_dispute days_dispute_to_deadline three_ds_authenticated avs_match cvv_match billing_shipping_match customer_account_age_days customer_previous_order_count customer_previous_successful_order_count customer_previous_dispute_count customer_previous_refund_count customer_success_ratio customer_dispute_ratio customer_refund_ratio delivery_before_dispute delivery_lag_days ev_three_ds_available ev_three_ds_strength ev_three_ds_value ev_avs_available ev_avs_strength ev_avs_value ev_cvv_available ev_cvv_strength ev_cvv_value ev_device_match_available ev_device_match_strength ev_device_match_value ev_ip_match_available ev_ip_match_strength ev_ip_match_value ev_delivery_confirmed_available ev_delivery_confirmed_strength ev_delivery_confirmed_value ev_tracking_available_available ev_tracking_available_strength ev_tracking_available_value ev_delivery_address_match_available ev_delivery_address_match_strength ev_delivery_address_match_value ev_delivery_timestamp_available ev_delivery_timestamp_strength ev_delivery_timestamp_value ev_proof_of_delivery_available ev_proof_of_delivery_strength ev_proof_of_delivery_value ev_prior_order_history_available ev_prior_order_history_strength ev_prior_order_history_value ev_prior_successful_orders_available ev_prior_successful_orders_strength ev_prior_successful_orders_value ev_prior_disputes_available ev_prior_disputes_strength ev_prior_disputes_value ev_customer_communication_available_available ev_customer_communication_available_strength ev_customer_communication_available_value ev_cancellation_request_available ev_cancellation_request_strength ev_cancellation_request_value ev_refund_request_available ev_refund_request_strength ev_refund_request_value evidence_available_count evidence_completeness_ratio strong_evidence_count evidence_strength_mean high_relevance_total_count high_relevance_available_count high_relevance_completeness_ratio high_relevance_strength_mean authentication_evidence_available_count authentication_evidence_strength_mean authentication_evidence_present fulfillment_evidence_available_count fulfillment_evidence_strength_mean fulfillment_evidence_present customer_evidence_available_count customer_evidence_strength_mean customer_evidence_present communication_evidence_available_count communication_evidence_strength_mean communication_evidence_present
feature_infos=-1:0:1:2 -1:0:1:2 -1:0:1:2 -1:0:3:1:2 -1:0:1:2 [99:98055.910000000003] [4.6051701859880918:11.493303303389132] [99:98055.910000000003] [4.6051701859880918:11.493303303389132] [1:119] [1.0006944444444446:44.082638888888887] [14:30] [0:1] [0:1] [0:1] [0:1] [1:3184] [0:20] [0:15] [0:4] [0:4] [0:1] [0:4] [0:4] [0:1] [1.0006944444444446:19.082638888888887] [0:1] [0:1] [0:1] [0:1] [0:1] [0:1] [0:1] [0:1] [0:1] [0:1] [0:1] [0:1] [0:1] [0:1] [0:1] [0:1] [0:1] [0:1] [0:1] [0:1] [0:1] [0:1] [0:1] [0:1] [0:1] [0:1] [1.0006944444444446:19.082638888888887] [0:1] [0:0.99990000000000001] [0:1] [0:1] [0:1] [0:20] [0:1] [0:1] [0:15] [0:1] [0:1] [0:4] [0:1] [0:0.99990000000000001] [0:1] [0:1] [0:1] [0:1] [0:1] [0:1] [0:1] [7:16] [0.4375:1] [0:16] [0.10323125000000001:0.85065000000000002] [3:6] [0:6] [0:1] [0:0.98793333333333333] [1:5] [0.013519999999999999:0.95722000000000007] none [0:5] [0:0.96265999999999996] [0:1] [0:3] [0:0.99339999999999995] none [0:3] [0:0.99160000000000004] none
tree_sizes=3153 3152 3499 3379 3252 3364 3515 3470 3494 3491 3394 3471 3504 3490 3472 3478 3526 3510 3521 3495 3500 3483 3482 3486 3480 3485 3493 3494 3513 3515 3511 3470 3492 3498 3508 3506 3498 3480 3472 3497 3483 3511 3490 3478 3479 3486 3490 3494 3497 3529 3478 3470 3480 3502 3491 3524 3503 3502 3508 3486 3502 3493 3515 3492 3501 3497 3503 3541 3512 3501 3510 3524 3537 3501 3509 3459 3530 3492 3531 3513 3519 3519 3518 3534 3509 3512 3534 3533 3529 3508 3531 3504 3534 3511 3497 3515 3513 3511 3515 3500 3501 3509 3536 3535 3512 3549 3522 3523 3548 3509 3545 3493 3526 3528 3542 3509 3523 3535 3484 3531 3490 3505 3514 3530 3497 3514 3519 3497 3516 3512 3518 3544 3551 3539 3506 3524 3495 3543 3515 3465 3545 3523 3551 3522 3515 3538 3541 3505 3505 3545 3518 3518 3541 3547 3495 3499 3508 3514 3534 3506 3501 3519 3515 3498 3528 3513 3515 3506 3491 3532 3548 3511 3539 3521 3490 3530 3498 3523 3521 3506 3517 3543 3510 3527 3541 3500 3545 3515 3515 3504 3530 3510 3540 3491 3502 3546 3519 3514 3538 3500 3481 3505 3510 3506 3511 3521 3543 3531 3503 3540 3514 3510

Tree=0
num_leaves=29
num_cat=2
split_feature=76 76 76 76 76 86 72 76 76 86 91 43 12 60 49 74 66 86 4 46 4 8 21 37 33 74 33 46
split_gain=11326.8 864.343 412.675 146.528 74.4034 40.0941 37.733 37.5863 36.0552 31.56 26.8261 21.065 20.963 18.7547 12.223 11.7573 9.02715 7.70545 5.6088 5.43419 5.38767 5.07979 4.76918 3.5153 3.01513 2.1324 0.246494 0.246082
threshold=7.5000000000000009 5.5000000000000009 9.5000000000000018 6.5000000000000009 8.5000000000000018 0.2791900000000001 0.49270000000000008 3.5000000000000004 10.500000000000002 0.29323000000000005 2.5000000000000004 1.0000000180025095e-35 1.0000000180025095e-35 0.6029500000000001 1.0000000180025095e-35 13.500000000000002 0.60465000000000013 0.19997000000000001 0 1.0000000180025095e-35 1 7.0643615088656295 0.63961038961038974 1.0000000180025095e-35 0.40455000000000008 12.500000000000002 0.49455000000000005 1.0000000180025095e-35
decision_type=2 2 2 2 2 2 2 2 2 2 2 8 2 2 8 2 2 2 1 8 1 2 2 8 2 2 2 8
left_child=1 7 4 6 11 10 25 -1 27 12 -5 14 -9 -8 -2 -7 21 -13 -19 -6 -16 -12 26 -20 -18 -3 -15 -4
right_child=2 3 8 5 19 15 13 9 -10 -11 16 17 -14 22 20 -17 24 18 23 -21 -22 -23 -24 -25 -26 -27 -28 -29
leaf_value=0.37760268801115182 0.43365063661925557 0.43486625065414047 0.46593195916065949 0.44277667912937563 0.46015976826319743 0.45245957846688317 0.42351718177418296 0.38817463597111135 0.48453273194665619 0.41921515118185199 0.42403742948441137 0.44517695196246176 0.41010762483450197 0.39896142501710924 0.45235653007936633 0.43648776824341579 0.41192504472446362 0.46603281984036465 0.44597559558846267 0.4703206896506108 0.44091049387288045 0.43621547102620262 0.41450191970290062 0.45795783299909976 0.42734610863668132 0.4245384297969112 0.4170235453567655 0.47591938303976583
leaf_weight=522.22878384590149 72.187646672129631 51.698743656277657 142.46934887766838 74.093591138720512 167.24662694334984 82.193855121731758 82.670341238379478 1315.339925006032 2178.2562822550535 52.889958947896957 68.852243855595589 53.842931181192398 90.770605221390724 247.77278065681458 86.720473229885101 68.137514680624008 73.140618905425072 69.328729972243309 54.319417297840118 310.4307049959898 60.513736814260483 67.184542447328568 127.22179314494133 51.222257539629936 48.125097781419754 48.839826956391335 48.125097781419754 375.94754603505135
leaf_count=2192 303 217 598 311 702 345 347 5521 9143 222 289 226 381 1040 364 286 307 291 228 1303 254 282 534 215 202 205 202 1578
internal_value=0.440715 0.398429 0.47664 0.420178 0.459073 0.432769 0.410466 0.386648 0.482581 0.390293 0.427066 0.449984 0.389364 0.407115 0.443152 0.445408 0.422634 0.456162 0.459119 0.467235 0.447964 0.429332 0.404381 0.45278 0.41656 0.42884 0.401029 0.473704
internal_weight=0 3069.29 3622.49 1088.06 925.813 481.727 606.329 1981.23 2696.67 1459 331.396 448.135 1406.11 505.79 219.422 150.331 257.303 228.713 174.87 477.677 147.234 136.037 423.12 105.542 121.266 100.539 295.898 518.417
internal_count=28088 12883 15205 4567 3886 2022 2545 8316 11319 6124 1391 1881 5902 2123 921 631 1080 960 734 2005 618 571 1776 443 509 422 1242 2176
cat_boundaries=0 1 2
cat_threshold=1 1
is_linear=0
shrinkage=1


Tree=1
num_leaves=28
num_cat=0
split_feature=76 76 76 76 76 76 69 72 72 76 43 86 69 49 39 33 14 46 12 79 48 30 33 74 86 77 33
split_gain=10692.2 788.553 379.834 123.297 67.6948 37.5252 35.3419 30.9347 27.1182 25.3587 22.9713 22.1278 18.5618 11.0563 10.9311 8.246 8.20429 8.02951 7.5667 5.8242 8.4087 4.55881 4.4355 4.24996 2.95626 2.0675 1.88915
threshold=7.5000000000000009 5.5000000000000009 9.5000000000000018 6.5000000000000009 8.5000000000000018 10.500000000000002 0.60085000000000011 0.6009500000000001 0.39805000000000007 4.5000000000000009 1.0000000180025095e-35 0.26972000000000007 0.31270000000000003 1.0000000180025095e-35 0.018550000000000001 0.61925000000000008 1.0000000180025095e-35 1.0000000180025095e-35 1.0000000180025095e-35 4.5000000000000009 0.037100000000000001 0.67065000000000008 0.62835000000000008 12.500000000000002 0.22528000000000004 0.54521249999999999 0.19675000000000004
decision_type=2 2 2 2 2 2 2 2 2 2 8 2 2 8 2 2 2 8 2 2 2 2 2 2 2 2 2
left_child=1 9 4 7 10 -4 -5 23 -8 -1 13 18 -9 -2 -10 -15 26 -6 -11 20 -16 22 -14 -3 -22 -19 -12
right_child=2 3 5 6 17 -7 8 12 14 11 16 -13 21 15 19 -17 -18 25 -20 -21 24 -23 -24 -25 -26 -27 -28
leaf_value=-0.055771249422150962 -0.0068415664202527817 -0.0045829511508986712 0.031939831339972802 0.011534748116364651 0.018421365038792374 0.042808192746988549 0.0050643231825677603 -0.011822131689359316 -0.0028922070876951354 -0.048385167764047651 0.004933950340282961 -0.019741991461686127 -0.037864258073518627 -0.00067865837957938177 -0.0039491258292782116 0.012948364122742383 0.022902367265461243 0.031492040888847925 -0.027490160200261449 -0.02295092455701957 -0.023192916322942833 -0.020018293890660104 -0.021699930241708902 -0.017614857113328625 -0.0094685326173783724 0.017735467498260334 0.013199467127157147
leaf_weight=1193.095486998558 69.672801434993744 50.811530992388725 520.5563118159771 61.907217636704445 166.29067976772785 2164.9284071326256 69.585970714688301 52.029781773686409 62.507261797785759 702.45465640723705 60.86085519194603 48.427629843354225 320.10531663894653 70.731261491775513 73.313812077045441 79.132356271147728 91.793276146054268 247.79250955581665 62.341763973236084 112.7233354896307 48.749798655509949 64.496004328131676 67.504854440689087 50.921422258019447 49.360070437192917 58.930596828460693 76.318646684288979
leaf_count=4951 292 213 2201 260 701 9178 292 217 262 2917 256 202 1334 297 307 333 387 1047 260 472 204 269 282 213 207 249 321
internal_value=0 -0.0408077 0.0351157 -0.0199311 0.0182099 0.0408278 -0.00829153 -0.0288332 -0.0114417 -0.0519325 0.00954078 -0.0456916 -0.0319092 0.00241462 -0.0148042 0.00687667 0.0159863 0.0260623 -0.0470587 -0.0172372 -0.012422 -0.033915 -0.0356657 -0.0120987 -0.0178026 0.0294924 0.0101168
internal_weight=0 3090.34 3607.01 1084.02 921.523 2685.48 478.147 605.869 416.24 2006.32 448.509 813.224 504.136 219.536 346.654 149.864 228.973 473.014 764.796 284.147 171.424 452.106 387.61 101.733 98.1099 306.723 137.18
internal_count=28124 12862 15262 4532 3883 11379 2004 2528 1744 8330 1886 3379 2102 922 1452 630 964 1997 3177 1190 718 1885 1616 426 411 1296 577
is_linear=0
shrinkage=0.03


Tree=2
num_leaves=31
num_cat=1
split_feature=77 77 12 51 77 92 82 77 4 86 77 5 30 37 85 83 21 13 49 77 40 92 86 83 86 45 33 21 86 77
split_gain=9341.65 563.61 370.679 209.271 125.091 98.6337 75.5617 74.7683 59.9029 51.0434 44.4365 40.5717 39.1751 26.8762 24.4986 22.299 21.1433 15.5842 15.2875 13.8808 11.4603 10.7401 9.28079 7.28903 7.23568 6.47417 6.38649 6.10395 4.85374 2.82859
threshold=0.45216562500000007 0.52333437500000013 1.0000000180025095e-35 0.60035000000000005 0.38381250000000006 0.53895000000000015 4.5000000000000009 0.59121562500000002 0 0.25608000000000003 0.4760437500000001 3959.5200000000004 0.60675000000000012 1.0000000180025095e-35 3.5000000000000004 0.43707000000000001 0.59166666666666679 1.0000000180025095e-35 1.0000000180025095e-35 0.48454062500000006 1.0000000180025095e-35 0.70511666666666672 0.25273000000000007 0.43423000000000006 0.26253000000000004 0.49875000000000008 0.64745000000000008 0.62019230769230782 0.26972000000000007 0.3560687500000001
decision_type=2 2 2 2 2 2 2 2 1 2 2 2 2 10 2 2 2 2 10 2 8 2 2 2 2 2 2 2 2 2
left_child=2 5 3 4 12 24 19 20 17 15 -8 13 16 18 22 -10 -1 -4 27 21 25 -7 -12 -15 -2 26 -3 -6 -22 -14
right_child=1 7 8 -5 11 6 10 -9 9 -11 14 -13 29 23 -16 -17 -18 -19 -20 -21 28 -23 -24 -25 -26 -27 -28 -29 -30 -31
leaf_value=-0.053608846484069661 0.013140040288261582 0.0055451586727729811 -0.0041336266083715429 0.0038324640675835419 -0.04485559561540875 0.013915758069353482 -0.020868407366545976 0.041459440825090302 -0.03170219263765689 0.0062054506328116281 0.0020259169890394614 -0.0070374537019084445 -0.03416818998191834 -0.026036755123279329 -0.0097744144894411338 -0.0096708295099320746 -0.041068661878549205 0.016745567918992531 -0.020150355523530217 0.021306359486305191 0.022222365665751653 -0.0034945033012651412 0.017163341140438732 -0.0086919014659689996 0.027459595752829653 0.027769277686448195 0.020617107934779624 -0.02911331997929828 0.034497945265675165 -0.016766438554303296
leaf_weight=1338.2594172358513 71.597574979066849 48.808875262737274 63.352925077080727 77.799030885100365 310.55114449560642 64.582408770918846 108.36883528530598 1909.0390942841768 157.86313913762569 51.859086602926254 81.59299710392952 53.973675966262817 71.124759346246719 74.368076771497726 92.838760077953339 70.287608593702316 354.58649337291718 49.48844413459301 64.598809421062469 142.90805606544018 111.01713028550148 49.964547902345657 60.725977465510368 48.662984356284142 216.61562359333038 154.10450682044029 78.857957378029823 114.57123072445393 540.48425608873367 48.729979857802391
leaf_count=5504 302 207 265 325 1285 272 453 8177 655 217 344 225 293 309 390 293 1460 208 269 605 472 210 257 203 918 657 335 475 2306 202
internal_value=0 0.031341 -0.0399848 -0.0441476 -0.0456625 0.0103485 0.00329034 0.0378491 -0.0124643 -0.0197035 -0.00587199 -0.0334924 -0.0499305 -0.0356722 0.00160821 -0.025606 -0.0512388 0.00564105 -0.0390385 0.0152782 0.0301027 0.0066507 0.00918765 -0.0203454 0.0244623 0.0230152 0.0156762 -0.0413796 0.0327737 -0.0289291
internal_weight=0 3731.51 2950.08 2557.23 2479.43 889.195 600.982 2842.31 392.851 280.01 343.527 666.726 1812.7 612.752 235.158 228.151 1692.85 112.841 489.721 257.455 933.273 114.547 142.319 123.031 288.213 281.771 127.667 425.122 651.501 119.855
internal_count=28093 15905 12188 10550 10225 3751 2531 12154 1638 1165 1444 2766 7459 2541 991 948 6964 473 2029 1087 3977 482 601 512 1220 1199 542 1760 2778 495
cat_boundaries=0 1
cat_threshold=1
is_linear=0
shrinkage=0.03


Tree=3
num_leaves=30
num_cat=1
split_feature=76 76 76 76 76 76 86 86 43 76 68 91 86 17 42 21 86 69 51 7 46 72 4 12 21 43 16 51 86
split_gain=9439.42 677.641 387.823 88.962 67.6196 39.0618 37.4208 33.5184 24.9616 23.8372 20.5416 19.1394 16.3161 13.2232 13.1108 10.704 9.28241 9.0441 8.01314 7.84397 7.06239 6.84932 6.26595 5.90934 4.42694 3.53589 1.40503 1.10103 0.472282
threshold=7.5000000000000009 5.5000000000000009 9.5000000000000018 6.5000000000000009 8.5000000000000018 10.500000000000002 0.28663000000000005 0.12200000000000001 1.0000000180025095e-35 3.5000000000000004 1.0000000180025095e-35 2.5000000000000004 0.31493000000000004 1.5000000000000002 0.47155000000000008 0.67948717948717963 0.23391000000000003 0.68915000000000015 0.40045000000000003 2139.0550000000003 1.0000000180025095e-35 0.30965000000000004 0 1.0000000180025095e-35 0.62019230769230782 1.0000000180025095e-35 262.50000000000006 0.0094500000000000018 0.24359
decision_type=2 2 2 2 2 2 2 2 8 2 2 2 2 2 2 2 2 2 2 2 8 2 1 2 2 8 2 2 2
left_child=1 6 4 10 8 25 9 -5 15 -1 -3 17 13 -12 18 16 -2 -9 19 26 28 -15 -10 -11 -23 -4 -13 -24 -6
right_child=2 3 5 7 20 -7 -8 11 22 23 12 14 -14 21 -16 -17 -18 -19 -20 -21 -22 24 27 -25 -26 -27 -28 -29 -30
leaf_value=-0.056405972494490295 -0.010599145778881455 -0.0065683509021779657 0.022233533317585024 -0.022830812675874671 0.010961202689830836 0.041371430773778334 -0.021587104718510771 0.013034149286370098 0.020334857155384953 -0.046543442523788427 -0.012517502638542965 -0.023105247613608864 -0.0096668866347627853 -0.015429327102140972 0.0047778068957207978 0.010528467904337729 0.0032153272719882657 -0.0030275731076388158 -0.00068626422268900896 -0.0042514621542570274 0.027371734905305652 -0.035877980252711564 0.012754072479589583 -0.029791378280674637 -0.023220228135446479 0.03284846071761692 -0.01144047597960351 0.0057981569004356571 0.019431604433464606
leaf_weight=533.91984391212463 77.876241073012352 52.028641417622566 142.21538908779621 106.97347661852837 63.107706740498543 2115.8768621981144 69.126227304339409 58.641826540231705 92.980260670185089 1347.9914742261171 56.471142411231995 58.341730013489723 53.751581102609634 49.766081929206848 48.528035521507263 54.876057475805283 80.140465065836906 52.673277318477631 48.75678962469101 55.29784169793129 306.54605481028557 285.54208163917065 49.10458579659462 89.719426706433296 120.13647599518299 369.10271437466145 55.215537592768669 84.478590935468674 99.788703739643097
leaf_count=2175 327 216 610 445 268 9163 285 247 395 5506 234 243 223 207 203 231 338 221 204 231 1311 1175 207 370 496 1585 230 357 425
internal_value=0 -0.0378375 0.0335085 -0.018642 0.0163634 0.0393554 -0.0480626 -0.00875578 0.00764742 -0.0488773 -0.0261323 -0.00428052 -0.0277864 -0.0294673 -0.00855888 0.000186024 -0.00381856 0.00581082 -0.0116122 -0.0145523 0.024193 -0.0312548 0.0143544 -0.045711 -0.0327783 0.0303792 -0.0188184 0.00906531 0.0169739
internal_weight=0 3142.88 3536.09 1102.12 908.899 2627.19 2040.76 484.429 439.456 1971.63 617.696 377.455 565.667 511.916 266.14 212.893 158.017 111.315 217.612 168.855 469.442 455.445 226.563 1437.71 405.679 511.318 113.557 133.583 162.896
internal_count=28128 12911 15217 4575 3859 11358 8336 2024 1855 8051 2551 1579 2335 2112 1111 896 665 468 908 704 2004 1878 959 5876 1671 2195 473 564 693
cat_boundaries=0 1
cat_threshold=1
is_linear=0
shrinkage=0.03


Tree=4
num_leaves=29
num_cat=0
split_feature=76 76 76 76 76 73 86 76 76 79 58 73 51 77 69 86 45 30 55 81 77 86 77 83 15 48 5 86
split_gain=9017.61 584.184 373.195 105.491 53.7729 40.1255 35.3431 29.8164 29.0105 26.4379 22.4513 17.3281 12.0883 12.0038 11.5112 10.2093 13.4671 8.74129 7.27473 7.23012 5.4196 4.11093 3.62472 3.48059 3.32132 3.20466 3.1031 1.32746
threshold=7.5000000000000009 5.5000000000000009 9.5000000000000018 6.5000000000000009 8.5000000000000018 1.0000000180025095e-35 0.30889000000000005 10.500000000000002 4.5000000000000009 5.5000000000000009 1.5000000000000002 1.0000000180025095e-35 0.43845000000000006 0.49086562500000003 0.46230000000000004 0.12200000000000001 0.12255000000000001 0.28895000000000004 1.0000000180025095e-35 0.4261166666666667 0.56079375000000009 0.16923000000000002 0.39824062500000007 0.42466000000000009 1.0000000180025095e-35 0.16755000000000003 2751.9700000000007 0.24005000000000001
decision_type=2 2 2 2 2 8 2 2 2 2 10 8 2 2 2 2 2 2 8 2 2 2 2 2 2 2 2 2
left_child=1 8 4 5 9 10 11 -4 -1 13 -3 15 23 18 -12 -5 17 -17 -2 -15 21 -6 -7 -10 -8 -18 -16 -20
right_child=2 3 7 6 20 22 24 -9 12 -11 14 -13 -14 19 26 16 25 -19 27 -21 -22 -23 -24 -25 -26 -27 -28 -29
leaf_value=-0.050075896272385172 0.0071253905611829071 -0.013738851758197604 0.030552701944905877 -0.023424857181533257 0.01260286322948637 -0.0023414115247452154 0.0010821969656879282 0.040614195416448708 -0.042372779942924578 -0.0064376138235879591 -0.014810810934473076 0.0025802427295456556 -0.019361577817791641 -0.0027101518205345462 -0.036893536123368903 -0.010876259089246209 -0.0098120298103738495 0.005068795472200063 0.01256207766953776 0.010188982304855746 0.011148236759855858 0.025978576174802977 -0.013744703371601297 -0.024204758747719209 0.011103830076667907 -0.023050913043798044 -0.019778023597539062 0.023542254567658676
leaf_weight=1227.4203996956348 74.361173361539841 82.290902435779572 503.7608275860548 96.382391095161438 52.878015294671059 49.61735175549984 64.456039249897003 2099.9077892750502 700.87228667736053 80.7713792771101 48.399606585502625 54.203501611948013 49.916321963071823 63.627983957529068 335.01426236331463 49.285292744636536 56.927770644426346 55.890538528561592 62.50842747092247 79.138129055500031 54.962247669696808 359.02540890872478 53.489617705345154 56.291997671127319 49.447381645441055 54.717962384223938 49.680717930197716 84.323279783129692
leaf_count=4975 314 340 2180 399 226 206 271 9202 2850 341 200 227 204 269 1372 205 237 233 263 335 236 1543 222 230 208 228 204 358
internal_value=0 -0.0368764 0.0330044 -0.0190117 0.016233 -0.0271353 -0.00823304 0.0387918 -0.0463933 0.00848168 -0.0305339 -0.0126803 -0.0402485 0.0118762 -0.033343 -0.0153195 -0.0108425 -0.00269863 0.0161447 0.00463901 0.0232842 0.0246009 -0.00894936 -0.0413552 0.0059778 -0.017662 -0.0352403 0.0199669
internal_weight=0 3134.3 3515.26 1099.8 911.596 618.492 481.311 2603.67 2034.5 444.73 515.385 367.407 807.081 363.959 433.095 313.204 216.822 105.176 221.193 142.766 466.866 411.903 103.107 757.164 113.903 111.646 384.695 146.832
internal_count=28078 12811 15267 4552 3885 2544 2008 11382 8259 1880 2116 1529 3284 1539 1776 1302 903 438 935 604 2005 1769 428 3080 479 465 1576 621
is_linear=0
shrinkage=0.03


Tree=5
num_leaves=30
num_cat=0
split_feature=76 76 76 76 76 86 76 91 12 55 76 91 86 80 43 86 60 34 91 33 5 83 77 28 83 46 36 77 13
split_gain=8542.37 531.98 338.531 102.4 68.5696 37.7028 33.594 29.2839 27.9863 19.9141 14.1624 12.9274 10.8639 9.9136 9.70201 9.20711 7.92283 6.68067 5.83822 5.14822 4.52812 4.68324 4.081 3.75797 2.14847 3.52745 1.91273 1.70269 0.270104
threshold=7.5000000000000009 5.5000000000000009 9.5000000000000018 6.5000000000000009 8.5000000000000018 0.30597000000000002 10.500000000000002 2.5000000000000004 1.0000000180025095e-35 1.0000000180025095e-35 3.5000000000000004 2.5000000000000004 0.29027000000000008 0.81666666666666676 1.0000000180025095e-35 0.21065000000000003 0.46320000000000006 1.0000000180025095e-35 2.5000000000000004 0.63155000000000017 1476.5150000000001 0.43423000000000006 0.41947812500000009 1.0000000180025095e-35 0.34859000000000001 1.0000000180025095e-35 0.43735000000000007 0.5812781250000002 1.0000000180025095e-35
decision_type=2 2 2 2 2 2 2 2 2 8 2 2 2 2 8 2 2 8 2 2 2 2 2 8 2 8 2 2 2
left_child=1 8 4 7 9 11 27 13 10 15 -1 -5 -12 -3 26 -2 -9 -17 -7 23 22 -22 -13 -16 -6 -26 -11 -4 -18
right_child=2 3 6 5 24 18 -8 16 -10 14 12 20 -14 -15 19 17 28 -19 -20 -21 21 -23 -24 -25 25 -27 -28 -29 -30
leaf_value=-0.05210366547708515 -0.0089726492103911586 -0.0043988381031004704 0.031388636024353267 -0.0020318291856662226 0.0143652368576037 0.013315876448945354 0.039944015138310349 -0.016441570576703968 -0.025875884105071679 2.072483994195592e-05 -0.043490660702820136 -0.0090893546747678154 -0.021524761816805502 -0.020180944235636697 0.0057846557694580247 -0.0035036378443808434 -0.033756585004491087 0.010166426220139555 0.00044607377891659822 0.024767492033965697 -0.0144214612976963 -0.0019537141277188074 -0.022330287478745221 0.017528950075440482 0.01899473983734247 0.028641150632534338 0.0081274088878316095 0.021079972797843936 -0.020820957175550714
leaf_weight=530.91551172733307 58.912497028708458 68.502096742391586 382.29911129176617 82.824329510331154 63.245683595538139 47.792742893099785 2059.6827826201916 67.028604477643967 112.5746838748455 47.731247141957283 1357.999537229538 49.889576748013496 50.640678375959396 85.514897465705872 68.991513565182686 48.072026640176773 338.66469271481037 67.820075631141663 71.928022786974907 53.737352147698402 63.719808995723724 48.545508444309235 116.43175800144672 48.502811387181282 156.91683866083622 254.8825636357069 48.192745342850685 114.63134382665157 65.429383143782616
leaf_count=2138 248 283 1668 347 274 202 9138 276 459 201 5486 206 207 352 293 203 1382 288 302 230 264 202 482 206 674 1105 203 501 268
internal_value=0 -0.035653 0.0324164 -0.01864 0.0165197 -0.00799712 0.0380316 -0.0265762 -0.0446897 0.00775413 -0.0456433 -0.0127453 -0.0428583 -0.0138577 0.0127553 -0.000165791 -0.0303596 0.00466819 0.00621417 0.0168902 -0.0157497 -0.00963093 -0.0190993 0.0116274 0.0243468 0.0255028 0.00447635 0.0294734 -0.0322155
internal_weight=0 3158.4 3473.62 1106.27 917.005 481.132 2556.61 625.14 2052.13 441.96 1939.56 361.411 1408.64 154.017 267.156 174.805 471.123 115.892 119.721 171.232 278.587 112.265 166.321 117.494 475.045 411.799 95.924 496.93 404.094
internal_count=28088 12856 15232 4566 3925 2005 11307 2561 8290 1872 7831 1501 5693 635 1133 739 1926 491 504 729 1154 466 688 499 2053 1779 404 2169 1650
is_linear=0
shrinkage=0.03


Tree=6
num_leaves=31
num_cat=0
split_feature=77 77 43 42 77 83 51 83 83 86 46 14 49 14 86 48 61 14 14 37 18 31 27 31 83 37 27 36 81 49
split_gain=7392.56 461.667 352.119 124.588 89.5998 87.4809 72.0919 71.852 60.172 44.2189 43.325 32.0083 26.3207 24.156 19.9797 19.5699 17.5636 17.3414 15.8449 12.5499 12.0623 12.4522 11.7668 11.2656 10.4751 10.4265 9.59003 9.2872 7.43669 7.12888
threshold=0.46924062500000013 0.39152812500000006 1.0000000180025095e-35 0.60015000000000007 0.52333437500000013 0.43989000000000006 0.48725000000000007 0.59131000000000011 0.40365000000000012 0.31221000000000004 1.0000000180025095e-35 1.0000000180025095e-35 1.0000000180025095e-35 1.0000000180025095e-35 0.14447000000000002 0.63205000000000011 2.5000000000000004 1.0000000180025095e-35 1.0000000180025095e-35 1.0000000180025095e-35 1.0000000180025095e-35 1.0000000180025095e-35 0.28245000000000003 1.0000000180025095e-35 0.36615000000000003 1.0000000180025095e-35 0.49225000000000008 0.49285000000000007 0.50972666666666677 1.0000000180025095e-35
decision_type=2 2 8 2 2 2 2 2 2 2 8 2 8 2 2 2 10 2 2 8 2 10 2 8 2 8 2 2 2 8
left_child=1 6 7 5 10 9 8 12 11 13 -4 15 28 27 26 20 -16 19 25 -6 -1 -22 -5 -10 -12 -14 -7 -3 -2 -9
right_child=2 3 4 22 17 14 -8 29 23 -11 24 -13 18 -15 16 -17 -18 -19 -20 -21 21 -23 -24 -25 -26 -27 -28 -29 -30 -31
leaf_value=-0.050407346108720143 -0.018669660418705006 -0.034508356611454044 -0.00048581155805973731 3.4893902419981494e-05 0.019077500411304297 -0.022106157956720562 -0.0051620259997618521 0.0096651838078005373 -0.026380941799692997 -0.0040204203001919844 0.01427551466282514 -0.025963584047526005 -0.01107564286115818 -0.014607982217918165 -0.0056908405037529525 -0.020820921184985519 0.0142818681627555 0.039255672092719858 0.013026735613123742 0.033793444446329965 -0.042473819245850274 -0.022177922578758089 0.017260955265367875 -0.0071012611358925353 0.029415512128827214 0.0062229631147038035 -0.0050154074878363446 -0.019008004618450054 -0.002233221440423793 0.023039599405763264
leaf_weight=582.32620741426945 49.744907706975937 376.00769378244877 68.928341150283813 62.185143649578094 122.16798783838749 59.863654613494873 53.32291205227375 66.081593826413155 86.525875389575958 75.894050970673561 88.414834812283516 144.82637263834476 50.483063638210297 113.79545511305332 101.7892480045557 56.913370624184608 51.510781839489937 1926.8006369620562 126.52400666475296 305.02060277760029 1109.4303970336914 63.322826042771339 73.885989159345627 51.383419290184975 220.91301085054874 55.792893290519714 64.460554391145706 85.82068108022213 47.588016822934151 252.64522108435631
leaf_count=2340 208 1530 294 262 540 247 218 285 351 316 381 586 213 470 424 231 216 8637 545 1361 4468 257 313 210 960 238 269 352 201 1108
internal_value=0 -0.0326604 0.0307914 -0.0162951 0.0355025 -0.0202005 -0.0406628 0.0107163 -0.0415377 -0.0261453 0.0210145 -0.0429339 0.000805497 -0.0289439 -0.00582549 -0.0441404 0.00148386 0.0377318 0.00625206 0.0301176 -0.0447743 -0.0415747 0.0099299 -0.0201633 0.0256706 -0.00224003 -0.0142779 -0.0320919 -0.0115903 0.0206451
internal_weight=0 3213.26 3381.11 1065.21 2732.25 929.142 2148.05 648.86 2094.73 651.518 378.256 1956.82 330.133 575.624 277.624 1811.99 153.3 2353.99 232.8 427.189 1755.08 1172.75 136.071 137.909 309.328 106.276 124.324 461.828 97.3329 318.727
internal_count=28031 13060 14971 4399 12173 3824 8661 2798 8443 2668 1635 7882 1405 2352 1156 7296 640 10538 996 1901 7065 4725 575 561 1341 451 516 1882 409 1393
is_linear=0
shrinkage=0.03


Tree=7
num_leaves=31
num_cat=0
split_feature=76 76 76 76 76 76 91 72 21 43 86 83 57 42 21 79 21 66 86 79 66 77 39 42 15 43 13 43 77 77
split_gain=7685.29 508.786 300.208 101.571 53.4555 35.8485 30.9052 29.1405 25.9696 21.6834 21.1909 20.2072 17.7988 10.4462 10.171 12.49 9.36249 8.81435 8.33769 7.5688 6.83883 6.77948 6.50139 5.33974 4.73782 3.33972 3.09615 2.96551 2.43278 0.859294
threshold=7.5000000000000009 5.5000000000000009 9.5000000000000018 6.5000000000000009 8.5000000000000018 10.500000000000002 2.5000000000000004 0.6009500000000001 0.62019230769230782 1.0000000180025095e-35 0.2791900000000001 0.43707000000000001 0.61285000000000012 0.48025000000000007 0.67948717948717963 4.5000000000000009 0.62019230769230782 0.21255000000000004 0.19997000000000001 4.5000000000000009 0.60845000000000016 0.53558750000000022 0.69085000000000008 0.16165000000000004 1.0000000180025095e-35 1.0000000180025095e-35 1.0000000180025095e-35 1.0000000180025095e-35 0.49086562500000003 0.57961875000000018
decision_type=2 2 2 2 2 2 2 2 2 8 2 2 2 2 2 2 2 2 2 2 2 2 2 2 2 8 2 8 2 2
left_child=1 8 4 7 9 27 17 23 11 14 19 13 -9 22 15 28 26 -5 -11 20 -8 -6 -1 -3 -20 -7 -14 29 -2 -4
right_child=2 3 5 6 21 25 10 12 -10 18 -12 -13 16 -15 -16 -17 -18 -19 24 -21 -22 -23 -24 -25 -26 -27 -28 -29 -30 -31
leaf_value=-0.045684384228894488 0.0074937660947209921 -0.0012302761334034365 0.023254311881716828 -0.0013615124132112175 0.026356095926507204 0.024998801107053478 -0.0038904334921293451 -0.0090991547164954133 -0.031899965857783125 0.0037996920863527942 0.0016435571039717116 -0.021694063703409327 -0.034896014229368215 -0.023378670604685795 0.01123610522220885 -0.012998869315719162 -0.019685153641361808 0.013564544397228658 0.010738501081681477 -0.021731905767543417 -0.016162787110684081 0.015890193999518933 -0.025044743745885507 -0.014752384644076865 0.023115595979583008 0.039117911704338586 -0.019915910434696968 0.030294361037006057 -0.0012180520053034331 0.011982095896004373
leaf_weight=1564.4698988646269 53.694952294230461 49.9999740421772 86.828963115811348 69.377495139837265 304.43677839636803 83.990040466189384 92.380454897880554 54.36627271771431 331.94355776906013 55.884942635893822 91.334075719118118 64.308622315526009 266.88527585566044 53.927240088582039 57.448476940393448 54.407781034708023 132.54450292885303 59.752118781208992 84.89571014046669 94.074135452508926 77.803387746214867 146.56372047960758 53.794077038764954 50.469192296266556 85.624990627169609 1947.7207776010036 64.310708284378052 355.82223069667816 48.305641949176788 48.524719700217247
leaf_count=6277 226 206 383 291 1332 380 382 222 1334 237 383 260 1081 217 243 229 539 252 364 387 320 641 216 208 368 8868 262 1585 204 214
internal_value=0 -0.0333513 0.0314089 -0.016684 0.0161794 0.0367039 -0.00621471 -0.0246585 -0.0421185 0.00845448 -0.0107022 -0.043878 -0.0275207 -0.0445971 0.00146042 -0.00258961 -0.0294426 0.00602375 0.0147197 -0.0148735 -0.0100867 0.0233734 -0.0451563 -0.00874345 0.0178897 0.0386595 -0.0326562 0.0280047 0.00362762 0.0203155
internal_weight=0 3171.74 3414.15 1103.3 891.263 2522.89 484.722 618.576 2068.44 440.262 355.592 1736.5 518.107 1672.19 213.857 156.408 463.74 129.13 226.406 264.258 170.184 451 1618.26 100.469 170.521 2031.71 331.196 491.176 102.001 135.354
internal_count=28111 12837 15274 4533 3844 11430 2015 2518 8304 1871 1472 6970 2104 6710 902 659 1882 543 969 1089 702 1973 6493 414 732 9248 1343 2182 430 597
is_linear=0
shrinkage=0.03


Tree=8
num_leaves=31
num_cat=0
split_feature=76 76 76 76 76 86 76 88 72 76 64 72 77 21 69 86 74 72 86 55 77 21 64 40 33 66 12 86 12 12
split_gain=7290.95 466.176 292.245 71.8812 47.2392 31.2711 26.9465 25.8324 22.9345 21.7186 14.7426 14.6467 14.2154 13.6337 11.9062 11.5368 9.99286 9.83681 8.54001 8.22667 8.17004 6.49879 4.42932 4.36229 3.79324 3.59061 2.4045 1.77401 2.30192 0.944048
threshold=7.5000000000000009 5.5000000000000009 9.5000000000000018 6.5000000000000009 8.5000000000000018 0.30597000000000002 4.5000000000000009 2.5000000000000004 0.60445000000000015 10.500000000000002 1.0000000180025095e-35 1.0000000180025095e-35 0.49086562500000003 0.71008403361344552 0.37290000000000006 0.23391000000000003 13.500000000000002 0.6079500000000001 0.24957000000000004 1.0000000180025095e-35 0.56079375000000009 0.69615384615384623 1.0000000180025095e-35 1.0000000180025095e-35 0.28995000000000004 0.29675000000000007 1.0000000180025095e-35 0.26972000000000007 1.0000000180025095e-35 1.0000000180025095e-35
decision_type=2 2 2 2 2 2 2 2 2 2 8 2 2 2 2 2 2 2 2 8 2 2 10 8 2 2 2 2 2 2
left_child=1 6 4 7 12 10 13 -3 -9 -4 17 -8 19 -1 -10 -14 -7 -5 26 -2 27 25 -16 -17 -21 -19 -13 -6 -29 -26
right_child=2 3 9 5 20 16 11 8 14 -11 -12 18 15 -15 22 23 -18 21 -20 24 -22 -23 -24 -25 29 -27 -28 28 -30 -31
leaf_value=-0.045234102910448812 0.0043550654600625948 -0.0021560125771241047 0.028716852914348522 -0.0021292282166532634 0.017840234954554016 0.012663075684264787 -0.017353997446730857 -0.010145637298390891 -0.011060957018393739 0.037784637560678555 0.0010201857917211793 -0.038562497918507424 -0.0087877060810043466 -0.025552482473928783 -0.031181717208531586 0.001265953184648554 -0.0037215947340176699 -0.011235192310033761 -0.019681162082820496 0.0093505143593799675 0.0089222260575381705 -0.0067854500547595486 -0.018015813441126571 0.012006141589105108 0.012449936791744717 -0.023184660619804294 -0.021626436445376609 0.019168083254115415 0.030391842372809428 0.025186870999727877
leaf_weight=1157.3365222364664 80.259704858064651 50.959225490689278 483.33135525882244 51.320840761065483 138.63034112751484 64.458497658371925 66.123168975114822 97.331743136048317 52.592391699552536 1995.1583593338728 64.711160346865654 658.94881908595562 53.072535112500191 77.879910603165627 354.74169939756393 71.451836064457893 54.393307402729988 67.065141454339027 60.884140893816948 73.312038987874985 52.058795675635338 59.864776477217674 78.59237539768219 59.966374889016151 47.783163607120514 120.98294933140278 51.468324139714241 113.1448667794466 153.36128021776676 49.688514977693558
leaf_count=4633 340 208 2166 214 607 273 266 400 215 9207 268 2641 224 312 1433 305 229 277 246 312 228 247 319 256 205 497 208 501 678 213
internal_value=0 -0.0323474 0.0308307 -0.0165125 0.0158567 -0.00756462 -0.0407611 -0.023101 -0.0248637 0.0361388 -0.0118495 -0.0352147 0.00849259 -0.0442084 -0.0275478 0.00199947 0.00545765 -0.0145756 -0.0365042 0.013005 0.02254 -0.0169697 -0.0292541 0.00666916 0.0166042 -0.0197055 -0.0376527 0.0240328 0.0264924 0.0206823
internal_weight=0 3189.65 3371.22 1117.01 892.729 482.797 2072.64 634.217 583.258 2478.49 363.945 837.424 435.534 1235.22 485.926 184.491 118.852 299.234 771.301 251.043 457.195 247.913 433.334 131.418 170.784 188.048 710.417 405.136 266.506 97.4717
internal_count=28128 12886 15242 4580 3869 2005 8306 2575 2367 11373 1503 3361 1855 4945 1967 785 502 1235 3095 1070 2014 1021 1752 561 730 774 2849 1786 1179 418
is_linear=0
shrinkage=0.03


Tree=9
num_leaves=31
num_cat=1
split_feature=76 76 76 76 76 76 92 92 51 63 21 58 79 92 49 63 30 4 43 43 80 58 30 54 21 57 79 45 86 30
split_gain=6849.59 442.918 308.529 74.9165 46.9326 31.2176 28.3292 28.2274 23.8719 21.357 18.213 15.5126 14.9273 12.8221 12.8036 9.93001 8.96169 8.26447 7.942 6.83582 6.09925 5.8243 4.09796 3.7045 3.69553 3.3038 2.75281 2.2809 1.84133 0.683197
threshold=7.5000000000000009 5.5000000000000009 9.5000000000000018 6.5000000000000009 8.5000000000000018 11.500000000000002 0.51505000000000012 0.48048333333333337 0.47785000000000005 0.60155000000000014 0.57738095238095244 1.5000000000000002 5.5000000000000009 0.66991666666666683 1.0000000180025095e-35 0.60365000000000013 0.62725000000000009 0 1.0000000180025095e-35 1.0000000180025095e-35 0.81666666666666676 5.5000000000000009 0.61435000000000006 0.011150000000000002 0.62019230769230782 0.76685000000000014 5.5000000000000009 0.60155000000000014 0.19269000000000006 0.35215000000000007
decision_type=2 2 2 2 2 2 2 2 2 2 2 10 2 2 8 2 2 1 8 8 2 8 2 2 2 2 2 2 2 2
left_child=1 8 4 6 12 18 20 22 10 -9 16 -8 14 21 19 -13 27 -16 -4 -2 -3 29 -5 -19 -17 -15 -6 -1 -12 -11
right_child=2 3 5 7 26 -7 11 9 -10 13 28 15 -14 25 17 24 -18 23 -20 -21 -22 -23 -24 -25 -26 -27 -28 -29 -30 -31
leaf_value=-0.04350943877369487 -0.0054103765773731299 -0.0028055668814763895 0.022323905757000027 0.00049790165465511856 0.02265405585062235 0.038687626823244711 -0.011815353508735912 0.0023360911334689288 -0.015512101770523824 -0.014649649889432848 -0.033743074170587695 -0.015496905246691462 -0.0038029009701017308 -0.012254579443073454 0.019321515101285245 -0.034411410210250321 -0.02600879230064217 0.011523788329895897 0.032189888688582177 0.0078603018320256863 -0.015335344415267658 4.7209391916384709e-05 0.01192724045548977 0.00080200069401932636 -0.021099864047461222 -0.025993970575372852 0.01271098413248622 -0.027393267331364473 -0.018781208166288598 -0.0069368177391286971
leaf_weight=1428.8907904028893 55.484452098608017 64.910492911934853 202.05717132985592 56.406598567962646 377.74561853706837 1454.8017235547304 77.01438096165657 84.857681691646576 52.477189764380455 54.563831433653831 369.38865917921066 75.104924544692039 82.312083467841148 59.232161492109299 119.37188740074635 233.04247909784317 85.763122394680977 63.057349011301994 788.69329279661179 65.701081663370132 82.411438480019569 55.027068316936493 48.419096782803535 50.746821209788322 93.520286351442337 73.891548901796341 75.447236299514771 72.853194013237953 51.845719918608665 52.707312002778053
leaf_count=5719 233 266 914 238 1675 6815 314 353 211 226 1479 304 349 243 513 938 344 269 3641 283 336 228 204 216 378 303 334 292 208 218
internal_value=0 -0.0315101 0.0299704 -0.0160354 0.0146134 0.0354761 -0.0228332 -0.00697913 -0.0397341 -0.0107237 -0.0402869 -0.0263866 0.00734308 -0.0144287 0.00996542 -0.0288256 -0.0421692 0.0139417 0.030421 0.00183509 -0.0103439 -0.00799635 0.00635609 0.00719375 -0.0313395 -0.0211641 0.0213089 -0.042914 -0.0323798 -0.0117747
internal_weight=0 3172.33 3335.42 1111.11 889.867 2445.55 626.004 485.105 2061.22 380.28 2008.74 478.682 436.674 295.422 354.362 401.668 1587.51 233.176 990.75 121.186 147.322 162.298 104.826 113.804 326.563 133.124 453.193 1501.74 421.234 107.271
internal_count=28044 12802 15242 4549 3872 11370 2536 2013 8253 1571 8042 1934 1863 1218 1514 1620 6355 998 4555 516 602 672 442 485 1316 546 2009 6011 1687 444
cat_boundaries=0 1
cat_threshold=1
is_linear=0
shrinkage=0.03


Tree=10
num_leaves=30
num_cat=1
split_feature=76 76 76 76 51 43 88 73 76 79 76 45 46 46 48 17 18 36 33 28 77 31 49 77 63 13 4 43 39
split_gain=6451.97 374.558 278.707 90.6521 59.2449 50.214 36.1397 32.2817 32.0885 25.7042 18.0949 16.1165 16.0855 12.2983 8.28344 8.08876 5.98429 5.93567 5.8368 5.77839 5.64568 3.74411 3.55185 2.95134 2.63608 2.21894 1.81964 1.55146 0.268011
threshold=7.5000000000000009 5.5000000000000009 8.5000000000000018 10.500000000000002 0.61190000000000011 1.0000000180025095e-35 2.5000000000000004 1.0000000180025095e-35 3.5000000000000004 5.5000000000000009 6.5000000000000009 0.63085000000000013 1.0000000180025095e-35 1.0000000180025095e-35 0.49955000000000005 1.5000000000000002 2.5000000000000004 0.69385000000000008 0.32465000000000005 1.0000000180025095e-35 0.478228125 1.0000000180025095e-35 1.0000000180025095e-35 0.56671250000000017 0.64965000000000017 1.0000000180025095e-35 0 1.0000000180025095e-35 0.0041500000000000009
decision_type=2 2 2 2 2 10 2 8 2 2 2 2 8 8 2 2 2 2 2 8 2 8 8 2 2 2 1 8 2
left_child=1 8 9 13 5 6 -3 10 -1 12 15 14 20 25 17 -8 -9 -10 -12 -20 -2 23 -14 -15 -17 -4 -24 -5 -26
right_child=2 4 3 27 -6 -7 7 16 11 -11 18 -13 22 21 -16 24 -18 -19 19 -21 -22 -23 26 -25 28 -27 -28 -29 -30
leaf_value=-0.04539930093044562 0.0093499892836838884 8.7664265377969186e-05 0.010507055132996749 0.024217391389129768 0.0076487650906742538 0.0071368481237832236 -0.0130203417511044 -0.012176606539862604 -0.037059673812060413 -0.0076426204047380202 -0.021990788955878107 -0.01712899443793436 0.0084444853855679663 0.023847005800904247 -0.018158952200592916 -0.020378750169955342 0.00029259527080132146 -0.022146236901721759 -0.016189627385167341 -0.0040577186250181961 -0.0023100985576402196 0.02983359751736377 0.023409171651962008 0.011943126322587268 -0.019261277012598204 0.019786698191764315 0.012285486057797045 0.037041473957031328 -0.033469754764214592
leaf_weight=544.39627042412758 50.397285789251328 75.694040194153786 70.703058883547783 84.114945709705353 81.432719364762306 61.60336472094059 53.617854937911034 76.234650105237961 1322.2247981578112 81.220953658223152 133.8610323369503 70.562688946723938 78.074178859591484 182.33022996783257 53.594095066189766 103.68913081288338 57.12884122133255 78.656233087182045 98.588648900389671 65.097793459892273 90.382193490862846 395.92046354711056 59.659872651100159 58.104389935731888 51.189197704195976 212.01065966486931 77.608278021216393 1845.1290638893843 253.18264156579971
leaf_count=2180 215 311 315 393 341 255 218 315 5292 344 549 283 334 826 215 418 237 315 406 269 385 1799 259 265 206 948 332 8766 1018
internal_value=0 -0.0304663 0.029382 0.0327979 -0.0162053 -0.0181468 -0.0198119 -0.0214817 -0.0380099 0.00689937 -0.0238665 -0.0350936 0.0103341 0.0244877 -0.0358422 -0.0278418 -0.00718735 -0.0363852 -0.0169936 -0.0118762 0.00220734 0.0270903 0.0153133 0.021562 -0.0294313 0.0179042 0.0183814 0.0366101 -0.0317689
internal_weight=0 3180.75 3285.66 2848.31 1111.32 1029.89 968.284 892.59 2069.43 437.343 759.226 1525.04 356.122 919.069 1454.48 461.679 133.363 1400.88 297.547 163.686 140.779 636.355 215.342 240.435 408.061 282.714 137.268 1929.24 304.372
internal_count=28009 12828 15181 13312 4543 4202 3947 3636 8285 1869 3084 6105 1525 4153 5822 1860 552 5607 1224 675 600 2890 925 1091 1642 1263 591 9159 1224
cat_boundaries=0 1
cat_threshold=1
is_linear=0
shrinkage=0.03


Tree=11
num_leaves=31
num_cat=0
split_feature=76 76 76 76 76 43 76 92 92 92 82 63 92 72 30 43 76 63 58 79 55 16 16 48 27 21 79 55 5 61
split_gain=6115.55 403.784 281.579 60.8956 54.0016 34.2425 28.8959 26.5496 25.3733 22.2611 19.4735 17.5958 16.5799 13.5134 11.7587 11.0044 10.4202 9.1229 8.69158 6.69734 6.60027 5.61998 5.43829 7.4659 4.16393 3.7116 3.67284 3.59969 3.13837 2.68275
threshold=7.5000000000000009 5.5000000000000009 9.5000000000000018 6.5000000000000009 8.5000000000000018 1.0000000180025095e-35 4.5000000000000009 0.67816666666666681 0.43501666666666672 0.47265000000000007 4.5000000000000009 0.64965000000000017 0.61615000000000009 0.64235000000000009 0.60675000000000012 1.0000000180025095e-35 10.500000000000002 0.64155000000000006 1.5000000000000002 3.5000000000000004 1.0000000180025095e-35 305.50000000000006 458.50000000000006 0.28465000000000007 0.36075000000000007 0.62019230769230782 3.5000000000000004 1.0000000180025095e-35 2113.3150000000005 4.5000000000000009
decision_type=2 2 2 2 2 8 2 2 2 2 2 2 2 2 2 8 2 2 10 2 8 2 2 2 2 2 2 8 2 8
left_child=1 6 4 8 9 -4 25 13 -3 -2 20 -10 -6 21 28 26 -7 -9 -13 -14 -11 -5 23 -15 -17 -1 -12 -21 -8 -20
right_child=2 3 5 7 12 16 14 17 11 10 15 18 19 22 -16 24 -18 -19 29 27 -22 -23 -24 -25 -26 -27 -28 -29 -30 -31
leaf_value=-0.042080515568027207 0.019245282125950041 -0.0051472829968089336 0.020938301575519378 8.3843550532894991e-05 0.027314812088894202 0.027967382252081403 -0.034689832661947459 -0.0041408423160923663 -0.013603418590328056 0.0026217697646317988 -0.0026767396244644828 -0.012296167001972124 0.019473539967402521 -0.013453615702288205 -0.016815205877819449 -0.002315768818432064 0.036608637246132274 -0.019925429010249646 -0.030806401590655088 0.0013986818792090432 0.015867865216245943 0.013041871841680786 0.002531212736588774 -0.00013353581338828359 0.0092153287131769429 -0.030260717147419406 -0.014059261448514535 0.012312535119640344 -0.023572928508919091 -0.01703990509271841
leaf_weight=1076.9609955400229 84.480204820632935 86.426538392901421 214.27894532680511 58.850046589970589 222.32241220772266 338.20197394490242 639.15589055418968 52.148621737957001 160.51273426413536 60.525705933570862 50.314338505268097 54.1597870439291 113.86960858106613 92.002883180975914 75.377664998173714 47.021680667996407 1820.5029276758432 122.82959379255772 271.19899433851242 48.663129583001137 83.044636160135269 51.991222977638245 48.300104796886444 60.557096853852272 50.054056897759438 153.92964448034763 57.386143177747726 61.154940187931061 123.85994198918343 59.277000620961189
leaf_count=4317 366 354 988 247 1004 1568 2559 215 649 258 213 220 511 381 302 202 8780 501 1089 217 358 218 200 252 215 616 241 274 496 239
internal_value=0 -0.0295798 0.0288044 -0.0148654 0.0140727 0.0341784 -0.0374219 -0.00669232 -0.0209609 0.00630527 0.00271761 -0.0233301 0.0213069 -0.00130526 -0.0319548 -0.0032009 0.03539 -0.0156993 -0.0269416 0.0144224 0.010818 0.00673821 -0.00585298 -0.00849981 0.00393524 -0.0408582 -0.00942091 0.0079967 -0.0332135 -0.0289101
internal_weight=0 3187.54 3251.82 1118.25 878.837 2372.98 2069.28 486.68 631.575 432.827 348.347 545.149 446.01 311.701 838.393 204.776 2158.7 174.978 384.636 223.688 143.57 110.841 200.86 152.56 97.0757 1230.89 107.7 109.818 763.016 330.476
internal_count=28050 12855 15195 4565 3859 11336 8290 2014 2551 1853 1487 2197 2006 1298 3357 871 10348 716 1548 1002 616 465 833 633 417 4933 454 491 3055 1328
is_linear=0
shrinkage=0.03


Tree=12
num_leaves=31
num_cat=3
split_feature=12 4 46 55 4 46 37 30 46 39 54 3 36 49 39 30 40 37 45 48 48 48 37 55 31 37 66 36 48 30
split_gain=3532.82 892.404 325.794 298.607 255.614 206.825 178.084 104.622 86.1911 68.797 48.4146 47.0912 44.0347 40.0984 38.9648 31.8363 31.2639 25.0402 20.4237 19.2751 18.7747 18.7177 18.6019 14.1695 9.94243 9.77319 8.73314 7.84489 7.48342 6.74619
threshold=1.0000000180025095e-35 0 1.0000000180025095e-35 1.0000000180025095e-35 1 1.0000000180025095e-35 1.0000000180025095e-35 0.60305000000000009 1.0000000180025095e-35 0.60365000000000013 0.42185000000000006 2 0.62025000000000008 1.0000000180025095e-35 0.69760000000000011 0.64685000000000015 1.0000000180025095e-35 1.0000000180025095e-35 0.42065000000000002 0.60855000000000015 0.46905000000000002 0.49425000000000002 1.0000000180025095e-35 1.0000000180025095e-35 1.0000000180025095e-35 1.0000000180025095e-35 0.44115000000000004 0.64375000000000016 0.18145000000000003 0.49545000000000006
decision_type=2 1 10 10 1 10 10 2 10 2 2 1 2 8 2 2 8 8 2 2 2 2 8 8 8 8 2 2 2 2
left_child=1 5 4 6 13 7 8 12 14 10 15 26 20 17 19 27 -10 -2 -13 -3 -1 24 -9 -15 -7 -11 -8 -6 -5 -19
right_child=2 3 -4 28 9 21 11 22 16 25 -12 18 -14 23 -16 -17 -18 29 -20 -21 -22 -23 -24 -25 -26 -27 -28 -29 -30 -31
leaf_value=-0.024115371121362011 -0.0053896676883208429 -0.03858376495463671 0.034273657197100113 0.0045559864958397995 -0.024280731541183882 0.0057426439777858943 -0.0018129290364611059 -0.00036712177540588011 -0.022489237026284362 0.0026323350826373266 0.014959981177859245 -0.022422192870220351 0.0035645225211917066 0.019508923372376794 -0.019579514658916868 9.7332692107208996e-05 0.0024049749642991837 0.0063274736336990196 -0.00042182457327134403 -0.020592182815090097 -0.0031612177169540985 0.032664569365786864 0.017984142537215555 0.030451354062092834 0.021836249306776089 0.017252839487804279 0.014763919930188368 -0.0081462426950120719 0.018720473683292337 0.022435970033098378
leaf_weight=222.02912069857121 57.465080961585045 1725.7807057350874 1464.6648857742548 71.643672123551369 159.08221776783466 64.701161667704582 52.528611272573471 76.168066054582596 131.2114349603653 68.628178849816322 49.996683612465858 186.11887168884277 86.76620914041996 247.68317879736423 148.56743530929089 90.528606906533241 64.282342970371246 45.62128934264183 47.577933147549629 93.240658268332481 50.096110016107559 152.09714551270008 131.02988021075726 458.84385219216347 97.181401267647743 110.9712987691164 48.089460447430611 48.415894344449043 71.337336212396622 79.935559213161469
leaf_count=900 249 6931 7072 312 645 289 223 327 536 292 221 754 374 1130 604 386 274 201 203 378 211 732 593 2167 457 499 211 203 322 370
internal_value=0 -0.020353 0.0243694 -0.0290462 0.0139649 0.0057618 -0.0314582 -0.00509618 -0.0346055 -0.00256667 -0.0102618 -0.0106804 -0.0147483 0.0236898 -0.0365109 -0.0148413 -0.0145848 0.0103932 -0.0174291 -0.0377792 -0.0205067 0.0248912 0.0115317 0.0269411 0.0161123 0.0120996 0.00617045 -0.0210637 0.0123848 0.0174815
internal_weight=0 3520.45 2881.84 2640.38 1417.17 880.069 2497.4 566.089 2163.08 527.623 348.023 334.315 358.891 889.549 1967.59 298.027 195.494 183.022 233.697 1819.02 272.125 313.98 207.198 706.527 161.883 179.599 100.618 207.498 142.981 125.557
internal_count=28066 14631 13435 10748 6363 3883 10114 2405 8723 2246 1455 1391 1485 4117 7913 1234 810 820 957 7309 1111 1478 920 3297 746 791 434 848 634 571
cat_boundaries=0 1 2 3
cat_threshold=1 1 1
is_linear=0
shrinkage=0.03


Tree=13
num_leaves=31
num_cat=0
split_feature=76 76 76 76 76 76 72 76 63 86 79 69 79 69 72 79 57 77 86 48 21 51 46 21 72 77 46 42 77 81
split_gain=5531.24 334.658 277.951 49.4704 41.6225 36.1906 24.8512 24.0756 21.1748 20.9947 19.897 16.6453 16.3298 12.6337 11.8802 11.3708 11.058 10.6699 9.22497 8.53087 8.37432 6.04593 5.3343 5.13881 5.04591 4.94314 4.15927 3.73908 3.71043 3.63803
threshold=7.5000000000000009 5.5000000000000009 9.5000000000000018 6.5000000000000009 8.5000000000000018 10.500000000000002 0.6009500000000001 4.5000000000000009 0.60365000000000013 0.12200000000000001 5.5000000000000009 1.0000000180025095e-35 2.5000000000000004 0.60255000000000014 1.0000000180025095e-35 4.5000000000000009 0.64275000000000015 0.56079375000000009 0.23695000000000002 0.0052500000000000003 0.62019230769230782 0.17745000000000002 1.0000000180025095e-35 0.62019230769230782 0.68465000000000009 0.49086562500000003 1.0000000180025095e-35 0.15245000000000003 0.5552156250000001 0.44009833333333342
decision_type=2 2 2 2 2 2 2 2 2 2 2 2 2 2 2 2 2 2 2 2 2 2 8 2 2 2 8 2 2 2
left_child=1 7 4 6 10 28 27 23 -8 -5 18 -9 -11 -14 -13 24 -10 22 19 -2 -18 -17 -6 -1 -15 -20 -26 -3 -4 -27
right_child=2 3 5 9 17 -7 8 11 16 12 -12 14 13 15 -16 21 20 -19 25 -21 -22 -23 -24 -25 26 29 -28 -29 -30 -31
leaf_value=-0.039731101347975348 0.010717119737559146 0.00032944866653318588 0.028474272030290591 -0.018129977513546718 0.014043320459351187 0.03528732040972566 -0.0099499069007270222 -0.013803210026714113 -0.012097269272415915 0.0096318743496049339 -0.0067914421359460461 -0.015290759074989519 0.0068119788525188409 0.0038368916193882736 -0.032907698947051332 -0.0070341424800171573 -0.031742832321704155 0.0055823315848187423 0.017149765351112286 -0.0035594105666410703 -0.017867044215922986 -0.022716325432234338 0.024095985753492619 -0.027987361302202075 -0.012393582308340761 0.00059134460253102469 -0.00064898202279241996 -0.010783008552841028 0.019711018434330686 0.011727661095549348
leaf_weight=1074.5591257214546 57.157418861985207 49.611897677183151 224.75391176342964 110.46499074995518 127.13809375464916 1830.3069398701191 112.09585046768188 73.340999633073807 67.758752092719078 60.676535829901695 78.173863559961319 63.146471455693245 47.445247650146484 51.652272075414658 707.00609643757343 54.391524195671082 243.44255247712135 53.002299636602402 116.7524276226759 77.698964163661003 105.2807093411684 52.630789279937744 260.89052546024323 151.10156834125519 49.577204152941704 47.270037233829498 51.986452862620354 48.946637973189354 235.65748816728592 53.180032536387444
leaf_count=4328 245 203 1059 450 571 9072 453 294 273 253 331 253 201 215 2835 224 976 238 510 330 423 218 1200 606 204 203 215 200 1103 230
internal_value=0 -0.0282154 0.0277519 -0.0147011 0.0131201 0.0332358 -0.0202095 -0.0353333 -0.0227641 -0.00722077 0.00626338 -0.0303035 -0.00355658 -0.00637872 -0.0316778 -0.00894666 -0.0258988 0.0195218 0.00926969 0.00281367 -0.0281685 -0.0160284 0.0212378 -0.0385215 -0.00332106 0.0129778 -0.006979 -0.0056742 0.0245032 0.00701512
internal_weight=0 3175.12 3161.98 1105.96 871.264 2290.72 627.136 2069.15 528.578 478.825 430.233 843.494 368.36 307.683 770.153 260.238 416.482 441.031 352.059 134.856 348.723 107.022 388.029 1225.66 153.216 217.202 101.564 98.5585 460.411 100.45
internal_count=27916 12824 15092 4508 3858 11234 2528 8316 2125 1980 1849 3382 1530 1277 3088 1076 1672 2009 1518 575 1399 442 1771 4934 634 943 419 403 2162 433
is_linear=0
shrinkage=0.03


Tree=14
num_leaves=31
num_cat=0
split_feature=76 76 76 86 76 76 92 76 82 51 83 51 39 27 45 49 51 76 60 16 12 79 45 43 33 45 33 86 77 40
split_gain=5290.44 336.568 290.001 46.2741 41.1546 36.1283 33.036 22.8032 21.5189 20.7551 17.1598 15.8917 13.1347 12.6401 12.0728 9.55042 9.03088 8.80544 8.18157 7.47911 6.57666 6.43746 6.28741 4.76814 4.56546 3.75795 3.07332 2.12341 2.16944 1.90879
threshold=7.5000000000000009 5.5000000000000009 9.5000000000000018 0.12200000000000001 8.5000000000000018 10.500000000000002 0.48785000000000006 3.5000000000000004 4.5000000000000009 0.6180500000000001 0.37673000000000006 0.47310000000000002 0.20525000000000002 0.47355000000000008 0.30630000000000007 1.0000000180025095e-35 0.059750000000000004 6.5000000000000009 0.74195000000000011 344.50000000000006 1.0000000180025095e-35 5.5000000000000009 1.0000000180025095e-35 1.0000000180025095e-35 0.71345000000000014 0.10275000000000002 0.25975000000000004 0.17339000000000002 0.52931875000000017 1.0000000180025095e-35
decision_type=2 2 2 2 2 2 2 2 2 2 2 2 2 2 2 8 2 2 2 2 2 2 2 8 2 2 2 2 2 8
left_child=1 7 4 13 8 23 17 -1 15 10 16 20 -10 24 22 -2 18 -5 -8 25 -9 27 -14 -4 -3 -12 -17 -6 -29 -18
right_child=2 3 5 6 21 -7 9 11 12 -11 19 -13 14 -15 -16 26 29 -19 -20 -21 -22 -23 -24 -25 -26 -27 -28 28 -30 -31
leaf_value=-0.041209750469471042 0.0022656878712492335 -0.028997191357508015 0.016128562481604866 -0.0050574923791031666 0.010068502320495252 0.034671783465764217 -0.0045130575057878309 -0.03358145278477865 -0.011806231403103787 0.0045514909421302601 -0.0044105901757857807 -0.012247752160260106 0.0033590545133041416 -0.01181460710574791 0.012210075774643793 0.0083107858148749915 -0.02849959311801006 0.0074525781093038113 -0.018585657874949434 0.00027385164169301977 -0.020792785180198722 0.0088969931322004751 -0.009567257670180988 0.026253060578324019 -0.013933291528291154 -0.01547505834817353 0.020984544986823159 0.024254311117871685 0.01549143953921598 -0.014475128233732208
leaf_weight=544.25172574818134 57.541764795780182 205.33583338558674 124.64867010712624 90.256515368819237 44.391776949167252 1834.9964944273233 71.019032523036003 1378.270870923996 57.591014161705971 49.587085798382759 55.208982959389687 50.346723407506943 67.986334383487701 95.694982931017876 73.84802371263504 46.18365190923214 98.981787264347076 92.762136429548264 93.199929088354111 70.67268143594265 99.837097033858299 77.34885635972023 50.946087807416916 328.02377715706825 51.996871188282967 80.3902278393507 79.78599813580513 193.51060225069523 129.69388936460018 49.881088674068451
leaf_count=2205 248 825 580 368 201 9240 288 5544 246 206 226 202 291 388 318 200 399 393 377 290 400 352 216 1566 210 329 349 894 592 202
internal_value=0 -0.0276787 0.0270262 -0.0141234 0.0121886 0.0326484 -0.00969961 -0.0348026 0.00542654 -0.0132129 -0.014963 -0.0322681 -0.000366135 -0.0230195 0.00346515 0.0129402 -0.0193648 0.00134078 -0.0131081 -0.00769546 -0.0328632 0.0185184 -0.00249066 0.023874 -0.0265884 -0.0115825 0.017291 0.0202537 0.0213084 -0.0250072
internal_weight=0 3177.69 3166.5 1104.99 878.828 2287.67 751.959 2072.71 433.883 568.941 519.354 1528.45 250.371 353.028 192.78 183.511 313.082 183.019 164.219 206.272 1478.11 444.945 118.932 452.672 257.333 135.599 125.97 367.596 323.204 148.863
internal_count=28145 12852 15293 4501 3907 11386 3078 8351 1868 2317 2111 6146 1071 1423 825 797 1266 761 665 845 5944 2039 507 2146 1035 555 549 1687 1486 601
is_linear=0
shrinkage=0.03


Tree=15
num_leaves=31
num_cat=0
split_feature=76 76 76 91 76 76 58 76 76 77 45 43 48 16 21 77 79 55 27 72 79 83 48 21 51 30 43 28 27 46
split_gain=5023.2 304.888 274.317 51.0882 41.162 27.8337 25.3205 26.0186 21.4452 18.4401 15.757 12.6603 10.5181 10.0959 9.94897 9.94457 9.92826 9.34073 9.44157 7.38356 7.36914 6.28211 5.2574 4.51842 3.51804 3.27516 3.06543 2.48281 2.23425 1.77446
threshold=7.5000000000000009 5.5000000000000009 9.5000000000000018 2.5000000000000004 8.5000000000000018 10.500000000000002 1.0000000180025095e-35 6.5000000000000009 3.5000000000000004 0.49302187500000005 0.63325000000000009 1.0000000180025095e-35 0.68995000000000006 489.50000000000006 0.57738095238095244 0.53558750000000022 3.5000000000000004 1.0000000180025095e-35 0.17045000000000002 0.21490000000000001 4.5000000000000009 0.43113000000000007 0.30155000000000004 0.63961038961038974 0.24165000000000003 0.67065000000000008 1.0000000180025095e-35 1.0000000180025095e-35 0.075150000000000008 1.0000000180025095e-35
decision_type=2 2 2 2 2 2 10 2 2 2 2 8 2 2 2 2 2 8 2 2 2 2 2 2 2 2 8 8 2 8
left_child=1 8 4 11 9 26 -5 25 -1 17 14 19 13 22 21 27 -13 -2 -19 -3 24 -10 -9 -17 -11 28 -4 -6 -8 -29
right_child=2 3 5 6 15 -7 7 12 10 20 -12 16 -14 -15 -16 23 -18 18 -20 -21 -22 -23 -24 -25 -26 -27 -28 29 -30 -31
leaf_value=-0.039817902009687413 0.0021360410127269861 0.000272019028794937 0.017069156130122668 0.0017926046463745816 0.014750703552464127 0.034222841390969469 -0.015116978205770959 -0.019944380967698117 -0.034491673828419382 -0.0026717982811106252 -0.013960301186866753 0.010189155948973105 0.00070628005649870285 -0.0032683167351751949 -0.025576006732458894 0.0056510501018768675 -0.0054760573742162781 0.0022099720865668853 0.018215817102882725 -0.013346091707802774 -0.0088276925525376179 -0.018444499453208054 -0.007169783221146836 0.017105843517255012 0.0076395797210407415 -0.013367435009035313 0.026546459707455596 0.016191537724608657 -0.026679000098029253 0.028121124837773005
leaf_weight=539.55078709125519 87.157098442316055 55.337919324636459 123.66933615505695 55.040030434727669 95.570857316255569 1798.5575769841671 65.319021627306938 160.69742701947689 1010.9507105201483 46.924939289689064 68.516432777047157 79.315577521920204 49.199130892753601 65.91832734644413 374.30095843970776 86.048044800758362 53.192333161830902 47.376806825399399 130.58097751438618 89.649986326694489 69.26752182841301 60.363390430808067 53.65915322303772 57.841950178146362 56.288390293717384 62.891211867332458 322.10291174054146 74.226116225123405 312.78185342252254 126.74429360032082
leaf_count=2197 374 230 579 226 442 9202 262 656 4081 201 275 329 203 270 1505 394 220 206 568 367 295 242 220 264 243 253 1554 337 1255 595
internal_value=0 -0.0267606 0.0268204 -0.0138573 0.0124088 0.0323785 -0.0175643 -0.0189523 -0.03359 0.00569644 -0.031124 -0.00260233 -0.0119809 -0.0141556 -0.031836 0.0188035 0.00395771 0.0105233 0.0142989 -0.00846624 -0.00189294 -0.0337664 -0.0172087 0.0110681 0.0031297 -0.0237797 0.0243494 0.0220734 -0.0251226 0.0246914
internal_weight=0 3156.68 3122.36 1103 878.027 2244.33 825.506 770.466 2053.68 437.596 1514.13 277.496 329.474 280.275 1445.62 440.431 132.508 265.115 177.958 144.988 172.481 1071.31 214.357 143.89 103.213 440.992 445.772 296.541 378.101 200.97
internal_count=28045 12791 15254 4491 3919 11335 3345 3119 8300 1887 6103 1146 1349 1146 5828 2032 549 1148 774 597 739 4323 876 658 444 1770 2133 1374 1517 932
is_linear=0
shrinkage=0.03


Tree=16
num_leaves=31
num_cat=1
split_feature=77 43 77 42 51 77 12 86 40 13 4 48 21 34 31 12 37 61 40 86 28 28 86 48 21 31 45 49 37 21
split_gain=4243.39 285.996 251.818 100.103 78.529 70.3199 60.5368 51.7825 43.487 36.8044 33.9102 32.9176 29.0494 24.5628 21.7292 21.1105 21.0701 18.2551 16.0324 13.2453 10.8655 10.5551 10.4896 9.09047 8.90249 8.73074 8.21054 6.34713 5.25337 5.1034
threshold=0.46705312500000012 1.0000000180025095e-35 0.38381250000000006 0.60015000000000007 0.61190000000000011 0.57602187500000002 1.0000000180025095e-35 0.22528000000000004 1.0000000180025095e-35 1.0000000180025095e-35 0 0.60855000000000015 0.59166666666666679 1.0000000180025095e-35 1.0000000180025095e-35 1.0000000180025095e-35 1.0000000180025095e-35 3.5000000000000004 1.0000000180025095e-35 0.25903000000000009 1.0000000180025095e-35 1.0000000180025095e-35 0.26253000000000004 0.46480000000000005 0.44949494949494956 1.0000000180025095e-35 0.15435000000000001 1.0000000180025095e-35 1.0000000180025095e-35 0.43650793650793657
decision_type=2 8 2 2 2 2 2 2 8 2 1 2 2 8 8 2 8 8 8 2 8 8 2 2 2 8 2 8 8 2
left_child=2 8 7 4 6 13 11 9 16 15 25 12 -4 21 22 24 -2 -12 28 -15 -16 -3 -10 -18 -1 -8 -9 -5 -14 -22
right_child=1 5 3 27 -6 -7 10 26 14 -11 17 -13 18 19 20 -17 23 -19 -20 -21 29 -23 -24 -25 -26 -27 -28 -29 -30 -31
leaf_value=-0.037366372934391108 -0.016042020543941705 0.007371559119088736 -0.030047875620036905 0.0020436708574480254 0.017593010119686062 0.033525418284345895 -0.0011916840281886811 -0.0017380069116552084 -0.0074879855035128486 -0.016156908676830714 -0.019154184017198116 -0.0058149095845907942 -0.025213024617648516 0.012983602232674986 0.0058991577794056168 -0.017394688479207759 -0.0045441831024683665 0.001524400511302404 -0.0037453855501715636 0.028410628535928378 0.0079412440583650993 0.019486880099979387 0.0088020914564124562 0.010260231708596633 -0.030390962425734951 0.015533586165250468 -0.016984777983697127 0.015660589719274042 -0.010170973398099383 0.022148714541024676
leaf_weight=845.36205641925335 73.294929102063179 137.24928569793701 402.79710724949837 51.856193050742149 51.080572172999382 1627.652238547802 51.468760475516319 49.637659147381783 54.440521106123924 150.02323459088802 127.85636794567108 99.173464521765709 95.970238894224167 85.504369348287582 77.285235479474068 102.87247671186924 65.328505173325539 51.333963587880135 78.37290358543396 421.23154604434967 43.016201108694077 156.39713509380817 69.89618119597435 65.599448680877686 757.9875435680151 48.532077237963676 92.693596690893173 80.425902798771858 51.895178660750389 182.0723928809166
leaf_count=3445 309 619 1626 219 218 8450 215 201 235 606 522 406 386 395 345 414 282 211 319 2058 198 732 313 298 3068 208 375 349 210 860
internal_value=0 0.025165 -0.0242123 -0.013129 -0.0161981 0.0298283 -0.0180676 -0.0307175 0.00703341 -0.03207 -0.00591673 -0.0225829 -0.0250941 0.0219891 0.0123899 -0.0333669 -0.00421457 -0.0134628 -0.0153758 0.0261092 0.016615 0.0142535 0.00164306 0.00307506 -0.0342775 0.00759959 -0.0121307 0.0108414 -0.0209125 0.0198868
internal_weight=0 3058.97 3189.34 1190.76 1058.48 2428.03 1007.4 1998.58 630.933 1856.25 279.191 728.209 629.035 800.382 426.711 1706.22 204.223 179.19 226.238 506.736 302.374 293.646 124.337 130.928 1603.35 100.001 142.331 132.282 147.865 225.089
internal_count=28092 15094 12998 4889 4321 12254 4103 8109 2840 7533 1156 2947 2541 3804 1951 6927 889 733 915 2453 1403 1351 548 580 6513 423 576 568 596 1058
cat_boundaries=0 1
cat_threshold=1
is_linear=0
shrinkage=0.03


Tree=17
num_leaves=31
num_cat=1
split_feature=76 76 76 51 43 76 91 51 76 76 63 68 46 83 58 72 43 46 55 37 72 18 68 18 34 45 0 82 6 12
split_gain=4461.85 276.513 268.045 49.9319 44.1083 40.1252 33.4907 29.443 28.2359 22.5245 16.8079 16.7952 16.1381 11.076 10.0073 9.95094 8.41355 7.74457 6.66523 6.28507 6.08513 5.74235 5.57929 4.71899 5.97515 3.78079 3.21301 2.97351 2.78348 2.46807
threshold=7.5000000000000009 5.5000000000000009 9.5000000000000018 0.49595000000000006 1.0000000180025095e-35 8.5000000000000018 2.5000000000000004 0.47785000000000005 11.500000000000002 3.5000000000000004 0.16085000000000002 1.0000000180025095e-35 1.0000000180025095e-35 0.46033000000000007 1.5000000000000002 0.6079500000000001 1.0000000180025095e-35 1.0000000180025095e-35 1.0000000180025095e-35 1.0000000180025095e-35 1.0000000180025095e-35 2.5000000000000004 1.0000000180025095e-35 4.5000000000000009 1.0000000180025095e-35 0.60945000000000016 0 4.5000000000000009 7.1331602710232831 1.0000000180025095e-35
decision_type=2 2 2 2 10 2 2 2 2 2 2 2 8 2 10 2 8 8 8 8 2 2 2 2 8 2 1 2 2 2
left_child=1 7 5 4 6 12 15 9 18 -1 -8 -11 13 -2 -12 -3 -14 26 -4 -18 -13 -15 -17 24 -16 -22 -7 -19 -26 -29
right_child=2 3 8 -5 -6 17 10 -9 -10 11 14 20 16 21 23 22 19 27 -20 -21 25 -23 -24 -25 28 -27 -28 29 -30 -31
leaf_value=-0.038504992740923234 -0.012335434667742392 0.0024004392351492944 0.020411269960225891 0.0079272482398729874 0.0091005156833677443 0.0038238999760226095 -0.0032958591512509943 -0.00755408081215492 0.034669270161064039 -0.017804474383832793 -0.0096047260330871086 -0.021219688576685859 0.0019238894273126833 -0.0029697325948423729 -0.026037693868984881 -0.0029887407826669097 0.0064283169948110364 0.025598370708942293 0.02866806134518804 0.019136685885029921 -0.032281350404403122 0.0091257195718552273 -0.015588969028556535 -0.01329692600646943 -0.020236734762771092 -0.016900608189507713 0.014075478587599643 0.0093881716033002594 -0.0094093323020531163 0.019886875830832398
leaf_weight=517.95690703392029 53.063426345586777 84.206721514463425 258.47469538450241 90.189364984631538 59.948581114411354 48.911484152078629 59.369802564382553 52.111625239253044 1285.2062999457121 147.40747839212418 89.535364583134651 140.62118715047836 90.474010154604912 66.025480657815933 345.34039068222046 61.371198087930679 82.099094957113266 127.36437517404556 643.2354338914156 80.442311674356461 1127.1695721149445 57.934081435203552 71.072016179561615 96.44762396812439 81.478516310453415 49.696414411067963 103.81390359997749 69.422025367617607 68.91448786854744 76.969458475708961
leaf_count=2133 227 349 1290 377 248 223 241 210 6814 596 363 569 386 283 1390 252 361 606 3268 355 4576 248 288 390 329 200 475 324 279 364
internal_value=0 -0.0249875 0.0258928 -0.012762 -0.0146548 0.011484 -0.0162204 -0.0315483 0.0314581 -0.0321378 -0.0192336 -0.0296407 0.00484586 -0.00205185 -0.0205539 -0.00551953 0.00956639 0.0179131 0.0265511 0.0134623 -0.0308209 0.00294247 -0.01037 -0.0220223 -0.0234234 -0.0317797 0.0112291 0.0211149 -0.0161713 0.0158268
internal_weight=0 3142.84 3043.44 1107.87 1017.68 856.52 957.736 2034.96 2186.92 1982.85 741.086 1464.89 430.038 177.023 681.716 216.65 253.015 426.481 901.71 162.541 1317.49 123.96 132.443 592.181 495.733 1176.87 152.725 273.756 150.393 146.391
internal_count=28014 12790 15224 4506 4129 3852 3881 8284 11372 8074 2992 5941 1860 758 2751 889 1102 1992 4558 716 5345 531 540 2388 1998 4776 698 1294 608 688
cat_boundaries=0 1
cat_threshold=1
is_linear=0
shrinkage=0.03


Tree=18
num_leaves=31
num_cat=2
split_feature=83 43 43 51 51 83 21 82 4 46 83 12 28 13 4 16 21 36 83 21 37 21 37 33 40 85 36 66 15 39
split_gain=3161.2 592.914 452.335 216.846 186.869 127.578 89.6342 58.6043 40.2636 35.6182 28.2593 24.3866 24.1213 18.9312 18.2783 14.9209 14.7702 12.6414 12.5981 10.8989 9.69689 9.34627 9.11421 8.41978 7.71251 7.64569 6.88891 6.86903 6.48245 5.52349
threshold=0.41267000000000004 1.0000000180025095e-35 1.0000000180025095e-35 0.49595000000000006 0.60035000000000005 0.6376900000000002 0.57738095238095244 4.5000000000000009 0 1.0000000180025095e-35 0.51287000000000016 1.0000000180025095e-35 1.0000000180025095e-35 1.0000000180025095e-35 1 458.50000000000006 0.51923076923076927 0.60105000000000008 0.49655000000000005 0.41428571428571431 1.0000000180025095e-35 0.35416666666666669 1.0000000180025095e-35 0.61925000000000008 1.0000000180025095e-35 3.5000000000000004 0.46955000000000008 0.75045000000000006 1.0000000180025095e-35 0.46535000000000004
decision_type=2 10 10 2 2 2 2 2 1 10 2 2 8 2 1 2 2 2 2 2 10 2 8 2 8 2 2 2 2 2
left_child=1 4 3 5 6 7 9 13 -8 14 15 20 16 -2 22 27 28 -16 24 -7 29 -12 -1 -15 -4 26 -23 -9 -3 -10
right_child=2 12 18 -5 -6 19 8 10 11 -11 21 -13 -14 23 17 -17 -18 -19 -20 -21 -22 25 -24 -25 -26 -27 -28 -29 -30 -31
leaf_value=-0.025616829195661679 -0.0042872929235172668 -0.0055409684992346773 0.014226743851462886 0.031959189389324363 0.014013656358190489 0.0069093343699884449 -0.00029875958391470489 -0.020971560744204337 -0.026557078943745406 -0.015093058237117395 -0.010899082461517069 -0.0047322854214729851 0.023054601591630402 0.0046249188807400404 -0.034842891706984874 -0.0018788940109511524 0.014834822276013827 -0.020821646690618301 0.032844198746811763 0.021442094530635485 -0.0088571255717057578 -0.011199995602787432 -0.0085184063142212333 0.01767332281486473 0.027666425267214863 0.0076094672803764685 0.0028780089331650687 -0.0067899570013091335 0.0071037025226189992 -0.013396174341560475
leaf_weight=117.63426820933819 78.518844425678253 72.705065026879311 100.63859821856022 276.53769552707672 92.086094260215759 71.645627558231354 94.740767017006874 186.58401018381119 404.74663946032524 134.48102609813213 61.329004913568497 75.884535551071167 137.25261352956295 84.51184906065464 1476.2511787861586 65.314976617693901 105.66807813942432 116.01081328094006 1427.7856467068195 251.45924346148968 51.246478736400604 46.797213733196259 53.498875752091408 112.55673703551292 161.19512192904949 92.705812826752663 62.658724412322044 51.351954951882362 55.299759432673454 65.872085571289062
leaf_count=478 340 317 498 1417 405 330 391 765 1641 551 258 312 667 371 6048 271 488 471 7591 1218 208 202 219 512 825 412 275 216 248 267
internal_value=0 -0.021827 0.0210024 0.00857303 -0.0267342 0.0027992 -0.0282311 -0.00337906 -0.0185213 -0.0316583 -0.00884913 -0.0213571 0.0134314 0.00778602 -0.0328294 -0.0149425 0.00706488 -0.0339576 0.0314972 0.0185237 -0.0236401 -0.00154631 -0.021037 0.0125712 0.0232141 0.00167099 -0.00357467 -0.0183082 4.06066e-05 -0.025032
internal_weight=0 3053.38 3131.59 1441.97 2682.45 1165.43 2590.37 842.329 692.491 1897.88 566.742 597.75 370.926 275.587 1763.4 303.251 233.673 1592.26 1689.62 323.105 521.865 263.491 171.133 197.069 261.834 202.162 109.456 237.936 128.005 470.619
internal_count=28212 12711 15501 6587 10991 5170 10586 3622 2819 7767 2399 2428 1720 1223 7216 1252 1053 6519 8914 1548 2116 1147 697 883 1323 889 477 981 565 1908
cat_boundaries=0 1 2
cat_threshold=1 1
is_linear=0
shrinkage=0.03


Tree=19
num_leaves=31
num_cat=1
split_feature=76 76 76 76 92 43 51 92 76 92 82 63 39 21 63 79 72 76 36 92 21 36 4 6 34 86 46 21 6 6
split_gain=4115.97 271.229 229.655 50.5147 34.338 31.7317 31.5114 27.6614 23.3912 22.4227 15.8266 15.1731 15.1524 16.7704 10.6057 10.2368 10.0254 9.21448 8.55891 8.40501 7.159 6.38851 5.77077 5.33226 4.96531 4.4027 5.44892 4.29836 4.22379 4.1649
threshold=7.5000000000000009 5.5000000000000009 9.5000000000000018 6.5000000000000009 0.51045000000000018 1.0000000180025095e-35 0.48290000000000005 0.4612500000000001 8.5000000000000018 0.34878333333333339 4.5000000000000009 0.60155000000000014 0.67725000000000013 0.44949494949494956 0.64965000000000017 4.5000000000000009 0.60445000000000015 10.500000000000002 0.64665000000000006 0.66181666666666683 0.72077922077922085 0.25265000000000004 0 7.679764470424753 1.0000000180025095e-35 0.12200000000000001 1.0000000180025095e-35 0.62019230769230782 7.4914586170424533 7.3761795355748587
decision_type=2 2 2 2 2 8 2 2 2 2 2 2 2 2 2 2 2 2 2 2 2 2 1 2 8 2 8 2 2 2
left_child=1 6 4 9 -2 -4 12 -5 10 -3 21 -9 13 29 28 -10 -16 -7 19 -12 25 -6 -18 24 -15 -13 -27 -24 -11 -1
right_child=2 3 5 7 8 17 -8 11 15 14 18 20 -14 23 16 -17 22 -19 -20 -21 -22 -23 27 -25 -26 26 -28 -29 -30 -31
leaf_value=-0.036969644443897096 0.022023409469571088 0.0014468738281940591 0.017562477256860567 0.0097437156940126998 0.015164546984295028 0.024528860234848942 -0.0057958049248941863 0.0027947625251734708 0.017666151880855085 -0.01467830204774419 0.0012322164956102511 -0.019569720320025602 -0.015987026050899533 -0.03018579844604272 -0.0075732087500994579 0.0058328373753202423 -0.012222113822628751 0.032742830124815853 0.0043956248381859797 -0.014414846514509678 -0.0013499368828248461 0.0021430117204092737 -0.028564457216726048 -0.019084074746788662 -0.018079622221881857 -0.015332062083042596 -0.0046676240642852121 -0.016099779017392554 -0.003646366280211949 -0.028173819244702341
leaf_weight=733.89500933885574 211.54630571603775 50.243262559175491 203.85071232914925 88.959844350814819 73.361700162291527 312.93468667566776 50.805275291204453 88.251084387302399 203.7923039495945 122.71023523807526 49.574032351374626 71.064985617995262 89.535865515470505 659.47481842339039 51.420719355344772 114.84664857387543 62.98083370923996 1625.8347885757685 72.18618232011795 66.046188831329346 60.232337102293968 63.568401351571083 212.3048829883337 141.07142353057861 90.101218774914742 79.252158313989639 109.00731328129768 83.849336430430412 51.586532086133957 271.64681136608124
leaf_count=3032 980 205 1009 378 321 1580 205 366 961 494 214 286 364 2698 208 535 253 8887 308 280 246 277 854 576 367 323 447 336 208 1121
internal_value=0 -0.0238962 0.0250648 -0.0119715 0.0117289 0.0303067 -0.0304329 -0.00466941 0.00805872 -0.0175222 0.00227126 -0.00797147 -0.031031 -0.0316538 -0.0191487 0.0137083 -0.0219189 0.0315497 -0.00334431 -0.00814189 -0.0109393 0.00967671 -0.0237121 -0.0276484 -0.0289878 -0.0130338 -0.00970396 -0.0256765 -0.0117882 -0.0348943
internal_weight=0 3168.39 2997.54 1131.86 854.922 2142.62 2036.53 496.768 643.375 635.096 324.737 407.808 1985.73 1896.19 584.853 318.639 410.556 1938.77 187.806 115.62 319.557 136.93 359.135 890.647 749.576 259.324 188.259 296.154 174.297 1005.54
internal_count=28319 12967 15352 4604 3876 11476 8363 2046 2896 2558 1400 1668 8158 7794 2353 1496 1651 10467 802 494 1302 598 1443 3641 3065 1056 770 1190 702 4153
cat_boundaries=0 1
cat_threshold=1
is_linear=0
shrinkage=0.03


Tree=20
num_leaves=31
num_cat=1
split_feature=76 76 76 76 91 76 57 76 51 82 22 92 7 21 92 46 46 83 0 79 66 83 49 21 27 49 33 86 79 31
split_gain=3843.38 240.716 227.848 70.3744 32.898 29.149 23.8204 20.6199 18.983 18.7733 11.5515 11.3537 12.8561 11.2377 10.8617 10.3724 10.1825 9.36124 9.12591 7.37877 6.8584 6.85665 6.53989 6.25565 6.04819 6.02969 4.79129 4.07913 3.12477 2.63926
threshold=7.5000000000000009 5.5000000000000009 10.500000000000002 8.5000000000000018 2.5000000000000004 3.5000000000000004 0.48035000000000005 6.5000000000000009 0.47310000000000002 4.5000000000000009 0.11805555555555557 0.34441666666666676 2457.3400000000006 0.59166666666666679 0.68041666666666678 1.0000000180025095e-35 1.0000000180025095e-35 0.44263000000000002 0 4.5000000000000009 0.33005000000000007 0.53797000000000006 1.0000000180025095e-35 0.59166666666666679 0.31025000000000008 1.0000000180025095e-35 0.26665000000000005 0.15434000000000003 4.5000000000000009 1.0000000180025095e-35
decision_type=2 2 2 2 2 2 2 2 2 2 2 2 2 2 2 8 8 2 1 2 2 2 8 2 2 8 2 2 2 8
left_child=1 5 3 9 11 -1 -6 23 13 22 14 -3 24 17 20 21 29 -7 -15 -17 -9 -11 -2 -8 -13 28 -24 -20 -18 -5
right_child=2 4 -4 16 6 8 7 10 -10 15 -12 12 -14 18 -16 19 25 -19 27 -21 -22 -23 26 -25 -26 -27 -28 -29 -30 -31
leaf_value=-0.036010794125353789 0.0029129898368354308 0.0064359706547429301 0.032145099507850584 0.0069315057528088145 0.0035426485532330425 -0.02981502041506481 -0.023260511545540031 -0.010581195830361599 -0.006967197445311402 -0.014411282734252696 0.0014965923109797341 -0.0034644328961417861 0.0059513649459064302 -0.026303421514724139 -0.018702609727701287 0.0094533301581989932 0.018812635000235618 -0.012902964017285303 -0.017619303892462027 -0.0040786250285365158 0.002532499342657416 0.00025314084886455759 0.0060824692637944976 -0.013677871378784817 -0.015644199366909698 0.024868799336483838 0.019943601559360202 -0.0058977141763784545 0.0079852772464916715 0.015857951805857407
leaf_weight=523.95130762457848 57.438487410545349 77.920449882745743 1643.0927803814411 61.800384551286697 56.595489546656609 1018.6910251528025 290.65157333016396 96.561791002750397 51.04124753177166 49.447475343942642 62.353812396526337 72.597137257456779 50.212176904082298 183.99656657874584 128.00033362209797 89.400071650743484 118.09399372339249 52.389567375183105 130.71261514723301 49.900751039385796 49.174723535776138 54.819353491067886 46.176047027111053 152.2854066491127 82.86229108273983 403.00641517341137 77.836948022246361 49.859400719404221 57.906680837273598 208.14315478503704
leaf_count=2201 251 326 9112 290 232 4195 1170 395 206 208 258 297 207 750 516 391 586 211 533 214 201 235 203 611 340 2002 347 202 285 995
internal_value=0 -0.0230284 0.0247565 0.015051 -0.0117269 -0.0292302 -0.0146962 -0.0160494 -0.0266159 0.00493074 -0.00996957 -0.00277497 -0.00640123 -0.0272615 -0.0125421 -0.00057167 0.0200012 -0.0291148 -0.0211845 0.00465737 -0.00627785 -0.00735389 0.0119608 -0.0203406 -0.0105096 0.0224497 0.0156214 -0.0148621 0.0158711 0.014135
internal_weight=0 3129.86 2917.06 1273.97 1119.22 2010.64 835.623 779.028 1486.69 425.019 336.091 283.592 205.672 1435.65 273.737 243.568 848.951 1071.08 364.569 139.301 145.737 104.267 181.451 442.937 155.459 579.007 124.013 180.572 176.001 269.944
internal_count=27970 12851 15119 6007 4553 8298 3383 3151 6097 1849 1370 1170 844 5891 1112 1048 4158 4406 1485 605 596 443 801 1781 637 2873 550 735 871 1285
cat_boundaries=0 1
cat_threshold=1
is_linear=0
shrinkage=0.03


Tree=21
num_leaves=31
num_cat=0
split_feature=76 76 76 76 43 88 76 76 73 82 86 76 72 91 58 18 45 79 49 92 77 68 77 63 49 43 63 79 10 27
split_gain=3694.2 238.164 220.213 39.9024 35.8684 33.3794 29.9082 21.4827 20.4529 18.3676 15.0759 14.7462 10.9698 10.6005 9.24335 8.98873 8.87461 8.20439 7.48731 6.25221 5.78957 5.68849 4.43544 4.39843 3.94677 3.51295 3.30511 3.15988 3.58344 2.3308
threshold=7.5000000000000009 5.5000000000000009 9.5000000000000018 8.5000000000000018 1.0000000180025095e-35 2.5000000000000004 10.500000000000002 3.5000000000000004 1.0000000180025095e-35 4.5000000000000009 0.29323000000000005 6.5000000000000009 1.0000000180025095e-35 2.5000000000000004 1.5000000000000002 2.5000000000000004 0.48605000000000004 3.5000000000000004 1.0000000180025095e-35 0.54058333333333353 0.52931875000000017 1.0000000180025095e-35 0.5812781250000002 0.63775000000000015 1.0000000180025095e-35 1.0000000180025095e-35 0.64965000000000017 5.5000000000000009 31.079513888888894 0.33385000000000004
decision_type=2 2 2 2 10 2 2 2 8 2 2 2 2 2 10 2 2 2 8 2 2 2 2 2 8 8 2 2 2 2
left_child=1 7 3 9 5 -3 22 -1 11 18 12 14 29 -11 -7 -10 19 -15 -2 -13 -5 -14 -4 -6 -22 -8 -16 28 -21 -9
right_child=2 4 6 20 23 8 25 10 15 13 -12 16 21 17 26 -17 -18 -19 -20 27 24 -23 -24 -25 -26 -27 -28 -29 -30 -31
leaf_value=-0.035110128186176516 0.0022808871853663153 0.0051603763322908454 0.023274009014373813 0.020726833268134459 0.010269358802766814 -0.006911102861101596 0.019076907122547011 -0.020575870971648043 -0.010035160025747423 0.0082056953362343969 -0.0090463279476527877 -0.0036820558848950952 -0.018902859382740809 0.0015773492818720043 -0.014455817877757125 0.0042331004264582897 0.00045601082049653055 -0.01084737334569327 0.015578452171863644 -0.014985782943161635 0.0044587439386409959 -0.029160269177591853 0.01315522624547672 -0.0012223783978137245 0.015168321950026339 0.031898513505636994 -0.023919537649098661 -0.022806069147207286 -0.0043557589461997491 -0.0095470658227453029
leaf_weight=514.34661586582661 59.236077383160591 76.853508785367012 325.45526270568371 254.72134956717491 50.737920790910721 53.906380772590637 73.191411212086678 87.617499858140945 84.299280747771263 72.33945569396019 54.933667436242104 57.707923874258995 128.9669314622879 90.950890883803368 107.39246608316898 61.091042920947075 49.264613509178162 85.975433573126793 120.88696527481079 112.77944895625114 57.722891062498093 1148.5818500220776 98.866722658276558 55.448520839214325 104.12290808558464 1564.159654840827 300.67570647597313 50.863531246781349 51.139517143368721 57.356197968125343
leaf_count=2178 259 314 1658 1231 213 217 388 360 346 317 221 238 528 392 431 253 202 364 539 457 273 4742 495 231 493 8850 1211 205 207 234
internal_value=0 -0.0228006 0.0241808 0.0111111 -0.0115313 -0.0132717 0.0294641 -0.029004 -0.014835 0.00453071 -0.0266566 -0.0167393 -0.0272687 -0.0007953 -0.0202763 -0.00415324 -0.0112028 -0.00471762 0.0115553 -0.0132522 0.0176288 -0.0282797 0.0212735 0.00467986 0.0118304 0.0314447 -0.0218343 -0.0155453 -0.0121106 -0.0171101
internal_weight=0 3103.96 2907.63 845.956 1112.16 1005.97 2061.67 1991.8 929.12 429.389 1477.46 783.73 1422.52 249.266 461.975 145.39 321.755 176.926 180.123 272.49 416.567 1277.55 424.322 106.186 161.846 1637.35 408.068 214.782 163.919 144.974
internal_count=28047 12788 15259 3868 4525 4081 11391 8263 3767 1871 6085 3168 5864 1073 1859 599 1309 756 798 1107 1997 5270 2153 444 766 9238 1642 869 664 594
is_linear=0
shrinkage=0.03


Tree=22
num_leaves=31
num_cat=1
split_feature=76 76 76 76 86 72 86 4 79 16 6 28 57 58 91 63 49 76 30 79 79 39 81 72 45 25 77 30 39 39
split_gain=3517.9 228.473 206.167 67.7428 40.9103 22.3732 18.2357 16.5438 13.4923 12.7164 12.4579 11.8657 11.5838 11.2162 10.3991 9.59512 8.69338 8.5956 6.49045 6.48721 5.92054 4.94865 4.91198 4.40252 4.40125 4.08057 3.90348 3.11298 2.73455 16.4231
threshold=7.5000000000000009 5.5000000000000009 10.500000000000002 8.5000000000000018 0.31493000000000004 0.34705000000000003 0.29027000000000008 0 5.5000000000000009 297.50000000000006 7.0018783903562776 1.0000000180025095e-35 0.80945000000000011 7.5000000000000009 2.5000000000000004 0.38035000000000008 1.0000000180025095e-35 3.5000000000000004 0.72705000000000009 3.5000000000000004 5.5000000000000009 0.67075000000000007 0.49308333333333337 0.71165000000000012 0.49875000000000008 9.0197916666666682 0.5552156250000001 0.25235000000000007 0.31325000000000008 0.60365000000000013
decision_type=2 2 2 2 2 2 2 1 2 2 2 10 2 8 2 2 8 2 2 2 2 2 2 2 2 8 2 2 2 2
left_child=1 6 3 8 5 9 11 10 16 -3 27 17 23 15 -5 -9 18 -1 -2 -12 28 22 -19 -6 25 -18 -22 -7 -16 -30
right_child=2 4 -4 14 12 7 -8 13 -10 -11 19 -13 -14 -15 20 -17 24 21 -20 -21 26 -23 -24 -25 -26 -27 -28 -29 29 -31
leaf_value=-0.033719440422346446 0.0060575081879444279 -0.0093927413910888154 0.031255169957315941 0.025617029285672895 0.014527076343340155 -0.020260339192532274 -0.010273166101532808 -0.006351534584772848 -0.0056747100985024218 0.0088270608760793717 0.0044802504781400005 -0.015404656371301615 -0.0060875273867250588 -0.0056867663775768268 0.022235063058299125 -0.020781168464090373 0.0004248898672190364 -0.028722026627665764 -0.0069813556698709121 -0.0080917368737981783 0.013713597779595464 -0.01511315582534546 -0.020218900366609071 0.0019881218489362679 0.017956975429235283 0.010556751601133717 0.0018783489410245013 -0.0078178998422592464 0.0022814389959982177 0.019086842553318401
leaf_weight=498.87112721800804 77.894799202680588 64.282496258616447 1603.1141357570887 244.045639783144 47.78122752904892 50.244681790471077 65.776271909475327 57.65990936756134 78.749196067452431 54.433482572436333 71.682899326086044 96.0428746342659 73.239303171634674 72.350162699818611 196.44515787065029 453.32869708538055 50.942586719989777 1079.1802273541689 46.564392954111099 57.774283677339554 56.801959738135338 69.510445147752762 185.83723475039005 51.237207859754562 56.420661121606827 117.4249766767025 45.98147876560688 55.619143053889275 70.302808806300163 235.17404752969742
leaf_count=2132 338 264 9199 1233 201 203 266 233 334 224 292 390 305 292 979 1830 224 4481 201 234 275 285 770 212 255 516 226 226 348 1165
internal_value=0 -0.0218735 0.0240835 0.0149058 -0.0108224 -0.0132699 -0.0279349 -0.0150153 0.00501763 -0.00100188 -0.00781031 -0.0284809 0.00249327 -0.0177412 0.0197755 -0.0193061 0.00751941 -0.0290787 0.00102282 -0.0013083 0.0170397 -0.027106 -0.0276413 0.0088163 0.0109196 0.00768687 0.00905495 -0.0149622 0.0184659 0.0154141
internal_weight=0 3104.85 2879.86 1276.75 1109.63 937.376 1995.22 818.66 427.997 118.716 235.321 1929.44 172.258 583.339 848.751 510.989 349.247 1833.4 124.459 129.457 604.705 1334.53 1265.02 99.0184 224.788 168.368 102.783 105.864 501.922 305.477
internal_count=28133 12840 15293 6094 4516 3798 8324 3310 1868 488 955 8058 718 2355 4226 2063 1534 7668 539 526 2993 5536 5251 413 995 740 501 429 2492 1513
cat_boundaries=0 1
cat_threshold=1
is_linear=0
shrinkage=0.03


Tree=23
num_leaves=31
num_cat=0
split_feature=76 76 76 51 76 42 76 91 51 21 83 79 6 49 43 79 58 37 6 14 46 12 36 21 66 21 83 79 27 21
split_gain=3345.54 210.185 204.896 36.9932 36.5871 36.2602 29.4501 23.3058 20.6784 19.0691 17.2889 13.2979 12.1715 10.4327 10.4215 9.60982 9.23268 8.41774 8.41557 8.32713 7.6565 7.60981 6.86705 6.15459 5.85198 5.46246 5.09133 4.31849 4.26208 3.30262
threshold=7.5000000000000009 9.5000000000000018 5.5000000000000009 0.61190000000000011 8.5000000000000018 0.6301500000000001 11.500000000000002 2.5000000000000004 0.47785000000000005 0.62019230769230782 0.43707000000000001 5.5000000000000009 8.7471796709474905 1.0000000180025095e-35 1.0000000180025095e-35 2.5000000000000004 7.5000000000000009 1.0000000180025095e-35 7.5253973562522765 1.0000000180025095e-35 1.0000000180025095e-35 1.0000000180025095e-35 0.71795000000000009 0.62019230769230782 0.45545000000000008 0.51923076923076927 0.33854000000000012 4.5000000000000009 0.71800000000000008 0.59166666666666679
decision_type=2 2 2 2 2 2 2 2 2 2 2 2 2 8 8 2 8 8 2 2 8 2 2 2 2 2 2 2 2 2
left_child=2 4 8 5 11 7 14 15 9 10 22 13 16 25 -3 -4 21 -17 -11 23 27 24 -1 -15 -9 -2 -22 -6 -23 -26
right_child=1 6 3 -5 20 -7 -8 12 -10 18 -12 -13 -14 19 -16 17 -18 -19 -20 -21 26 28 -24 -25 29 -27 -28 -29 -30 -31
leaf_value=-0.030300712743109144 -0.0061531321675138348 0.015557969320664942 0.0049274378312621145 0.0075799834742358808 0.014452808983777906 0.0093693116988968379 0.032243151823512194 -0.015821179387932989 -0.0071476354152317789 -0.022375222416597274 -0.011274775855305218 -0.0060501478997468938 -0.0020887205283405866 -0.0019621166652073244 0.02573432763135132 -0.014461828575850379 -0.0069245164045551189 -0.0012707762058177404 -0.0088422127970222541 0.015822424678977272 0.0080065934073245276 -0.0038435520474550985 -0.014428807395403351 0.011116190877089984 -0.027796026269375336 0.0057647083388608 0.022249278721618977 0.0034196493048706169 -0.01511011128996159 -0.015416639903280481
leaf_weight=1493.5449474900961 60.084061652421951 174.35587851703167 56.213840246200562 82.500309959053993 84.786339342594147 57.271055579185486 1155.5266457051039 225.06325498223305 53.383786141872406 260.09222601354122 62.845977500081062 79.084769919514656 52.490855306386948 64.370915144681931 663.73404774069786 89.918488889932632 82.588678702712059 80.890972197055817 70.812535971403122 119.40508136153221 41.82664842903614 54.135011553764343 52.172034651041031 50.450479373335838 165.28181111812592 58.408708691596985 219.29610946774483 60.011853873729706 97.385191604495049 75.788222700357437
leaf_count=6308 261 890 231 347 402 238 6791 908 217 1074 255 335 213 282 3680 366 334 333 291 537 204 219 217 221 668 253 1088 281 394 305
internal_value=0 0.0235488 -0.0214404 -0.0110287 0.0107625 -0.0125674 0.0288411 -0.0139314 -0.0272051 -0.0277177 -0.0292092 0.00452169 -0.0164598 0.0069935 0.0238257 -0.00520726 -0.0174925 -0.00863067 -0.0198235 0.0105376 0.017133 -0.0187728 -0.0298612 0.00421446 -0.0208212 -0.000287022 0.0203473 0.0103964 -0.011572 -0.0246732
internal_weight=0 2831.34 3112.38 1119.53 837.725 1037.03 1993.62 979.756 1992.85 1939.47 1608.56 431.804 752.733 352.719 838.09 227.023 700.242 170.809 330.905 234.226 405.921 617.653 1545.72 114.821 466.133 118.493 261.123 144.798 151.52 241.07
internal_count=28143 15225 12918 4556 3864 4209 11361 3971 8362 8145 6780 1889 3041 1554 4570 930 2828 699 1365 1040 1975 2494 6525 503 1881 514 1292 683 613 973
is_linear=0
shrinkage=0.03


Tree=24
num_leaves=31
num_cat=0
split_feature=76 76 76 76 76 76 86 86 22 72 39 92 57 46 21 72 77 45 30 21 43 6 92 92 72 43 86 13 33 83
split_gain=3125.55 218.111 182.6 63.3577 34.3627 28.2052 24.167 20.4107 16.9405 16.3074 14.1254 14.0596 12.2248 12.083 11.5777 9.66603 8.62427 8.14604 7.96451 7.59 7.4729 6.93725 6.44743 5.78499 5.44667 4.46946 4.23899 5.10585 4.18253 3.75702
threshold=7.5000000000000009 10.500000000000002 5.5000000000000009 8.5000000000000018 6.5000000000000009 3.5000000000000004 0.29027000000000008 0.23695000000000002 0.080128205128205135 0.6009500000000001 0.71495000000000009 0.66991666666666683 0.64075000000000015 1.0000000180025095e-35 0.63961038961038974 0.81065000000000009 0.48228750000000009 0.60155000000000014 0.68645000000000012 0.62019230769230782 1.0000000180025095e-35 7.4475764382135274 0.55418333333333336 0.73745000000000005 0.66915000000000013 1.0000000180025095e-35 0.22245000000000006 1.0000000180025095e-35 0.64435000000000009 0.50207000000000013
decision_type=2 2 2 2 2 2 2 2 2 2 2 2 2 8 2 2 2 2 2 2 8 2 2 2 2 8 2 2 2 2
left_child=2 3 5 7 9 -1 10 16 11 -4 17 21 -11 22 28 18 29 19 -9 -7 -17 24 -5 -15 -6 -3 -24 -28 -14 -2
right_child=1 25 4 13 8 6 -8 15 -10 12 -12 -13 14 23 -16 20 -18 -19 -20 -21 -22 -23 26 -25 -26 -27 27 -29 -30 -31
leaf_value=-0.033060447487532674 -0.0034129947836875241 0.017632989141423354 -0.0040755294286766433 0.019505207922045523 -0.00023889517542949993 -0.02731472376176395 -0.0038608519915711115 0.017691567769390702 0.0061675889167390483 -0.0066203881582480098 -0.0092665774763409352 -0.014794035695483375 -0.024667916780469132 0.022719750118873339 -0.01056039421292925 -0.006200329032397007 -0.011435468629029298 -0.010502556584131373 0.0025756084325229073 -0.01951256166072832 0.0085085287763976749 0.0030407866237574209 0.0013774766243427221 0.013485789289098292 -0.011420865368853389 0.030803540171420438 0.0018123280987910977 0.014758890224954149 -0.011359312587778753 0.0072282133493627243
leaf_weight=505.21896341443062 54.902001902461052 69.942162647843361 100.6582647562027 73.397129103541374 66.725268214941025 1012.9267426878214 56.520324185490608 110.0167883336544 92.787797912955284 89.170685842633247 66.816132664680481 142.3587995916605 263.33758448064327 433.58876641094685 121.02855761349201 48.695102781057358 69.066129371523857 51.073833867907524 47.668924376368523 271.83277750015259 56.690522968769073 96.68382716178894 58.340496301651001 137.64721304178238 86.581588312983513 1478.7162792980671 41.367052301764488 94.438654065132141 51.223106577992439 46.075015708804131
leaf_count=2194 236 384 409 364 277 4262 228 491 388 360 275 574 1066 2248 486 209 294 210 212 1123 254 401 280 697 354 8815 198 464 206 200
internal_value=0 0.0227684 -0.0208853 0.0134018 -0.0110181 -0.0263797 -0.0238572 0.00396056 -0.00488152 -0.0156265 -0.02463 -0.00758289 -0.0177246 0.0181728 -0.0197981 0.00906476 -0.00400096 -0.0253238 0.0135481 -0.0258274 0.00176373 -0.00306539 0.0120893 0.020765 -0.00686667 0.0303257 0.00846761 0.0112101 -0.0229175 0.00165631
internal_weight=0 2820.55 3074.94 1271.89 1110.56 1964.39 1459.17 433.114 485.137 625.418 1402.65 392.349 524.76 838.779 435.589 263.071 170.043 1335.83 157.686 1284.76 105.386 249.991 267.543 571.236 153.307 1548.66 194.146 135.806 314.561 100.977
internal_count=28159 15346 12813 6147 4521 8292 6098 1896 1994 2527 5870 1606 2118 4251 1758 1166 730 5595 703 5385 463 1032 1306 2945 631 9199 942 662 1272 436
is_linear=0
shrinkage=0.03


Tree=25
num_leaves=31
num_cat=0
split_feature=76 76 76 76 92 63 76 63 58 46 68 46 21 76 80 71 76 92 21 6 27 77 43 27 31 92 86 21 76 55
split_gain=3068 202.803 194.131 46.013 35.2666 26.855 22.2229 25.1449 15.8341 15.5757 14.5199 12.2732 13.6497 11.2482 9.74827 9.45723 7.25356 6.90125 6.45585 5.72071 5.69366 5.61311 5.13032 4.8243 4.82128 4.11885 4.02832 3.74146 3.49693 5.85579
threshold=7.5000000000000009 5.5000000000000009 10.500000000000002 8.5000000000000018 0.44705000000000011 0.60155000000000014 3.5000000000000004 0.45425000000000004 1.5000000000000002 1.0000000180025095e-35 1.0000000180025095e-35 1.0000000180025095e-35 0.59166666666666679 6.5000000000000009 0.91666666666666685 1.0000000180025095e-35 6.5000000000000009 0.66991666666666683 0.57738095238095244 7.2416169682049656 0.12905000000000003 0.54521249999999999 1.0000000180025095e-35 0.46265000000000006 1.0000000180025095e-35 0.70745000000000002 0.15434000000000003 0.62019230769230782 11.500000000000002 1.0000000180025095e-35
decision_type=2 2 2 2 2 2 2 2 10 8 2 8 2 2 2 2 2 2 2 2 2 2 8 2 8 2 2 2 2 8
left_child=1 6 3 11 14 16 -1 18 17 23 -9 12 -2 -10 -3 -12 -6 -7 26 25 -13 -11 -22 -5 -23 -15 -8 -21 29 -4
right_child=2 4 28 9 5 8 7 10 13 21 15 20 -14 19 -16 -17 -18 -19 -20 27 22 24 -24 -25 -26 -27 -28 -29 -30 -31
leaf_value=-0.032504439558163435 -0.0083079484955365379 0.008005670976518291 0.016168797660465931 0.0034232163992286117 -0.0074986305735849409 0.0027809076518862915 -0.021414513457550504 -0.014277034557584421 -0.020489910387286682 0.024061861181444887 -0.016817533393898281 0.00071312027808034643 0.0078703073444470056 -0.0095793165741756229 -0.0055855623243286166 -0.028995048450765445 0.0033529816308011679 -0.011336299647442287 -0.0070834679184273433 -0.01001697995499822 0.0047339156499597605 0.008655288945090071 0.015607282762549697 0.013611788897811374 0.019442159524719806 -0.021495954639958341 -0.011646517210520197 0.00056922265992163641 0.031771165882981629 0.027988707924932851
leaf_weight=497.96470810472965 87.482540160417557 98.061808079481125 103.81815429031849 62.58725968003273 115.07087674736977 58.878563746809959 187.6783841997385 114.35961313545704 365.5065374225378 332.43661315739155 114.43545413017273 50.863794237375259 80.558402314782143 95.085833817720413 75.472891703248024 854.30415531992912 91.581716015934944 49.546159461140633 73.651348829269409 60.210482224822044 71.532637789845467 86.156367212533951 124.76341634988785 199.08271986246109 135.27089762687683 58.067017406225204 104.33848306536674 50.740430369973183 1116.9345629513264 291.92887072265148
leaf_count=2183 376 409 604 305 463 240 793 475 1480 1725 477 225 348 386 312 3604 380 200 304 244 308 448 562 980 711 233 432 207 6806 1734
internal_value=0 -0.0205281 0.02307 0.0140451 -0.0102158 -0.0124788 -0.0263691 -0.0240519 -0.0151278 0.0181589 -0.0264649 0.00572789 -0.000545703 -0.0169363 0.00211237 -0.0277431 -0.00275676 -0.00408266 -0.0163905 -0.0114502 0.00984859 0.0210978 0.0120664 0.0113906 0.0158004 -0.015138 -0.0184256 -0.00552887 0.0302722 0.0253629
internal_weight=0 3064.95 2743.42 1230.73 1118.22 944.688 1946.73 1448.77 738.035 815.534 1083.1 415.201 168.041 629.61 173.535 968.74 206.653 108.425 365.668 264.104 247.16 553.864 196.296 261.67 221.427 153.153 292.017 110.951 1512.68 395.747
internal_count=27954 12822 15132 5988 4554 3833 8268 6085 2990 4169 4556 1819 724 2550 721 4081 843 440 1529 1070 1095 2884 870 1285 1159 619 1225 451 9144 2338
is_linear=0
shrinkage=0.03


Tree=26
num_leaves=31
num_cat=1
split_feature=86 83 43 83 21 83 83 83 12 79 12 79 86 39 4 15 75 86 83 86 33 13 86 86 34 5 21 43 70 63
split_gain=2353.3 374.217 201.644 109.848 67.6291 64.4372 53.0354 37.2119 29.2976 28.1103 17.6582 16.1922 13.6981 13.3473 12.9524 12.0591 12.6123 10.8671 10.6847 10.0787 9.95361 9.64296 9.21035 8.25341 7.15551 7.06188 6.89596 6.88698 6.86112 6.66291
threshold=0.27565000000000001 0.43989000000000006 1.0000000180025095e-35 0.42815000000000003 0.43650793650793657 0.6376900000000002 0.51008000000000009 0.30987000000000003 1.0000000180025095e-35 5.5000000000000009 1.0000000180025095e-35 4.5000000000000009 0.37995000000000007 0.029550000000000003 0 1.0000000180025095e-35 0.84375000000000011 0.14653000000000002 0.35852000000000001 0.50566000000000011 0.15925000000000003 1.0000000180025095e-35 0.13193000000000002 0.21391000000000002 1.0000000180025095e-35 2497.8350000000005 0.35416666666666669 1.0000000180025095e-35 inf 0.76125000000000009
decision_type=2 2 8 2 2 2 2 2 2 2 2 2 2 2 1 2 2 2 2 2 2 2 2 2 8 2 2 8 8 2
left_child=1 4 6 8 10 9 12 14 11 15 23 19 18 -9 -6 17 21 -3 -2 -4 22 -17 -15 -1 -5 28 -8 -11 -16 -19
right_child=2 5 3 24 7 -7 26 13 -10 27 -12 -13 -14 20 25 16 -18 29 -20 -21 -22 -23 -24 -25 -26 -27 -28 -29 -30 -31
leaf_value=-0.03037442040303379 -0.018175519711838971 -0.011975290636492495 0.0048185894374184217 0.021825305357832343 -0.0057807020714183846 0.01762150891604054 0.0018325138611330885 0.0012520127133942409 0.021717884013752159 -0.020664467837970005 -0.012958858645955052 -0.0032923703119555987 0.0059204928157509697 -0.011866077347318501 -0.024732960599447896 0.0003434998695940266 -0.003675339022760073 -0.0043822136365682055 -0.0033566858191046152 0.018723856198711499 -0.015506218896378134 0.016836203543290872 0.0046826669650946468 -0.017118687941902303 0.029646560277519926 -0.013112328944616893 0.015419675964525363 -0.0056360173817010068 -0.012084655432778681 0.009352855503652991
leaf_weight=937.08658969402313 85.389363706111908 82.243612825870514 123.14828373491764 274.67753665149212 52.684190213680267 171.42403653264046 44.564999878406525 69.292249485850334 162.52671121060848 69.772679090499878 86.413480862975121 106.56161434948444 48.096021667122841 54.179573521018028 656.593375608325 49.356753632426262 75.438969269394875 61.971810176968575 91.284392818808556 77.1762365847826 301.89811682701111 82.484495118260384 49.49466472864151 90.594623997807503 1420.0843969732523 108.26594725251198 176.95048776268959 57.221201434731483 72.137979969382286 47.475047633051872
leaf_count=4050 352 342 551 1545 217 852 208 289 855 291 357 491 210 222 2766 213 331 266 393 397 1246 374 205 380 8578 453 893 243 306 211
internal_value=0 -0.0172003 0.0211796 0.0249507 -0.0226434 0.00219204 0.00274594 -0.017906 0.0117582 -0.00307174 -0.0282349 0.0059646 -0.00736796 -0.010766 -0.0215549 0.000931547 0.00581489 -0.00437544 -0.0111089 0.0108112 -0.0128 0.0111214 -0.00424869 -0.0293821 0.0285144 -0.0224678 0.0128834 -0.0147986 -0.0236614 0.00185991
internal_weight=0 3176.03 2610.46 2164.17 2478.64 697.389 446.285 1364.55 469.413 525.965 1114.09 306.886 224.77 474.865 889.681 398.971 207.28 191.69 176.674 200.325 405.572 131.841 103.674 1027.68 1694.76 836.997 221.515 126.994 728.731 109.447
internal_count=28087 13614 14473 12417 10491 3123 2056 5704 2294 2271 4787 1439 955 1962 3742 1737 918 819 745 948 1673 587 427 4430 10123 3525 1101 534 3072 477
cat_boundaries=0 1
cat_threshold=1
is_linear=0
shrinkage=0.03


Tree=27
num_leaves=31
num_cat=2
split_feature=77 77 51 13 74 27 4 21 77 74 49 49 28 72 81 39 92 0 37 15 5 39 83 5 77 45 21 15 72 42
split_gain=2427.82 178.787 161.856 110.361 61.4643 56.863 41.8874 39.8531 24.3382 39.3165 18.4315 17.2031 16.6904 14.5876 14.7825 13.217 12.9634 11.4242 10.8134 10.1713 9.58363 9.39798 8.98055 8.1401 7.43581 7.41823 7.07449 6.77649 6.91383 5.49269
threshold=0.46924062500000013 0.54739375000000012 0.61190000000000011 1.0000000180025095e-35 13.500000000000002 0.61325000000000007 0 0.43650793650793657 0.63060937500000014 14.500000000000002 1.0000000180025095e-35 1.0000000180025095e-35 1.0000000180025095e-35 0.73615000000000008 0.5189166666666668 0.69435000000000013 0.7638166666666667 1 1.0000000180025095e-35 1.0000000180025095e-35 3149.3650000000002 0.6382500000000001 0.38229000000000007 1984.8150000000003 0.52144375000000009 0.072950000000000015 0.79285714285714304 1.0000000180025095e-35 0.67575000000000007 0.44295000000000007
decision_type=2 2 2 2 2 2 1 2 2 2 10 10 8 2 2 2 2 1 10 2 2 2 2 2 2 2 2 2 2 2
left_child=2 4 3 5 16 7 12 10 9 -3 -1 17 -5 20 -15 19 27 -9 26 -8 29 23 -21 25 -16 -7 -19 28 -2 -6
right_child=1 8 -4 6 13 21 15 11 -10 -11 -12 -13 -14 14 24 -17 -18 18 -20 22 -22 -23 -24 -25 -26 -27 -28 -29 -30 -31
leaf_value=-0.029385864582580336 0.020614152523074233 0.026132180064730719 0.012937232508116707 -0.0025145555666071292 -0.002657527467008554 -0.019777474175546306 -0.018529572228178248 -0.024212998008271359 0.029971478383643106 0.011569638450301439 -0.0095324998447465364 -0.0056506347556150331 0.01724560172275123 -0.010452652319712036 -0.0023994038012510976 0.0019152314313488205 0.0060877426323458642 -0.019701118301823948 -0.0045473341349810421 -0.013271536506623462 0.01559081258523093 0.0025306703928959979 0.0029763558944554823 -0.0017196511767589141 0.012155847098447026 -0.0055746616514390961 -0.0061691686458412763 0.023029162031268612 0.0058777712911723999 0.0094332720070347282
leaf_weight=964.99724073708057 47.709834530949593 621.23818553984165 136.82267521321774 75.53516848385334 81.654229789972305 96.018921226263046 184.05318665504456 537.45309104025364 909.53885750472546 260.6668608635664 56.594467639923096 82.310834690928459 64.015142157673836 122.9436851888895 66.367656618356705 50.450333684682846 90.053325653076172 447.48895780742168 64.145891755819321 58.995962515473366 67.115422010421753 49.788214534521103 49.577205196022987 61.209011912345886 46.004928410053253 63.321478813886642 50.043602183461189 230.90568953752518 80.890437871217728 44.210495457053185
leaf_count=4196 237 3674 596 315 370 395 761 2269 5726 1422 235 338 282 548 291 208 430 1888 263 244 315 207 205 253 223 260 208 1201 394 217
internal_value=0 0.0207688 -0.018215 -0.0196957 0.0095273 -0.0222521 -0.0064084 -0.0238513 0.026194 0.0220059 -0.0283891 -0.0197221 0.00709696 0.00131883 -0.00363638 -0.0119473 0.0171487 -0.0207154 -0.0170037 -0.0143216 0.00724258 -0.00883463 -0.00622704 -0.0113988 0.00406587 -0.0147958 -0.0184884 0.0196796 0.0124377 0.00197114
internal_weight=0 2669.3 3092.82 2956 877.856 2473.37 482.627 2203.03 1791.44 881.905 1021.59 1181.44 139.55 428.296 235.316 343.077 449.559 1099.13 561.678 292.626 192.98 270.338 108.573 220.549 112.373 159.34 497.533 359.506 128.6 125.865
internal_count=28171 15048 13123 12527 4226 10512 2015 9397 10822 5096 4431 4966 597 1964 1062 1418 2262 4628 2359 1210 902 1115 449 908 514 655 2096 1832 631 587
cat_boundaries=0 1 2
cat_threshold=1 1
is_linear=0
shrinkage=0.03


Tree=28
num_leaves=31
num_cat=1
split_feature=76 76 76 76 91 76 63 92 76 82 37 92 86 69 5 58 92 43 33 46 46 3 61 34 63 92 43 54 79 42
split_gain=2598.77 206.896 202.607 45.7699 29.8689 21.8618 22.2173 21.2624 16.0904 13.8645 11.2745 11.2385 11.2289 11.1861 10.9126 10.6847 9.08461 8.12013 7.49839 6.34052 6.11389 6.69936 6.00525 10.5958 7.51133 5.71217 5.65552 5.35808 4.91237 4.66181
threshold=7.5000000000000009 5.5000000000000009 10.500000000000002 8.5000000000000018 2.5000000000000004 4.5000000000000009 0.41445000000000004 0.69131666666666669 6.5000000000000009 4.5000000000000009 1.0000000180025095e-35 0.47265000000000007 0.13591000000000003 0.028050000000000002 2034.8100000000002 4.5000000000000009 0.70745000000000002 1.0000000180025095e-35 0.10805000000000002 1.0000000180025095e-35 1.0000000180025095e-35 0 4.5000000000000009 1.0000000180025095e-35 0.64355000000000007 0.77545000000000008 1.0000000180025095e-35 0.056600000000000004 3.5000000000000004 0.18305000000000002
decision_type=2 2 2 2 2 2 2 2 2 2 8 2 2 2 2 8 2 8 2 8 8 1 8 8 2 2 8 2 2 2
left_child=1 5 3 9 10 -1 12 -5 22 18 27 -11 -7 -8 -15 -12 26 -4 -2 -13 25 -22 23 24 -6 -9 -10 29 -21 -3
right_child=2 4 17 7 8 6 13 20 16 11 15 19 -14 14 -16 -17 -18 -19 -20 28 21 -23 -24 -25 -26 -27 -28 -29 -30 -31
leaf_value=-0.027873061154107277 0.00017182116022373625 0.0050501542738768702 0.015107415851147301 0.020243093621982601 -0.0095567220531630245 -0.017136049157494795 -0.0082618452884428203 -0.0042499825513207089 -0.0067393331884170148 0.01120736528057561 -0.0013402205038887899 -0.0092914075096406281 -0.0010656598546420269 -0.02611330251144546 -0.013189570226382554 0.015036366143050971 -0.011923108917196317 0.029627236515538339 0.013983300525610139 0.006492524443129942 0.016211716462262573 0.0019540581669604904 -0.0055589187022059006 -0.0070488891351926757 -0.022142974100518124 0.0085814959282093407 0.0026195717210562145 -0.012258615148647529 -0.0052410696758427499 -0.0068648526318643936
leaf_weight=1110.9494393020868 48.004784896969795 49.102540567517281 68.59849739074707 513.67412787675858 80.685015201568604 69.708576321601868 57.279520764946938 43.809860065579414 108.89568223059177 48.282839924097061 76.816540062427521 87.242483839392662 79.658262923359871 493.28412659466267 104.16198591887951 54.897012248635292 142.71051913499832 1394.4151758253574 127.22478303313255 59.48605178296566 123.35070453584194 58.86867268383503 66.798467636108398 101.62758953869343 222.48256611824036 68.780771508812904 105.7435248196125 54.228080794215202 50.007530301809311 49.373003721237183
leaf_count=4886 214 200 393 2725 326 293 237 216 443 218 318 369 328 2103 440 229 576 8907 574 262 647 304 269 411 910 338 436 224 214 203
internal_value=0 -0.0189224 0.0215186 0.0123847 -0.00853166 -0.0248876 -0.0204712 0.0165259 -0.01138 0.00421881 -0.000125656 -0.000445795 -0.00917026 -0.0228726 -0.0241143 0.00606478 -0.00631241 0.0290536 0.0104131 -0.00370948 0.00959759 0.0128919 -0.0150091 -0.0163969 -0.0192054 0.00364927 -0.00221724 -0.00550976 0.00114346 -0.00100585
internal_weight=0 3028.4 2691.75 1228.73 1113.36 1915.04 804.092 808.484 828.943 420.248 284.417 245.019 149.367 654.726 597.446 131.714 357.35 1463.01 175.23 196.736 294.81 182.219 471.594 404.795 303.168 112.591 214.639 152.704 109.494 98.4755
internal_count=28213 12832 15381 6081 4545 8287 3401 4230 3371 1851 1174 1063 621 2780 2543 547 1455 9300 788 845 1505 951 1916 1647 1236 554 879 627 476 403
cat_boundaries=0 1
cat_threshold=3
is_linear=0
shrinkage=0.03


Tree=29
num_leaves=31
num_cat=1
split_feature=76 76 76 76 63 76 63 73 76 77 79 45 92 55 71 21 40 57 16 4 39 79 37 68 33 21 45 92 21 76
split_gain=2459.38 214.067 176.014 47.6753 30.7671 26.4993 25.1305 18.4363 15.4366 14.8009 13.0528 11.1598 10.6817 10.3045 9.97483 9.94991 9.85034 8.61224 10.6054 8.21966 8.13352 7.16702 6.47484 5.06078 5.01893 4.10329 4.57972 5.37999 3.80127 3.78978
threshold=7.5000000000000009 10.500000000000002 5.5000000000000009 8.5000000000000018 0.49755000000000005 3.5000000000000004 0.45425000000000004 1.0000000180025095e-35 6.5000000000000009 0.49086562500000003 4.5000000000000009 0.46795000000000003 0.65215000000000012 1.0000000180025095e-35 1.0000000180025095e-35 0.59166666666666679 1.0000000180025095e-35 0.88305000000000011 169.50000000000003 0 0.31325000000000008 3.5000000000000004 1.0000000180025095e-35 1.0000000180025095e-35 0.28995000000000004 0.72077922077922085 0.045150000000000003 0.69381666666666686 0.60769230769230786 4.5000000000000009
decision_type=2 2 2 2 2 2 2 8 2 2 2 2 2 8 2 2 8 2 2 1 2 2 8 2 2 2 2 2 2 2
left_child=2 3 5 9 17 -1 15 8 19 13 -9 25 -5 -2 -8 29 20 18 -4 -6 -14 -11 -20 -16 -15 26 27 -10 -21 -7
right_child=1 -3 4 12 7 6 14 10 11 21 -12 -13 16 24 23 -17 -18 -19 22 28 -22 -23 -24 -25 -26 -27 -28 -29 -30 -31
leaf_value=-0.030469494134268329 -0.00059703243435362636 0.029118936399394696 -0.0053908718150918822 0.019283782933558338 -0.0066175756960429304 -0.019692875880093014 -0.013716469043150999 0.0052652096989113774 -0.0016293334742888918 0.0035196162434430948 -0.01207223291333848 0.0045525917352670425 0.010271846257925526 0.0051907918902486744 -0.015615690204091528 -0.0036021397724351045 0.015243407072677406 -0.0079370957756717524 0.0015389202596282718 -0.021267735431297695 -0.0042887816071479562 -0.0080577007658721948 0.015723630305077577 -0.026038969498506339 0.016609247797929279 -0.0019937588445200927 -0.017212672470509085 -0.013995869651666942 -0.011922165040480772 -0.010824316000089686
leaf_weight=482.20753407478333 80.639983341097832 1418.6176906824112 59.067331299185753 455.13163134455681 73.322731852531433 171.83259588479996 119.10076969861984 92.147844240069389 73.579373389482498 79.246132060885429 53.477894008159637 49.627897053956985 71.431134447455406 70.918755680322647 102.42520150542259 73.745507225394249 215.40019837021828 62.21084164083004 55.170175269246101 246.73782406747341 52.376009076833725 97.397875115275383 57.118846550583839 832.20918069779873 94.48576557636261 49.993211537599564 86.278942868113518 49.937438175082207 104.06665231287479 122.8595314770937
leaf_count=2193 353 9178 242 2444 296 746 505 381 300 350 220 203 366 315 433 308 1113 255 226 1013 266 419 237 3601 430 203 349 201 420 514
internal_value=0 0.0212138 -0.0183821 0.011837 -0.00879128 -0.0239109 -0.0214899 -0.0113369 -0.01325 0.00358244 -0.0014682 -0.00776548 0.0161304 0.00820696 -0.0239314 -0.0140593 0.0114683 0.000862867 0.00431918 -0.0169802 0.00425187 -0.00295358 0.0094501 -0.0250741 0.0122885 -0.0102001 -0.011976 -0.00730286 -0.0189026 -0.0164721
internal_weight=0 2635.65 3017.12 1217.03 1112.74 1904.38 1422.17 879.17 733.544 422.689 145.626 309.417 794.339 246.045 1053.74 368.438 339.207 233.567 171.356 424.127 123.807 176.644 112.289 934.634 165.405 259.789 209.796 123.517 350.804 294.692
internal_count=28080 15234 12846 6056 4546 8300 6107 3586 2985 1867 601 1256 4189 1098 4539 1568 1745 960 705 1729 632 769 463 4034 745 1053 850 501 1433 1260
cat_boundaries=0 1
cat_threshold=1
is_linear=0
shrinkage=0.03


Tree=30
num_leaves=31
num_cat=1
split_feature=76 76 76 57 92 76 51 76 76 76 92 79 77 49 64 0 42 79 55 91 86 77 33 72 77 76 79 86 77 92
split_gain=2343.96 204.25 170.643 30.6978 30.5538 27.4645 26.1535 25.8192 20.2746 14.455 13.4749 12.6938 12.5185 11.5445 10.7441 9.12389 8.47644 8.27387 6.81652 5.72295 5.67169 6.41312 5.6506 5.62282 5.33807 4.57595 4.42843 4.25788 4.16379 4.06725
threshold=7.5000000000000009 9.5000000000000018 5.5000000000000009 0.48035000000000005 0.69598333333333351 6.5000000000000009 0.48290000000000005 11.500000000000002 3.5000000000000004 8.5000000000000018 0.53365000000000007 3.5000000000000004 0.48034062500000002 1.0000000180025095e-35 1.0000000180025095e-35 0 0.42515000000000008 4.5000000000000009 1.0000000180025095e-35 2.5000000000000004 0.11995000000000001 0.44600625000000005 0.21965000000000004 1.0000000180025095e-35 0.41025312500000005 8.5000000000000018 3.5000000000000004 0.27565000000000001 0.43736875000000014 0.48785000000000006
decision_type=2 2 2 2 2 2 2 2 2 2 2 2 2 10 8 1 2 2 8 2 2 2 2 2 2 2 2 2 2 2
left_child=2 4 6 -4 9 14 8 18 -1 12 28 27 22 15 16 19 29 20 -3 -10 -12 -22 -2 -17 -16 -13 -14 -6 -7 -5
right_child=1 7 3 5 11 10 -8 -9 13 -11 17 25 26 -15 24 23 -18 -19 -20 -21 21 -23 -24 -25 -26 -27 -28 -29 -30 -31
leaf_value=-0.030417619484245394 0.0032153026277487872 0.015402507317478581 0.0087820383833644364 -0.0094392055909109079 0.00085741955295207085 -0.0014124343305373598 -0.001525316600513529 0.029514481360562776 -0.0068503493986277744 0.017163933936596019 -0.011521743515286276 -0.011459781050452283 0.0056096749842706028 -0.0065923087091899132 0.00080271774557518199 -0.014763035995177871 -0.0044565624224253116 -0.013927745437964973 0.023421964469557067 -0.018822561173267995 0.00620994639618987 -0.0055979544422426327 0.016575084468679273 -0.024833166026659057 -0.011522080978013325 -0.00067893300055112821 -0.0047902558288857944 0.010863063192897203 0.0086717161340144587 -0.019533686939534813
leaf_weight=468.67027604579926 46.875438362360001 225.78243058919907 74.66319315135479 72.942407667636871 80.453903362154961 75.421492069959641 47.412205368280411 1026.175929158926 67.442163437604904 252.96763187646866 51.465400815010071 68.134018659591675 57.863800168037415 51.410355359315872 58.696595057845116 108.68397064507008 54.700436994433403 116.50528086721897 538.85962937772274 149.44588068127632 61.691860362887383 88.124115630984306 95.356874629855156 990.77008377015591 55.633773192763329 67.286903649568558 70.63247050344944 66.412915766239166 57.90817204117775 339.45767061412334
leaf_count=2156 208 1296 308 295 364 315 196 6840 286 1318 207 290 260 214 237 463 222 471 3244 647 252 360 434 4306 224 326 308 319 246 1389
internal_value=0 0.0205102 -0.0183768 -0.00891597 0.00783954 -0.0102677 -0.0238609 0.0261377 -0.0244261 0.0120615 -0.00456715 -0.000137659 0.00685222 -0.0221672 -0.0145385 -0.0227212 -0.016553 -0.00785332 0.0212834 -0.0155658 -0.00384454 -0.000651322 0.0126725 -0.0239797 -0.00563896 -0.00651812 -4.01188e-05 0.00578602 0.00326679 -0.018014
internal_weight=0 2596.8 2991.05 1107.21 805.984 1032.55 1883.83 1790.82 1836.42 523.696 451.116 282.288 270.729 1367.75 581.431 1316.34 467.101 317.787 764.642 216.888 201.281 149.816 142.232 1099.45 114.33 135.421 128.496 146.867 133.33 412.4
internal_count=28001 15207 12794 4526 3827 4218 8268 11380 8072 2528 1851 1299 1210 5916 2367 5702 1906 1290 4540 933 819 612 642 4769 461 616 568 683 561 1684
cat_boundaries=0 1
cat_threshold=4
is_linear=0
shrinkage=0.03


Tree=31
num_leaves=31
num_cat=4
split_feature=77 77 77 74 51 4 40 42 21 49 5 49 77 4 4 21 77 31 46 83 46 21 79 36 17 3 15 51 92 28
split_gain=1999.61 157.709 132.451 62.8289 50.675 39.6102 38.2671 23.957 22.9168 21.7657 18.1884 17.7087 16.2714 15.8173 13.9852 13.6788 13.5112 13.1025 12.1534 11.9558 11.5631 11.4346 10.2247 9.40632 7.96398 7.22522 6.72607 6.22673 5.72531 5.66477
threshold=0.46705312500000012 0.58458437500000004 0.38381250000000006 13.500000000000002 0.61190000000000011 0 1.0000000180025095e-35 0.48815000000000003 0.59166666666666679 1.0000000180025095e-35 3959.5200000000004 1.0000000180025095e-35 0.51739687500000009 1 2 0.5634920634920636 0.52333437500000013 1.0000000180025095e-35 1.0000000180025095e-35 0.40365000000000012 1.0000000180025095e-35 0.5634920634920636 4.5000000000000009 0.43065000000000003 6.5000000000000009 3 1.0000000180025095e-35 0.46035000000000009 0.73975000000000024 1.0000000180025095e-35
decision_type=2 2 2 2 2 1 8 2 2 8 2 8 2 1 1 2 2 8 8 2 10 2 2 2 2 1 2 2 2 8
left_child=2 3 5 12 6 25 7 10 19 16 14 29 22 -11 15 -4 -5 26 -3 27 21 -15 -2 -10 -16 -1 -13 -7 -18 -8
right_child=1 18 4 9 -6 8 11 -9 23 13 -12 17 -14 20 24 -17 28 -19 -20 -21 -22 -23 -24 -25 -26 -27 -28 -29 -30 -31
leaf_value=0.00021252965222950054 0.016454530841142213 0.016563214612931483 -0.015452011605844624 -0.007747477330957468 0.010865164232062316 -0.026139788771511324 -0.01443297130977913 0.0046855517109842199 -0.017593042810117226 0.014237478951634259 0.00065772515101338079 -0.008348601378883571 0.02388299901740186 -0.012921546418042456 -0.02246764335093936 0.0033481963289385989 0.0099782245218145854 0.010411692489030107 0.027924490818791777 -0.0088446962090813 0.011803397402017446 0.0053201565536265634 0.0036938059713717362 -0.0033441703740123897 -0.0094191087255708576 -0.011991639100158852 0.0042389203986346142 -0.011418744546862097 -0.0026863982065362391 -0.0026562409143229384
leaf_weight=77.885993927717209 210.5835308432579 148.89624528586864 82.526387467980385 135.90326714515686 102.00676962733269 1182.5541389584541 100.88203477859497 48.135241493582726 320.54336373507977 243.30602902173996 50.733433693647385 86.270303666591644 297.25272896885872 50.590223580598831 362.4421009272337 50.989983886480331 77.936640381813049 93.199293315410614 1153.5998805314302 53.147325426340103 58.415958926081657 54.852737277746201 85.373681917786598 53.839408561587334 70.888749673962593 97.357861399650574 55.33296050131321 48.743363827466965 45.087290421128273 63.000869587063789
leaf_count=328 1050 910 340 593 455 5301 416 205 1371 1267 211 357 1750 225 1517 210 418 403 7731 223 305 254 408 227 293 413 232 207 224 262
internal_value=0 0.0194494 -0.0165722 0.0117349 -0.00856213 -0.0215923 -0.0105077 -0.0148627 -0.0230288 0.00528799 -0.0164367 -0.00305019 0.0187663 0.00953121 -0.0179516 -0.00853918 -0.0014908 0.00223731 0.0267618 -0.0250319 0.00212614 -0.00379315 0.0130145 -0.0156842 -0.0205936 -0.00748478 -0.00347474 -0.0256537 0.00548371 -0.0103188
internal_weight=0 2561.8 3000.48 1259.3 1166.41 1834.07 1064.4 665.716 1658.83 666.092 617.581 398.685 593.21 407.165 566.847 133.516 258.927 234.803 1302.5 1284.44 163.859 105.443 295.957 374.383 433.331 175.244 141.603 1231.3 123.024 163.883
internal_count=28106 15135 12971 6494 4901 8070 4446 2776 7329 3286 2571 1670 3208 2051 2360 550 1235 992 8641 5731 784 479 1458 1598 1810 741 589 5508 642 678
cat_boundaries=0 1 2 3 4
cat_threshold=1 1 1 3
is_linear=0
shrinkage=0.03


Tree=32
num_leaves=31
num_cat=0
split_feature=76 76 76 74 76 76 76 76 57 72 57 91 39 86 21 51 31 21 22 39 30 27 27 21 66 57 43 10 72 48
split_gain=2114.64 182.705 133.729 46.0279 27.903 27.447 25.3151 20.6351 16.2336 14.9218 12.3941 12.2257 10.5021 9.59204 8.47058 9.00114 8.10136 7.81123 7.67524 7.63555 9.63595 7.06805 6.28316 5.67874 5.20938 4.99934 4.7873 4.49257 4.49104 4.45467
threshold=7.5000000000000009 10.500000000000002 5.5000000000000009 13.500000000000002 4.5000000000000009 8.5000000000000018 6.5000000000000009 8.5000000000000018 0.60255000000000014 1.0000000180025095e-35 0.60435000000000005 2.5000000000000004 0.67725000000000013 0.14447000000000002 0.59166666666666679 0.24165000000000003 1.0000000180025095e-35 0.59166666666666679 0.13392857142857145 0.31325000000000008 0.63035000000000008 0.48485000000000006 0.44355000000000006 0.71008403361344552 0.38905000000000006 0.91125000000000012 1.0000000180025095e-35 10.013541666666669 0.75195000000000012 0.014250000000000002
decision_type=2 2 2 2 2 2 2 2 2 2 2 2 2 2 2 2 10 2 2 2 2 2 2 2 2 2 8 2 2 2
left_child=2 3 4 7 23 17 10 13 -6 -10 -4 22 19 -2 21 24 25 28 27 -7 -21 -12 -8 -1 -16 -11 -3 -13 -5 -29
right_child=1 26 6 5 8 12 11 -9 9 16 14 18 -14 -15 15 -17 -18 -19 -20 20 -22 -23 -24 -25 -26 -27 -28 29 -30 -31
leaf_value=-0.025796507180434185 -0.0015574112504588751 0.015507062722428884 0.0012899584617254301 -0.001657750934396809 -0.0017379183910570897 0.010021473617402547 0.010240992264522077 0.022056112038989707 -0.003188648172377398 -0.02228076958249239 -0.018775636380830362 -0.0007602524486559492 0.015369478693124215 0.01293137776702976 -0.0055743592580594177 0.0017838704083273454 -0.0059647558045908379 0.0026805455462275349 0.0027060810569806957 -0.0087912062060175478 0.0075827708316470897 -0.0070807988457535281 -0.0021209944130310375 -0.01321599180997062 -0.017517602735560092 -0.013498202905537094 0.028378871598304635 -0.004393899811990001 -0.014255032440576748 -0.013491207132602722
leaf_weight=1026.7081598341465 50.243916794657707 66.843512713909149 51.255743980407715 47.317638248205185 59.830706745386124 133.76330085098743 63.815229207277298 354.71852207183838 58.564683020114899 467.63711479306221 293.01293148100376 58.708931237459183 172.9829835742712 175.85463707149029 79.094914004206657 55.56712843477726 46.916607722640038 88.193628653883934 64.859716862440109 53.275289833545685 56.205870434641838 74.791851624846458 68.537623807787895 67.255551770329475 70.484282791614532 136.63108685612679 1269.4292828589678 92.595386788249016 53.812495738267899 136.92138375341892
leaf_count=4677 219 402 208 206 251 709 269 1967 244 2037 1205 238 915 805 320 225 198 380 269 277 297 304 291 291 286 594 8703 375 231 556
internal_value=0 0.0202601 -0.0170149 0.0115443 -0.0219185 0.00561672 -0.00865761 0.0175246 -0.0170616 -0.0183112 -0.0126145 -0.00341765 0.00985115 0.00978207 -0.0138592 -0.00831795 -0.0196025 -0.00371985 -0.00628668 0.00547486 -0.000453981 -0.0166479 0.00414016 -0.0251498 -0.0119473 -0.020547 0.027855 -0.00833321 -0.00904046 -0.0101577
internal_weight=0 2522.64 2973.19 1186.37 1863.54 605.551 1109.65 580.817 769.58 709.749 624.207 485.438 416.227 226.099 572.951 205.146 651.185 189.324 353.085 243.244 109.481 367.805 132.353 1093.96 149.579 604.268 1336.27 288.226 101.13 229.517
internal_count=27949 15111 12838 6006 8292 3015 4546 2991 3324 3073 2548 1998 2198 1024 2340 831 2829 817 1438 1283 574 1509 560 4968 606 2631 9105 1169 437 931
is_linear=0
shrinkage=0.03


Tree=33
num_leaves=31
num_cat=2
split_feature=76 76 76 76 58 76 92 92 86 76 89 92 77 21 86 79 3 43 21 39 83 7 43 48 79 25 21 4 43 48
split_gain=2005.06 175.105 129.111 35.894 28.658 23.3533 22.7066 17.2351 16.3791 15.3274 14.9854 13.5127 12.5736 10.8123 9.08042 9.11155 8.32445 8.20886 7.81092 7.51557 7.16954 6.86557 6.24527 6.11029 5.77052 5.58631 5.56806 7.02379 5.53685 5.3768
threshold=7.5000000000000009 10.500000000000002 5.5000000000000009 8.5000000000000018 1.0000000180025095e-35 4.5000000000000009 0.51505000000000012 0.47265000000000007 0.13591000000000003 6.5000000000000009 0.71065000000000011 0.55418333333333336 0.37443437500000004 0.62019230769230782 0.16278000000000001 3.5000000000000004 0 1.0000000180025095e-35 0.71008403361344552 0.0041500000000000009 0.34645000000000009 1395.3500000000001 1.0000000180025095e-35 0.10935000000000002 4.5000000000000009 1.0329861111111114 0.62019230769230782 1 1.0000000180025095e-35 0.77665000000000006
decision_type=2 2 2 2 10 2 2 2 2 2 2 2 2 2 2 2 1 8 2 2 2 2 8 2 2 10 2 1 8 2
left_child=2 3 5 7 -4 13 14 -2 -7 26 22 -5 16 -1 -6 -16 -10 29 24 -11 -14 -21 -9 -23 -12 -19 27 -8 -3 -13
right_child=1 28 4 11 6 8 9 10 12 19 18 17 20 -15 15 -17 -18 25 -20 21 -22 23 -24 -25 -26 -27 -28 -29 -30 -31
leaf_value=-0.025823107312596211 0.015742306799529218 0.014603681669407481 0.0085674428067545119 0.020717835828644095 -0.0092371113769209433 -0.02040812568082892 -0.0071029876249468051 0.0011603546431118426 0.0056658453411429603 0.0024240484955783573 -0.002616363058409261 0.0096915988423970992 -0.019927890136287103 -0.014901695028975617 0.0082643533169352353 -0.0048398584162829055 -0.0084264735641192186 0.020503735748852163 0.0047267272163991582 -0.013009235880633562 -0.0053373111264098426 0.0036594933780195959 0.014125730889309985 -0.0090181457970464635 -0.014625836610431167 0.010762823970302352 -0.0093252739178164099 -0.020657702529236543 0.027766254487283294 -0.0006443692993877057
leaf_weight=935.07713223993778 80.119315192103386 65.474106431007385 75.55465641617775 265.39640747010708 90.05388942360878 483.4458993524313 55.821068495512009 61.021969959139824 49.24787849187851 55.821791246533394 98.045181572437286 140.21108780801296 109.47664104402065 142.83061443269253 89.318761199712753 82.835804775357246 67.344940811395645 111.72864532470703 59.162528052926064 166.21609948575497 53.157328188419342 55.379950687289238 69.56598424911499 64.676149487495422 52.613598957657814 190.12030032277107 117.70134599506855 246.61263646185398 1261.046510130167 63.150541678071022
leaf_count=4312 374 397 312 1494 367 2121 226 264 208 228 429 713 472 623 372 344 288 617 258 673 221 225 319 264 223 1047 476 1022 8808 323
internal_value=0 0.0197463 -0.0166613 0.0112539 -0.00842006 -0.0215145 -0.00974364 0.00407284 -0.0169955 -0.0123363 0.000955423 0.0150703 -0.0105857 -0.0245262 -0.00203049 0.00203944 -0.0027147 0.0117591 -0.00396481 -0.00729085 -0.0157443 -0.00920309 0.00858067 -0.00333843 -0.00745967 0.0149103 -0.0161796 -0.0184633 0.0272307 0.00660217
internal_weight=0 2517.66 2940.57 1191.14 1099.99 1840.58 1024.44 420.529 762.673 762.229 340.409 770.607 279.227 1077.91 262.208 172.155 116.593 505.211 209.821 342.094 162.634 286.272 130.588 120.056 150.659 301.849 420.135 302.434 1326.52 203.362
internal_count=28020 15266 12754 6061 4509 8245 4197 1867 3310 3114 1493 4194 1189 4935 1083 716 496 2700 910 1390 693 1162 583 489 652 1664 1724 1248 9205 1036
cat_boundaries=0 1 2
cat_threshold=3 1
is_linear=0
shrinkage=0.03


Tree=34
num_leaves=31
num_cat=1
split_feature=76 76 76 74 89 76 63 73 76 92 43 92 92 21 21 79 21 21 76 0 27 66 76 6 43 54 30 12 76 79
split_gain=1987.83 169.749 139.355 43.7392 28.6749 28.2533 28.1405 21.6066 17.6919 16.8895 16.1483 14.5352 13.3848 12.1507 12.055 11.2146 10.0463 9.89777 9.14444 8.80928 8.6942 8.47753 8.23602 8.15386 7.35663 6.0776 5.91099 5.36944 4.84324 4.5776
threshold=7.5000000000000009 10.500000000000002 5.5000000000000009 13.500000000000002 0.63028333333333342 3.5000000000000004 0.45425000000000004 1.0000000180025095e-35 8.5000000000000018 0.72568333333333335 1.0000000180025095e-35 0.69598333333333351 0.28575000000000006 0.55050505050505061 0.57738095238095244 5.5000000000000009 0.27922077922077926 0.48076923076923084 9.5000000000000018 0 0.29035000000000005 0.71850000000000014 8.5000000000000018 7.6564861619495197 1.0000000180025095e-35 0.14685000000000004 0.44255000000000005 1.0000000180025095e-35 4.5000000000000009 2.5000000000000004
decision_type=2 2 2 2 2 2 2 8 2 2 8 2 2 2 2 2 2 2 2 1 2 2 2 2 8 2 2 2 2 2
left_child=2 3 5 8 9 -1 14 13 -2 17 -9 22 -8 21 16 20 -7 26 19 -13 -15 29 27 -14 -3 -21 -4 -5 -25 -6
right_child=1 24 4 11 7 6 12 10 -10 -11 -12 18 23 15 -16 -17 -18 -19 -20 25 -22 -23 -24 28 -26 -27 -28 -29 -30 -31
leaf_value=-0.028511159919441444 0.009976699202907835 0.013805961376537631 -0.0077225227905865544 -0.0041622917370586383 -0.0043822160510280884 -0.0053136974079840129 -0.0075792469054509906 -0.0086647036251410771 0.021467996850858644 -0.011083785863319805 0.010315820616880297 -0.013816758282058578 -0.024161233776673008 0.0012632740547084455 -0.00054247512561652125 -0.017578951810213236 -0.018110364693996465 0.01115029797298773 0.0068851070786238198 -0.0058640011243259668 -0.010009766431867516 -0.025586331115321395 0.012286808752370234 -0.021305878665984102 0.027778204887869831 0.0076825408527206596 0.0047377890767123527 0.0077931838841085056 -0.009134759493900458 -0.015309247392842874
leaf_weight=459.31575998663902 226.3026268184185 65.821320950984955 57.200263097882271 53.59815177321434 51.857370406389236 92.330435037612915 68.849914208054543 82.222031593322754 349.67583432793617 78.970542922616005 61.72322104871273 49.466810345649719 791.60772722959518 113.65390384197235 74.24604244530201 78.391655370593071 184.72709085047245 93.839488655328751 90.442370295524597 52.020267367362976 119.40922966599464 84.765296742320061 245.74505366384983 61.69049496948719 1238.3735748529434 47.481167316436768 60.437153935432434 63.971684813499451 99.522662311792374 234.54954428970814
leaf_count=2197 1031 403 235 234 214 400 296 337 1980 320 256 223 3533 462 315 319 818 387 489 238 486 351 1338 278 8808 221 250 280 432 964
internal_value=0 0.0197382 -0.016624 0.0113409 -0.00816786 -0.0217067 -0.0192407 -0.0109875 0.0172004 -4.50275e-05 -0.000384505 0.00555205 -0.0218028 -0.0131855 -0.0113922 -0.00837748 -0.0141795 0.00439144 -0.000209163 -0.00467844 -0.00468663 -0.0168943 0.00925238 -0.0227412 0.0271835 0.000711539 -0.00145129 0.00244384 -0.0147646 -0.0135454
internal_weight=0 2482.9 2949.31 1178.7 1117.02 1832.29 1372.97 826.572 575.978 290.447 143.945 602.726 1021.67 682.627 351.304 311.455 277.058 211.477 239.411 148.968 233.063 371.172 363.315 952.821 1304.19 99.5014 117.637 117.57 161.213 286.407
internal_count=28095 15245 12850 6034 4581 8269 6072 3389 3011 1192 593 3023 4539 2796 1533 1267 1218 872 1171 682 948 1529 1852 4243 9211 459 485 514 710 1178
cat_boundaries=0 1
cat_threshold=1
is_linear=0
shrinkage=0.03


Tree=35
num_leaves=31
num_cat=1
split_feature=76 76 76 76 91 92 86 63 92 45 5 78 36 92 31 16 49 73 16 4 33 33 92 48 45 45 67 40 36 31
split_gain=1858.4 177.308 116.024 38.0304 27.4137 17.3003 16.9744 16.0695 13.6875 12.7163 11.9871 11.6633 14.7904 10.9682 9.74871 9.66774 8.71992 8.67924 7.93193 7.78754 9.34342 7.48657 7.41156 6.03772 6.03469 5.40913 5.07179 5.01998 6.04492 4.89821
threshold=7.5000000000000009 10.500000000000002 5.5000000000000009 8.5000000000000018 2.5000000000000004 0.70511666666666672 0.21951000000000001 0.16085000000000002 0.47265000000000007 0.0044000000000000003 3763.7650000000008 5.5000000000000009 0.68345000000000011 0.34441666666666676 1.0000000180025095e-35 728.50000000000011 1.0000000180025095e-35 1.0000000180025095e-35 619.50000000000011 0 0.72015000000000007 0.0033500000000000001 0.74204999999999999 0.21415000000000003 0.66145000000000009 0.63085000000000013 inf 1.0000000180025095e-35 0.22675000000000003 1.0000000180025095e-35
decision_type=2 2 2 2 2 2 2 2 2 2 2 2 2 2 10 2 8 10 2 1 2 2 2 2 2 2 8 8 2 8
left_child=2 3 6 8 10 29 11 -6 -2 -8 13 12 14 -4 18 17 23 19 21 20 -9 -1 -7 -10 -21 -11 -15 -18 -29 -5
right_child=1 -3 4 5 7 22 9 15 16 25 -12 -13 -14 26 -16 -17 27 -19 -20 24 -22 -23 -24 -25 -26 -27 -28 28 -30 -31
leaf_value=-0.0077326071212252111 0.013481675469952973 0.026723986642424806 0.0061770645231118736 0.011744438188399153 0.0020291852869981138 -0.0020211675236983017 0.0019950271519635779 0.0012835285882678499 0.0011937270230884822 -0.019810449176202304 0.011545959520944175 -0.024782029882809958 -0.0018113524979814098 -0.0021574200714546137 -0.0050223280910034864 -0.00034699441695669692 -0.00096631373710778573 -0.0028153179807531709 -0.0084438891892267987 -0.017836009255372279 -0.013346669388224623 -0.022618369390322614 0.010212230137923156 -0.011547815734645479 -0.0054621511870531023 -0.0058872980782031853 -0.012523425553164175 0.015449595068252433 0.0017854793914047001 0.020036899168775529
leaf_weight=46.125523790717125 80.036783814430237 1281.8634907305241 67.673137664794922 148.86546377837658 71.36251974105835 52.089617997407913 46.100633934140205 59.505403652787209 58.241255506873131 89.870360419154167 49.694722592830658 849.78847961127758 46.258706763386726 91.245745539665222 46.069835186004639 54.327541694045067 101.6359760761261 67.170842632651329 62.1671312302351 416.80979311466217 97.011365190148354 580.84265141189098 211.68623687326908 63.632815390825272 50.743872195482254 48.6374551653862 78.745826691389084 44.462695851922035 69.188318312168121 339.98427683115005
leaf_count=212 376 9219 284 831 291 279 198 242 252 392 208 3899 201 376 200 222 448 274 279 1714 393 2664 1120 275 208 206 321 202 307 1926
internal_value=0 0.0190359 -0.0163229 0.0104564 -0.00854238 0.0144459 -0.0209818 -0.0113164 0.00308979 -0.0113652 -0.000540782 -0.0219942 -0.0186879 -0.00343222 -0.0197112 -0.0126037 0.000305632 -0.0135484 -0.0206073 -0.014641 -0.00804143 -0.0216618 0.00781083 -0.00583008 -0.0166356 -0.0156469 -0.0073883 0.00388367 0.0079483 0.0177977
internal_weight=0 2451.69 2920.15 1169.82 1104.29 752.626 1815.86 816.931 417.198 184.608 287.359 1631.25 781.464 237.665 735.205 745.569 337.161 691.241 689.135 624.07 156.517 626.968 263.776 121.874 467.554 138.508 169.992 215.287 113.651 488.85
internal_count=28019 15235 12784 6016 4533 4156 8251 3344 1860 796 1189 7455 3556 981 3355 3053 1484 2831 3155 2557 635 2876 1399 527 1922 598 697 957 509 2757
cat_boundaries=0 1
cat_threshold=1
is_linear=0
shrinkage=0.03


Tree=36
num_leaves=31
num_cat=0
split_feature=76 76 76 74 76 76 63 63 73 79 68 78 66 58 77 71 28 72 7 45 66 45 66 27 76 68 31 21 83 79
split_gain=1708.31 176.967 123.651 32.0873 28.683 24.5737 24.4104 18.6627 15.1725 11.8386 10.7904 10.2156 9.98101 10.0476 9.57875 9.11005 8.34278 8.31522 7.93495 9.74232 7.92491 9.69858 7.84143 7.58847 6.66179 5.96357 5.71198 5.21586 4.41438 4.18924
threshold=7.5000000000000009 9.5000000000000018 5.5000000000000009 13.500000000000002 11.500000000000002 4.5000000000000009 0.49755000000000005 0.42390000000000005 1.0000000180025095e-35 5.5000000000000009 1.0000000180025095e-35 5.5000000000000009 0.60465000000000013 1.5000000000000002 0.60943125000000009 1.0000000180025095e-35 1.0000000180025095e-35 0.67235000000000011 2163.1100000000006 0.15435000000000001 0.60040000000000016 0.26605000000000006 0.86585000000000012 0.10985000000000002 6.5000000000000009 1.0000000180025095e-35 1.0000000180025095e-35 0.55050505050505061 0.30529000000000006 5.5000000000000009
decision_type=2 2 2 2 2 2 2 2 8 2 2 2 2 10 2 2 8 2 2 2 2 2 2 2 2 2 8 2 2 2
left_child=2 3 5 22 14 16 18 17 10 20 -8 -10 13 -12 26 -9 -1 -7 19 -4 -5 -22 29 -15 -25 -17 -3 -14 -19 -2
right_child=1 4 6 9 -6 7 8 15 11 -11 12 -13 27 23 -16 25 -18 28 -20 -21 21 -23 -24 24 -26 -27 -28 -29 -30 -31
leaf_value=-0.02436963110277492 0.015497969951949547 0.01374103141777409 0.0039968103441064143 0.0078097477525115085 0.027884480107468142 0.0039249459644101715 0.00064762721692355769 -0.0044163972877574436 0.0049734485630983346 -0.0083168826355195461 0.0015964470565487309 -0.010503664174003453 -0.021873812401831311 -0.0031530453673756197 0.010296445498219372 -0.0071163628715629236 -0.012736301687182844 -0.0029531583093397227 0.0087672862827371575 -0.010035683454325818 -0.0090274657411087648 0.0060706928001083276 0.0021847759491901543 -0.017196068213324592 -0.0072217927070396676 -0.020075761509692175 0.022725251615422836 -0.010156320202541471 -0.016003793267352975 0.0043321570086807676
leaf_weight=946.74717970192432 305.72306843101978 146.24573287367821 87.549880370497704 160.70415951311588 919.26100385189056 49.219487175345421 59.586295306682587 48.277985215187073 93.747934892773628 91.534712925553322 59.706699877977371 50.982965141534805 132.33581854403019 88.209502354264259 126.84579688310623 49.282789140939713 96.278054878115654 48.16894406080246 71.987170413136482 73.027183249592781 69.284699663519859 64.574074879288673 60.634443134069443 181.80567726492882 121.8927221596241 517.14959394931793 443.88049824535847 84.250379219651222 48.238323017954826 43.975511908531189
leaf_count=4461 1545 908 359 783 6834 207 244 204 388 418 243 209 550 361 852 210 440 209 297 301 318 305 297 752 493 2319 2816 343 205 211
internal_value=0 0.018541 -0.0154626 0.00682873 0.0241658 -0.0202953 -0.00746481 -0.015751 -0.00974409 0.00056976 -0.0114868 -0.000805008 -0.0125624 -0.0096383 0.0190799 -0.0180279 -0.0234269 -0.00559918 0.00113561 -0.0025991 0.00351367 -0.00182835 0.0125644 -0.011347 -0.0135506 -0.0190912 0.0207648 -0.0179652 -0.0103735 0.0142533
internal_weight=0 2432.66 2908.44 796.431 1636.23 1803.36 1105.08 760.337 872.518 386.098 727.787 144.731 668.201 451.615 716.972 614.71 1043.03 145.627 232.564 160.577 294.563 133.859 410.333 391.908 303.698 566.432 590.126 216.586 96.4073 349.699
internal_count=28082 15287 12795 3877 11410 8255 4540 3354 3583 1824 2986 597 2742 1849 4576 2733 4901 621 957 660 1406 623 2053 1606 1245 2529 3724 893 414 1756
is_linear=0
shrinkage=0.03


Tree=37
num_leaves=31
num_cat=0
split_feature=76 76 76 75 76 51 42 51 88 76 63 76 72 68 5 28 25 30 43 30 37 58 25 55 30 9 10 77 30 69
split_gain=1659.03 153.202 109.154 43.9801 23.1748 22.311 24.0101 21.1335 18.2138 17.933 18.779 15.5539 12.1218 9.61704 9.26344 8.61612 7.85531 7.75509 7.03051 6.93996 5.89704 7.6332 5.93478 5.85559 5.64516 5.44357 5.115 5.02696 4.06871 3.47617
threshold=7.5000000000000009 10.500000000000002 5.5000000000000009 0.84375000000000011 8.5000000000000018 0.49595000000000006 0.6301500000000001 0.48290000000000005 2.5000000000000004 3.5000000000000004 0.47005000000000002 8.5000000000000018 0.78345000000000009 1.0000000180025095e-35 1916.9450000000004 1.0000000180025095e-35 9.0628472222222243 0.32210000000000005 1.0000000180025095e-35 0.48795000000000005 1.0000000180025095e-35 5.5000000000000009 16.05104166666667 1.0000000180025095e-35 0.78675000000000017 52.500000000000007 7.0010416666666675 0.40856562500000004 0.31815000000000004 0.69085000000000008
decision_type=2 2 2 2 2 2 2 2 2 2 2 2 2 2 2 8 10 2 8 2 8 10 8 8 2 2 2 2 2 2
left_child=2 3 7 11 12 6 8 9 -4 -1 29 23 16 28 19 20 -5 -17 -3 -6 26 22 -22 -2 -21 -19 -10 -24 -12 -11
right_child=1 18 5 4 14 -7 -8 -9 15 10 13 -13 -14 -15 -16 17 -18 25 -20 24 21 -23 27 -25 -26 -27 -28 -29 -30 -31
leaf_value=-0.025903635052055354 0.0008386182087931804 0.012483967816220558 0.0036120369729122016 -0.0041737168044562274 -0.0026470466103481116 0.0062524399161544113 0.0095782387418322738 4.2113338321689465e-05 -0.0054349760975818655 -0.0065431697075113053 -0.014900724328189259 0.020535791540235521 -0.010997523953909889 -0.02143521524363793 0.013093743411243494 -0.011156765899413296 0.011412785759911242 0.0053922475289626907 0.026434527879603775 0.01483411310701623 -0.0047772128088277542 -9.0974754866253286e-05 -0.0074536244666458208 0.01227378775700763 0.0020010674164178317 -0.005979189521784666 -0.017164780168737064 -0.022887595984236273 -0.0026764910574363626 -0.013808521910476488
leaf_weight=436.17242322862148 53.702980771660805 60.544362157583237 77.43650721013546 52.444427579641342 81.983543261885643 89.78389436006546 52.624567478895187 47.620759576559067 50.525276586413383 120.8274684548378 59.066811010241508 347.91527771949768 91.712421894073486 857.44174346327782 208.9821855276823 134.57191215455532 46.142143979668617 57.68990732729435 1181.1561708003283 51.929660484194756 75.729350998997688 65.846539929509163 48.89208959043026 172.46764385700226 68.788321971893311 76.469346791505814 312.03787478804588 49.523647919297218 46.114531800150871 222.0422835201025
leaf_count=2154 244 384 316 228 439 379 218 201 208 531 261 2026 392 3911 1131 549 202 236 8865 286 310 269 202 797 375 313 1285 202 201 993
internal_value=0 0.0185244 -0.0151149 0.0106273 0.00483947 -0.00753756 -0.00882362 -0.019668 -0.0099336 -0.0202041 -0.0181174 0.0165097 -0.00368685 -0.0203297 0.00877469 -0.0111648 0.00350055 -0.00633216 0.0258595 0.00391557 -0.0131816 -0.00887134 -0.0120061 0.00970905 0.008234 -0.0010545 -0.0157199 -0.0166149 -0.0102389 -0.0115062
internal_weight=0 2417.77 2880.42 1176.07 601.983 1091.13 1001.35 1789.29 948.722 1741.67 1305.49 574.086 190.299 962.623 411.684 871.286 98.5866 268.731 1241.7 202.702 602.555 239.992 174.145 226.171 120.718 134.159 362.563 98.4157 105.181 342.87
internal_count=28108 15369 12739 6120 3053 4487 4108 8252 3890 8051 5897 3067 822 4373 2231 3574 430 1098 9249 1100 2476 983 714 1041 661 549 1493 404 462 1524
is_linear=0
shrinkage=0.03


Tree=38
num_leaves=31
num_cat=0
split_feature=76 76 76 74 51 76 64 86 37 76 72 61 89 86 89 66 30 76 30 92 48 74 77 30 27 70 16 28 76 52
split_gain=1571.17 174.914 109.061 38.1456 25.4339 22.7415 21.9608 16.8313 16.2784 16.1764 15.1204 15.1025 14.0974 12.6521 11.1377 10.6983 8.45825 7.37168 6.59573 6.55949 6.48606 6.20961 6.07558 5.16905 8.59533 5.16113 4.5597 4.42307 4.2792 5.17503
threshold=7.5000000000000009 10.500000000000002 5.5000000000000009 13.500000000000002 0.61190000000000011 4.5000000000000009 1.0000000180025095e-35 0.22245000000000006 1.0000000180025095e-35 8.5000000000000018 1.0000000180025095e-35 4.5000000000000009 0.6448166666666667 0.13591000000000003 0.81264999999999998 0.74235000000000007 0.42755000000000004 6.5000000000000009 0.45425000000000004 0.70745000000000002 0.06405000000000001 12.500000000000002 0.38710625000000004 0.34515000000000007 0.25985000000000008 inf 414.50000000000006 1.0000000180025095e-35 8.5000000000000018 3.0434027777777781
decision_type=2 2 2 2 2 2 8 2 8 2 2 8 2 2 2 2 2 2 2 2 2 2 2 2 2 8 2 8 2 10
left_child=2 3 5 7 8 27 10 21 15 18 -7 12 16 -8 20 17 -10 23 -5 -16 -11 -2 -14 -4 -25 -12 -19 -1 29 -9
right_child=1 -3 4 9 -6 6 13 28 11 14 25 -13 22 -15 19 -17 -18 26 -20 -21 -22 -23 -24 24 -26 -27 -28 -29 -30 -31
leaf_value=-0.023154106858218407 0.011446372709104639 0.025994942747405141 -0.015334039524819163 0.0023316060160613796 0.0078703103700226863 -0.001332938828214236 -0.012989806513980349 0.01787930834911081 -0.0051689502966529056 0.0014057451078195646 -0.020157935430801372 0.0077045722813916025 -0.0010460293218001904 0.0025810373147074086 0.0050453767794548026 -0.018575049260396891 0.010177689935254315 -0.0067922253082414261 -0.0083018280660318092 -0.0085975342077838652 0.012760818427650795 -8.8949841495524349e-05 -0.013145218352670513 0.0022717384865624263 -0.012468815824874888 -0.0074509215626670832 0.0034131436675131702 -0.013388486895768307 0.02093051395325211 0.0051911479403086531
leaf_weight=935.76247499883175 86.261885687708855 1218.084878847003 167.14869584143162 102.74656672775745 83.9628896266222 48.026370659470558 82.653136819601059 62.964362680912018 59.996465563774109 58.958504498004913 483.51285840570927 74.018435478210449 48.91568586230278 89.67930905520916 69.271881565451622 152.69909428060055 50.661658093333244 113.98339752852917 90.614066481590271 42.900010779500008 232.39033754169941 74.23678120970726 177.66468068957329 55.252293407917023 78.136065065860748 47.07450558245182 50.391222134232521 94.184305757284164 269.63426813483238 67.205652505159378
leaf_count=4486 425 9231 691 445 356 204 362 297 244 322 2201 303 203 378 382 629 209 464 389 220 1271 358 728 227 320 201 206 436 1615 321
internal_value=0 0.0180857 -0.0147747 0.00960891 -0.00731308 -0.0193704 -0.0149775 0.0151719 -0.00861599 0.00422287 -0.0177549 -0.00385895 -0.00654574 -0.00518981 0.00758169 -0.0116717 0.00211828 -0.00906089 -0.0028147 -0.000448983 0.0105859 0.00641856 -0.0106878 -0.011809 -0.00663036 -0.0191892 -0.00364732 -0.0223984 0.0184435 0.0121662
internal_weight=0 2375.27 2893.72 1157.18 1112.83 1780.89 750.946 560.303 1028.87 596.881 578.614 411.257 337.238 172.332 403.521 617.611 110.658 464.912 193.361 112.172 291.349 160.499 226.58 300.537 133.388 530.587 164.375 1029.95 399.804 130.17
internal_count=28124 15276 12848 6045 4580 8268 3346 3016 4224 3029 2606 1687 1384 740 2195 2537 453 1908 834 602 1593 783 931 1238 547 2402 670 4922 2233 618
is_linear=0
shrinkage=0.03


Tree=39
num_leaves=31
num_cat=0
split_feature=76 76 76 74 76 63 92 88 76 76 72 42 14 79 5 25 46 30 89 5 51 68 76 89 76 17 15 27 63 49
split_gain=1470.67 152.196 115.056 44.7431 25.4796 22.9779 21.2549 18.1419 17.8763 17.413 14.7615 14.2486 9.70389 10.7295 9.3554 9.13019 8.82445 8.81474 7.98829 8.26632 7.93458 7.93321 6.87089 6.85397 6.82247 6.28605 5.84128 5.59072 7.5848 5.21339
threshold=7.5000000000000009 10.500000000000002 5.5000000000000009 13.500000000000002 3.5000000000000004 0.45425000000000004 0.44705000000000011 2.5000000000000004 8.5000000000000018 8.5000000000000018 1.0000000180025095e-35 0.60015000000000007 1.0000000180025095e-35 3.5000000000000004 1127.1150000000002 13.057986111111113 1.0000000180025095e-35 0.43155000000000004 0.67248333333333343 1069.8750000000002 0.45605000000000007 1.0000000180025095e-35 6.5000000000000009 0.72141666666666671 11.500000000000002 7.5000000000000009 1.0000000180025095e-35 0.11355000000000003 0.64155000000000006 1.0000000180025095e-35
decision_type=2 2 2 2 2 2 2 2 2 2 2 2 2 2 2 8 8 2 2 2 2 2 2 2 2 2 2 2 2 8
left_child=2 3 4 8 -1 15 22 -8 23 17 -7 12 20 14 -14 -6 -12 -5 -11 -20 25 -18 -4 -2 29 27 -25 -9 -29 -3
right_child=1 24 6 9 5 10 7 11 -10 18 16 -13 13 -15 -16 -17 21 -19 19 -21 -22 -23 -24 26 -26 -27 -28 28 -30 -31
leaf_value=-0.025533888260440989 0.014490908346246839 0.0099140000221806229 -0.0026453211118653316 0.0029507385777859676 -0.0017578549857939193 -0.0080828271479378901 0.0047211397256769821 -0.0073898460217041708 0.02020221303043794 0.013706998361163323 -0.0252267746988885 0.0041700265551603459 -0.007250307843506415 -0.011307719520244047 0.0088925899577543422 -0.012559186919064342 -0.006319849753317037 -0.0093575091979847692 -0.003261907342325206 0.0076277861720858552 -0.00095009054903023534 -0.018736088092545757 0.0087823639756999597 -0.0023694031762117053 0.026890815388526203 -0.0037814224829249609 0.0096127897042406572 -0.0077768635970305268 -0.018911881745997811 0.021831404832053168
leaf_weight=428.42065706849098 93.546644985675812 66.528549179434776 89.619605883955956 96.108569979667664 101.85353788733482 118.72483283281326 82.245877325534821 101.84531928598881 334.3537607640028 119.06063507497311 292.44224341213703 58.327048182487488 49.321268633008003 102.96323418617249 61.455878362059593 248.16440765559673 65.21861244738102 96.208907008171082 83.075284987688065 198.21901392936707 50.302139982581139 514.20182709395885 82.686031773686409 66.766463920474052 879.07908917963505 61.265006333589554 63.405752807855606 92.745324298739433 287.58073651790619 264.58203536272049
leaf_count=2159 442 494 364 418 449 527 336 422 1991 668 1348 242 200 418 250 1113 289 412 448 1075 208 2389 355 302 6908 249 294 378 1191 1934
internal_value=0 0.0177209 -0.0141346 0.00978153 -0.018887 -0.0165895 -0.00653002 -0.00827903 0.0158095 0.00393734 -0.0189558 -0.00955376 -0.010584 -0.00479138 0.00170008 -0.00955218 -0.020328 -0.00336477 0.00744156 0.00441013 -0.0125553 -0.0174695 0.00301953 0.00866095 0.0251283 -0.013593 0.00373643 -0.0147375 -0.0164653 0.0197977
internal_weight=0 2360.93 2889.38 1150.75 1769.03 1340.61 1120.36 948.052 558.073 592.672 990.588 865.806 807.479 213.74 110.777 350.018 871.863 192.317 400.355 281.294 593.739 579.42 172.306 223.719 1210.19 543.436 130.172 482.171 380.326 331.111
internal_count=28273 15386 12887 6050 8274 6115 4613 3894 3029 3021 4553 3558 3316 868 450 1562 4026 830 2191 1523 2448 2678 719 1038 9336 2240 596 1991 1569 2428
is_linear=0
shrinkage=0.03


Tree=40
num_leaves=31
num_cat=2
split_feature=76 76 76 89 75 76 76 69 79 92 86 92 75 3 78 12 54 16 57 46 3 10 92 82 25 5 5 46 30 42
split_gain=1453.6 162.595 101.828 53.6086 30.9849 27.7406 22.4072 15.5306 14.8274 12.9513 11.8806 11.3373 11.168 10.0873 9.99886 8.85956 8.58967 7.78811 7.19115 6.57984 6.31398 6.15477 5.70282 5.81393 5.57551 5.46322 5.00379 4.58042 4.37396 4.31139
threshold=7.5000000000000009 9.5000000000000018 4.5000000000000009 0.6448166666666667 0.84375000000000011 6.5000000000000009 11.500000000000002 0.60955000000000015 4.5000000000000009 0.30290000000000006 0.26578000000000002 0.58365000000000011 0.78125000000000011 0 5.5000000000000009 1.0000000180025095e-35 0.014600000000000002 264.50000000000006 0.72155000000000014 1.0000000180025095e-35 1 6.0406250000000012 0.5622166666666667 4.5000000000000009 1.0128472222222225 1423.4300000000003 2497.8350000000005 1.0000000180025095e-35 0.67355000000000009 0.44295000000000007
decision_type=2 2 2 2 2 2 2 2 2 2 2 2 2 1 2 2 2 2 2 8 1 2 2 2 10 2 2 8 2 2
left_child=2 4 26 7 10 9 19 -4 18 -5 12 28 -2 17 16 25 -13 27 -7 -3 -12 -11 -20 -24 -10 -15 -1 -9 -6 -23
right_child=1 6 3 5 11 8 -8 13 24 21 20 14 -14 15 -16 -17 -18 -19 22 -21 -22 29 23 -25 -26 -27 -28 -29 -30 -31
leaf_value=-0.02253726779642902 0.0126325219359016 0.012097003511257762 0.0100816930394156 -0.0011227769100843788 0.011683417837911221 -0.0087122093361325613 0.026978941123531469 -0.0098287857016666792 -0.0044319458025779499 -0.0083884424236128179 0.0019056996552724071 -0.0075340704747124416 -0.0016497749503947676 -0.016518180289187931 -0.011311822979497139 0.0013055582080604758 0.0056635144996634908 0.0064649983466133643 0.0093980890889213721 0.020611981670861756 0.018784672236772996 -0.017972963719517853 0.0051186667434082881 -0.0081725697630282632 -0.017822291976505606 -0.0033499591738976836 -0.013395359140344594 0.00048933638895041099 0.00042023628824951062 -0.0074899950187277365
leaf_weight=904.33493542671204 96.904552400112152 160.98555883765221 77.036966919898987 54.533645212650299 73.254619717597961 58.518222942948341 848.82195603102446 56.986802160739899 53.650943428277969 107.27487169206142 40.2019372433424 59.680046185851097 87.591987654566765 93.91517236828804 81.085742503404617 54.102807074785233 112.61963722109795 102.16612155735493 59.834420055150986 530.46204993128777 181.79113094508648 752.37364329397678 49.570246517658234 49.481547206640244 77.534482657909393 47.375257924199104 114.31677271425724 89.649198070168495 50.697306856513023 57.837261185050011
leaf_count=4404 474 979 324 227 360 239 6799 237 218 471 211 279 418 403 371 224 531 427 250 3644 978 3315 201 200 316 202 550 377 250 247
internal_value=0 0.0178273 -0.0140513 -0.00975376 0.00659101 -0.0129493 0.0234659 -0.00156618 -0.00547699 -0.015546 0.0122327 0.000354584 0.00611563 -0.00376377 -0.00326845 -0.0084729 0.000929698 0.000429747 -0.00053575 0.0188302 0.0168337 -0.0163819 0.00281322 -0.00166157 -0.0130478 -0.0126161 -0.0216515 -0.00389206 0.00745197 -0.0173251
internal_weight=0 2324.1 2860.49 1841.84 783.827 1320.61 1540.27 521.232 348.59 972.019 406.49 377.337 184.497 444.195 253.385 195.393 172.3 248.802 217.404 691.448 221.993 917.486 158.886 99.0518 131.185 141.29 1018.65 146.636 123.952 810.211
internal_count=28126 15294 12832 7878 3872 5684 11422 2194 1424 4260 2081 1791 892 1870 1181 829 810 1041 890 4623 1189 4033 651 401 534 605 4954 614 610 3562
cat_boundaries=0 1 2
cat_threshold=3 2
is_linear=0
shrinkage=0.03


Tree=41
num_leaves=31
num_cat=1
split_feature=76 76 76 76 58 74 92 64 74 92 22 79 21 40 21 33 21 3 79 21 25 54 92 48 74 36 92 76 39 17
split_gain=1358.43 196.237 67.7848 42.3961 26.1001 24.3644 23.9205 20.1931 18.8488 16.6502 15.7611 11.147 12.5533 11.6386 10.5096 9.50284 9.46943 8.54515 9.46193 7.3427 7.05313 10.3784 7.04539 6.90267 6.65756 7.64114 6.44119 5.67239 5.1976 5.01041
threshold=8.5000000000000018 6.5000000000000009 10.500000000000002 4.5000000000000009 1.0000000180025095e-35 13.500000000000002 0.48048333333333337 1.0000000180025095e-35 13.500000000000002 0.30836666666666673 0.13392857142857145 3.5000000000000004 0.55050505050505061 1.0000000180025095e-35 0.72077922077922085 0.49835000000000007 0.63961038961038974 0 3.5000000000000004 0.67948717948717963 7.0253472222222237 0.12500000000000003 0.68041666666666678 0.32415000000000005 11.500000000000002 0.22315000000000004 0.69131666666666669 11.500000000000002 0.49345000000000006 2.5000000000000004
decision_type=2 2 2 2 10 2 2 8 2 2 2 2 2 8 2 2 2 1 2 2 10 2 2 2 2 2 2 2 2 2
left_child=1 3 5 16 -5 -2 23 9 10 -6 14 12 -11 -14 24 22 28 26 -19 20 -10 -22 -9 -3 -8 -26 -7 -4 -1 -13
right_child=2 6 27 4 7 17 8 15 19 11 -12 29 13 -15 -16 -17 -18 18 -20 -21 21 -23 -24 -25 25 -27 -28 -29 -30 -31
leaf_value=-0.022652364045531025 0.018879060233677827 0.0033518700512474597 0.019725176098304712 0.0027426755789944938 -0.00035397668515473832 0.013911654061814003 0.0051429260025585132 0.0016756027527857638 -0.015041650418998794 -0.016383281873425738 0.014066035076729794 -0.013288753127917458 -0.010267855225877731 0.0062825241089028662 0.0091657966243271043 -0.015557787047207698 -0.011744494845013996 0.0097751215636561126 -0.0070337609183289693 0.00067675422970264862 -0.011648409212835355 0.0042852747119571421 -0.0094697370715889351 0.015341869982145793 0.00088460845714902691 -0.010194486470324261 0.0043755955557384738 0.026635473868176638 -0.0089440402012151872 -0.022113224100200193
leaf_weight=833.95578861236572 326.52434015274048 90.268934413790703 317.22779504954815 90.918292179703712 61.225659742951393 171.65534850955009 57.1295245885849 131.63255189359188 117.18697902560234 277.5869575291872 69.573212221264839 143.63048239052296 119.31149242818356 46.457742854952812 66.500180274248123 58.930884540081024 129.10745947062969 40.612335428595543 64.526683956384659 74.65817703306675 71.414987027645111 59.760891199111938 70.98257702589035 87.811199724674225 92.288076788187027 126.97841794788837 117.88151584565639 834.27986672520638 43.760892644524574 348.40465182065964
leaf_count=4140 1986 405 2388 380 255 977 242 551 487 1237 309 639 517 196 287 245 592 225 347 313 298 250 306 401 393 538 627 6809 209 1545
internal_value=0 -0.0116003 0.0203711 -0.0161605 -0.01251 0.0128699 0.000207069 -0.0136251 -0.00220721 -0.0155739 0.0020351 -0.0165558 -0.0125391 -0.00553598 -0.000735379 -0.00589946 -0.0208809 0.00755474 -0.000235427 -0.00752271 -0.00991827 -0.00460001 -0.00249072 0.00976549 -0.00335444 -0.00569616 0.00997194 0.024918 -0.0220774 -0.0198533
internal_weight=0 3269.48 1872.71 2355.91 1349.08 721.2 913.571 1258.16 735.49 996.617 412.469 935.391 443.356 165.769 342.896 261.546 1006.82 394.676 105.139 323.021 248.363 131.176 202.615 178.08 276.396 219.266 289.537 1151.51 877.717 492.035
internal_count=28094 14735 13359 10812 5871 4162 3923 5491 3117 4389 1769 4134 1950 713 1460 1102 4941 2176 572 1348 1035 548 857 806 1173 931 1604 9197 4349 2184
cat_boundaries=0 1
cat_threshold=5
is_linear=0
shrinkage=0.03


Tree=42
num_leaves=31
num_cat=0
split_feature=76 76 76 74 76 63 76 83 76 16 88 30 79 66 81 5 76 83 72 55 39 48 79 48 39 91 66 72 36 61
split_gain=1281.45 135.89 110.486 38.8248 20.1964 29.7734 18.5338 14.4001 13.6103 13.5283 11.5815 9.75631 10.3419 9.72448 12.7521 9.5677 8.68949 8.67752 7.27883 7.20282 6.49273 6.43356 10.5447 6.09708 5.71051 7.37216 5.63459 5.3748 5.30906 5.25555
threshold=7.5000000000000009 10.500000000000002 5.5000000000000009 13.500000000000002 3.5000000000000004 0.47005000000000002 6.5000000000000009 0.63515000000000021 8.5000000000000018 678.50000000000011 2.5000000000000004 0.46575000000000005 3.5000000000000004 0.66755000000000009 0.7045583333333334 1551.3650000000002 11.500000000000002 0.41555000000000003 0.60445000000000015 1.0000000180025095e-35 0.48670000000000008 0.37760000000000005 4.5000000000000009 0.48955000000000004 0.015150000000000002 2.5000000000000004 0.21925000000000003 1.0000000180025095e-35 0.068950000000000025 1.5000000000000002
decision_type=2 2 2 2 2 2 2 2 2 2 2 2 2 2 2 2 2 2 2 8 2 2 2 2 2 2 2 2 2 8
left_child=2 3 4 8 -1 15 10 13 23 17 -4 24 -13 21 20 -6 19 27 -12 -3 -15 22 -5 -2 -8 -26 -20 -7 -28 -9
right_child=1 16 6 7 5 9 11 29 -10 -11 18 12 -14 14 -16 -17 -18 -19 26 -21 -22 -23 -24 -25 25 -27 28 -29 -30 -31
leaf_value=-0.024182900784498598 0.004739194216258351 0.0090421559696668326 0.0037829298261296941 0.0066296384132843384 -0.011379808653333379 -0.011468932412675723 0.0039522920740575644 0.0031650393396206108 0.018927554242046417 -0.005183522006172332 -0.0028708385615462267 0.010394027314189664 -0.0031255595995001392 -0.013094688741417797 0.0084243724597382347 -0.00059913044780586153 0.026050559538832143 -0.0053214074669996145 -0.0070163104810445284 0.02119361581242029 -0.00014430371165253904 0.0088925813420091052 -0.010361989481149667 0.015534828087850824 0.0022321978521600279 -0.0092648280301484334 -0.0068253663827068526 -0.021458714336895949 -0.017157729188375461 0.015801292643206753
leaf_weight=419.27181807160378 151.6667985022068 81.510738268494606 50.132689863443375 69.04300831258297 249.05849412083626 92.305318027734756 49.426215440034866 50.242076143622398 326.64895734190941 69.711181655526161 98.526001557707787 91.860150009393692 94.754477888345718 85.585485458374023 46.783664986491203 105.38575680553913 821.54100874811411 43.926974669098854 162.56125389039516 227.66821546852589 55.181389823555946 141.41105070710182 46.292095527052879 69.386752799153328 61.773349195718765 197.36231109499931 79.718162909150124 747.05717086791992 217.73935875296593 91.858314007520676
leaf_count=2182 703 598 203 356 1129 419 204 271 2008 320 399 381 390 417 234 473 6836 190 673 1760 275 734 227 331 261 803 335 3542 914 496
internal_value=0 0.0167937 -0.0134222 0.00933135 -0.0181476 -0.0160433 -0.00593386 0.00386424 0.0150105 -0.0188151 -0.00939856 -0.00157326 0.00371956 0.00111042 -0.00396203 -0.00827882 0.0241309 -0.0198209 -0.0106274 0.0183737 -0.00836436 0.00482542 -0.000472905 0.00865353 -0.00479057 -0.00654303 -0.0121923 -0.0205081 -0.0147007 0.0118354
internal_weight=0 2264.82 2830.57 1134.1 1726.72 1307.44 1103.85 586.397 547.703 953.001 608.677 495.177 186.615 444.297 187.551 354.444 1130.72 883.289 558.545 309.179 140.767 256.746 115.335 221.054 308.562 259.136 460.019 839.362 297.458 142.1
internal_count=28064 15246 12818 6052 8255 6073 4563 3010 3042 4471 2524 2039 771 2243 926 1602 9194 4151 2321 2358 692 1317 583 1034 1268 1064 1922 3961 1249 767
is_linear=0
shrinkage=0.03


Tree=43
num_leaves=31
num_cat=0
split_feature=76 76 76 21 76 57 75 91 42 63 81 16 82 21 5 67 25 72 46 39 63 76 49 30 5 48 5 21 27 46
split_gain=1258.67 167.962 66.6386 37.803 26.1089 32.3476 19.058 18.6614 18.4419 14.6903 14.678 11.6142 9.53428 9.19809 14.1759 8.25758 7.2791 7.18452 6.69146 6.66902 6.58562 6.58356 7.11222 6.21965 7.6865 5.91245 5.57476 5.45929 5.09586 5.04741
threshold=8.5000000000000018 6.5000000000000009 10.500000000000002 0.62019230769230782 4.5000000000000009 0.60065000000000013 0.84375000000000011 2.5000000000000004 0.49650000000000005 0.10675000000000003 0.49308333333333337 678.50000000000011 3.5000000000000004 0.63961038961038974 1168.5350000000003 inf 19.067013888888891 0.11990000000000002 1.0000000180025095e-35 0.49345000000000006 0.24945000000000003 11.500000000000002 1.0000000180025095e-35 0.48055000000000009 1240.8900000000001 0.26365000000000005 669.8950000000001 0.59166666666666679 0.43195000000000006 1.0000000180025095e-35
decision_type=2 2 2 2 2 2 2 2 2 2 2 2 2 2 2 8 8 2 8 2 2 2 8 2 2 2 2 2 2 8
left_child=1 3 6 4 19 -6 -2 15 12 -7 20 17 -9 18 -15 25 -10 -11 -14 -1 -5 22 -4 24 -8 -3 -20 -26 -17 -24
right_child=2 7 21 10 5 9 23 8 16 11 -12 -13 13 14 -16 28 -18 -19 26 -21 -22 -23 29 -25 27 -27 -28 -29 -30 -31
leaf_value=-0.021992967571117537 0.017737991867127923 0.0035723943801368309 0.0078442939374228759 -0.00013355958685981652 0.0032936708704452066 -0.0011537038189179856 -0.0055289417510242097 0.0061345594742749964 -0.00027859366683442307 -0.0074379779794087478 0.0028890462791087311 -0.0019190259307912355 -0.013942398822904135 -0.0095967068334431079 0.0066224352103740241 0.0061776783850832767 0.014662963158428285 -0.018306699288993471 0.003247617944220967 -0.0073898257520772746 -0.011714545045166429 0.026228586281143471 0.0090763504162391408 0.010751261825713126 -0.00020282961055925722 0.016046037525002155 -0.0081088819585204107 0.012787442404458765 -0.0065345527320791819 0.023415038908952118
leaf_weight=820.01523891091347 324.01852133870125 66.815172448754311 59.471701726317406 51.042775571346283 87.009761556982994 61.712289676070213 55.54943385720253 53.272007063031197 52.500785127282143 79.536893740296364 91.093251317739487 49.207754462957382 146.71566917002201 79.149360060691833 96.47819422185421 46.161643803119659 55.495989441871643 732.37435182929039 48.456069484353065 42.427842646837234 330.84037831425667 801.71535394340754 44.371244981884956 228.08547785878181 49.723338395357132 80.077220782637596 123.71702875196934 59.224065691232681 47.38932940363884 203.60634721070528
leaf_count=4150 2014 298 462 223 365 261 303 229 236 336 387 217 607 331 408 201 246 3282 203 204 1458 6798 318 1278 276 364 520 325 209 1597
internal_value=0 -0.0112844 0.0197876 -0.0154905 -0.0174124 -0.0138583 0.0123798 -0.00022843 -0.00285188 -0.0154934 -0.00767922 -0.016496 -0.00509457 -0.00640185 -0.000810199 0.00675495 0.00799135 -0.0173454 -0.00936318 -0.0213675 -0.0102095 0.0244202 0.0190268 0.00762673 0.00292651 0.0109616 -0.00490991 0.00734009 -0.000271026 0.0213007
internal_weight=0 3241.49 1825.77 2345.26 1872.28 1009.84 716.601 896.228 655.785 922.831 472.976 861.119 547.788 494.516 175.628 240.443 107.997 811.911 318.889 862.443 381.883 1109.16 307.449 392.582 164.497 146.892 172.173 108.947 93.551 247.978
internal_count=28106 14735 13371 10883 8815 4461 4196 3852 2780 4096 2068 3835 2298 2069 739 1072 482 3618 1330 4354 1681 9175 2377 2182 904 662 723 601 410 1915
is_linear=0
shrinkage=0.03


Tree=44
num_leaves=31
num_cat=2
split_feature=76 76 76 74 51 76 21 51 21 57 83 86 81 82 0 16 42 83 16 76 55 74 0 72 86 81 46 42 80 5
split_gain=1154.64 146.079 89.2034 31.312 20.9585 18.888 17.5294 15.8519 14.8678 12.8262 10.3709 9.49119 11.9006 9.21487 9.20023 8.04678 7.99791 7.86448 8.41489 7.68461 8.38536 7.52478 7.34827 6.58729 6.47642 6.24097 5.42051 5.89727 5.04834 5.00505
threshold=7.5000000000000009 10.500000000000002 5.5000000000000009 13.500000000000002 0.48290000000000005 8.5000000000000018 0.63961038961038974 0.61190000000000011 0.62019230769230782 0.48035000000000005 0.41865000000000002 0.24359 0.67333333333333345 3.5000000000000004 0 619.50000000000011 0.47600000000000003 0.63515000000000021 544.50000000000011 11.500000000000002 1.0000000180025095e-35 14.500000000000002 1 0.80915000000000015 0.14447000000000002 0.2296816666666667 1.0000000180025095e-35 0.42515000000000008 0.91666666666666685 2497.8350000000005
decision_type=2 2 2 2 2 2 2 2 2 2 2 2 2 2 1 2 2 2 2 2 8 2 1 2 2 2 10 2 2 2
left_child=2 3 4 5 8 24 7 9 10 -4 16 12 25 -11 28 26 -1 18 21 20 -3 29 -10 -16 -2 -5 27 -15 -8 -13
right_child=1 19 6 11 -6 -7 14 -9 22 13 -12 17 -14 15 23 -17 -18 -19 -20 -21 -22 -23 -24 -25 -26 -27 -28 -29 -30 -31
leaf_value=-0.020220708093122777 -0.0026317342054764398 0.0085074608497345515 0.0040904885729655558 -0.00068202512536258875 0.0021013573669754235 0.01820448083776469 0.00073218071178631557 0.005091432686037194 -0.015414911505478154 0.00096555841125136579 -0.006885543532202232 0.0044998065664407548 0.0084054735786447746 -0.015540082176088741 0.0081044912825884424 -0.00084277234436080006 -0.0058235241360836279 0.012895991043330533 -0.0058226269685362408 0.025627713538163545 0.021247636267518119 0.00031535047519661702 -0.0054307671066468593 -0.0025788791130657517 0.0090631402455361252 -0.015781665735761889 -0.0045822008473921424 -0.004542130700820329 -0.011056999941098029 0.015680204582171692
leaf_weight=1244.5599232465029 50.489821687340736 82.292723909020424 50.032317668199539 45.099358767271042 47.195161461830139 311.31492164731026 52.817279189825058 63.974175408482552 152.07193636894226 51.98986192047596 73.239377096295357 92.966454222798347 43.283287659287453 413.67875562608242 115.01305635273457 54.412433102726936 45.793013051152229 92.166570514440536 65.402053758502007 791.50805250555277 225.66268096864223 141.33840091526508 140.40175199508667 82.343044012784958 173.90628902614117 46.917373478412628 71.884838044643402 60.383209362626076 71.061628937721252 64.414627209305763
leaf_count=6182 224 613 205 211 204 1957 216 272 703 216 319 485 213 1723 474 227 218 516 341 6838 1795 721 633 336 827 213 297 249 291 347
internal_value=0 0.0159868 -0.0129202 0.00828751 -0.0171959 0.0134814 -0.00612835 -0.00856713 -0.0177552 -0.00986518 -0.0191222 0.00343829 -0.00335828 -0.0109811 -0.000227268 -0.0120145 -0.0197585 0.00548243 0.00331136 0.0237351 0.0182178 0.005435 -0.01096 0.00373766 0.00643174 -0.0091733 -0.0130928 -0.014262 -0.0063513 0.00973925
internal_weight=0 2226.76 2790.85 1127.3 1703.26 535.711 1087.59 766.356 1656.07 702.381 1363.59 591.588 135.3 652.349 321.235 600.359 1290.35 456.288 364.122 1099.46 307.955 298.719 292.474 197.356 224.396 92.0167 545.947 474.062 123.879 157.381
internal_count=28066 15301 12765 6055 8259 3008 4506 3189 8055 2917 6719 3047 637 2712 1317 2496 6400 2410 1894 9246 2408 1553 1336 810 1051 424 2269 1972 507 832
cat_boundaries=0 1 2
cat_threshold=1 1
is_linear=0
shrinkage=0.03


Tree=45
num_leaves=31
num_cat=0
split_feature=76 76 76 74 89 86 83 21 76 73 43 86 63 46 48 72 42 17 5 16 76 33 42 15 51 5 72 43 77 12
split_gain=1144.56 123.941 88.2349 39.0613 23.1259 20.3605 14.9355 19.1218 14.4147 14.0899 19.5176 12.8941 12.3261 11.9127 8.92207 8.49014 8.89719 8.43526 8.15637 10.5902 8.1259 7.3502 7.14691 6.45259 6.39507 6.02907 5.93094 5.63226 5.22609 5.2089
threshold=7.5000000000000009 10.500000000000002 5.5000000000000009 13.500000000000002 0.62480000000000013 0.28663000000000005 0.42160000000000003 0.41428571428571431 8.5000000000000018 1.0000000180025095e-35 1.0000000180025095e-35 0.23391000000000003 0.61645000000000005 1.0000000180025095e-35 0.75065000000000015 0.78145000000000009 0.29385000000000006 7.5000000000000009 2666.2900000000004 278.50000000000006 8.5000000000000018 0.6946500000000001 0.19155000000000003 1.0000000180025095e-35 0.45605000000000007 1490.4850000000004 0.71675000000000011 1.0000000180025095e-35 0.50677187500000009 1.0000000180025095e-35
decision_type=2 2 2 2 2 2 2 2 2 8 8 2 2 8 2 2 2 2 2 2 2 2 2 2 2 2 2 8 2 2
left_child=2 3 5 11 13 6 7 25 15 14 -11 20 -10 22 17 16 -5 24 19 -14 23 -21 -4 -2 -6 -1 -15 -3 -17 -13
right_child=1 27 4 8 9 -7 -8 -9 12 10 -12 29 18 26 -16 28 -18 -19 -20 21 -22 -23 -24 -25 -26 -27 -28 -29 -30 -31
leaf_value=-0.023758913380948699 -0.0053183556662444991 0.011025946097990715 -0.012532864947007356 -0.0050110122410243554 -0.013546337987594565 -0.00038723524088403466 -0.0045355211052916893 -0.014491191331079119 0.015215594938419855 -0.00906536243318516 0.011758201252238537 0.012065079985951844 0.0064159629250492385 0.012238391594702679 0.0013644645488241939 -0.014756392165180203 0.01122811803532227 -0.0015196494069967964 0.0089997317000856947 -0.014978603455642007 0.014557501572248959 0.0017818534972034196 0.0021411634294140544 0.0085563375785526145 -0.0018211243036944124 -0.015970696101067289 0.0011564553812478467 0.023991170912956886 -0.0011546436271868672 0.02134525726419698
leaf_weight=551.56903603672981 51.254810765385628 56.50530019402504 55.619189545512199 53.214668273925781 490.8977909386158 64.941624328494072 83.154577434062958 770.48396944999695 107.58788645267487 82.38517501950264 62.144161403179169 141.78633433580399 80.573090955615044 73.264151901006699 52.72405643761158 48.554956614971161 49.710976287722588 74.065739557147026 123.60864141583443 45.358327597379684 72.609021604061127 37.647997751832008 50.226511657238007 49.967078939080238 49.366748675704002 226.25323270261288 95.815107509493828 1025.8937744870782 48.18572261929512 221.36686258018017
leaf_count=2818 227 394 227 230 2051 279 361 3675 618 338 258 804 447 306 217 206 220 303 686 247 428 207 206 227 205 1147 394 8870 205 1360
internal_value=0 0.0161866 -0.0126585 0.00912075 -0.00590682 -0.0169228 -0.0175746 -0.0182413 0.00372387 -0.00842864 6.97633e-05 0.0149178 0.00698766 0.00157216 -0.0102438 -0.00275472 0.00313191 -0.011246 0.003497 -0.00094006 0.00756078 -0.00800256 -0.00598591 0.00168423 -0.0125275 -0.0217249 0.00637366 0.0234215 -0.00872436 0.0181424
internal_weight=0 2213.83 2782.91 1131.43 1086.51 1696.4 1631.46 1548.31 594.442 811.584 144.529 536.984 394.776 274.925 667.054 199.666 102.926 614.33 287.188 163.579 173.831 83.0063 105.846 101.222 540.265 777.822 169.079 1082.4 96.7407 363.153
internal_count=28161 15376 12785 6112 4505 8280 8001 7640 3066 3372 596 3046 2205 1133 2776 861 450 2559 1587 901 882 454 433 454 2256 3965 700 9264 411 2164
is_linear=0
shrinkage=0.03


Tree=46
num_leaves=31
num_cat=0
split_feature=76 76 76 74 51 76 63 82 76 68 86 92 81 86 79 83 45 58 83 74 5 28 76 74 25 49 63 80 51 86
split_gain=1047.97 129.823 95.1794 27.4761 18.8866 16.3843 16.1085 16.0576 14.595 13.6416 12.7611 10.0903 13.3325 8.78028 11.8519 7.84931 9.81874 7.82498 7.59871 7.25458 8.12363 7.18832 7.16647 15.1938 6.75605 6.67499 6.30949 6.2259 8.80421 6.98955
threshold=7.5000000000000009 10.500000000000002 5.5000000000000009 13.500000000000002 0.48290000000000005 3.5000000000000004 0.47005000000000002 3.5000000000000004 6.5000000000000009 1.0000000180025095e-35 0.22528000000000004 0.58365000000000011 0.70765000000000022 0.12200000000000001 2.5000000000000004 0.43423000000000006 0.10275000000000002 1.5000000000000002 0.36095000000000005 11.500000000000002 513.70000000000016 1.0000000180025095e-35 11.500000000000002 14.500000000000002 1.0399305555555558 1.0000000180025095e-35 0.63775000000000015 0.91666666666666685 0.12135000000000001 0.25273000000000007
decision_type=2 2 2 2 2 2 2 2 2 2 2 2 2 2 2 2 2 10 2 2 2 8 2 2 10 10 2 2 2 2
left_child=2 3 4 10 5 -1 -7 -4 17 -8 -2 -5 18 -10 -15 24 -17 -9 -13 -19 -21 -12 23 -3 -16 -25 -22 29 -29 -20
right_child=1 22 7 11 -6 6 9 8 13 -11 21 12 -14 14 15 16 -18 19 27 20 26 -23 -24 25 -26 -27 -28 28 -30 -31
leaf_value=-0.022590091694623924 0.0059992117510132888 0.022075824322484464 0.0061282889136690128 0.0094600394634383397 0.0025237061105657203 -0.0089528945316588882 -0.005997576580449946 -0.0014792037708435102 -0.0093971727610334191 -0.018439576258434502 0.0098218288988956987 -0.012632502496853352 0.0096698600913203946 0.012228711388141312 0.0011658613082918135 0.012009846054919957 -0.0035463606288404712 -0.0027401439553312464 -0.0047527332706115682 -0.0024120470570414285 -0.006423142263323146 0.019980306555135208 0.025201951659723575 -0.0040001111576760413 -0.011003836716978504 0.011903250147774136 -0.01739914072918269 0.0051716883810765295 -0.010208458466592999 0.0093462052981434767
leaf_weight=395.43260285258293 161.61543373763561 207.53137267380953 97.77884416282177 193.47203685343266 43.515187710523605 335.0142760425806 101.48771448433399 96.441918671131134 101.34309577941895 803.43123857676983 131.39536991715431 41.982220873236656 109.11504988372326 51.989751130342484 63.40415270626545 53.226391181349754 78.602340430021286 84.607147589325905 40.874455437064171 61.167389214038849 79.642877548933029 228.87440538406372 760.91308765113354 31.778817787766457 97.968146622180939 52.884503498673439 223.67653532326221 46.086720377206802 78.387104377150536 81.095974341034889
leaf_count=2148 824 1703 406 1044 189 1551 465 392 411 3904 746 203 567 219 259 221 325 355 196 257 326 1414 6822 250 404 399 948 224 393 432
internal_value=0 0.0158182 -0.0119823 0.00855686 -0.0164491 -0.0169662 -0.0150063 -0.00501435 -0.00616277 -0.017125 0.01352 0.00402219 0.00120855 -0.0020713 0.000283491 -0.00216807 0.00313846 -0.00941416 -0.00220922 -0.0110488 -0.0128528 0.0166407 0.0233392 0.017815 -0.00643327 0.00614187 -0.0148141 -1.02326e-05 -0.0045528 0.00461928
internal_weight=0 2166.01 2768.73 1112.9 1678.88 1635.37 1239.93 1089.85 992.07 904.919 521.885 591.014 397.542 446.534 345.191 293.201 131.829 545.536 288.426 449.094 364.487 360.27 1053.11 292.195 161.372 84.6633 303.319 246.444 124.474 121.97
internal_count=27997 15217 12780 6043 8257 8068 5920 4523 4117 4369 2984 3059 2015 1839 1428 1209 546 2278 1448 1886 1531 2160 9174 2352 663 649 1274 1245 617 628
is_linear=0
shrinkage=0.03


Tree=47
num_leaves=31
num_cat=1
split_feature=76 76 76 74 76 89 64 76 76 45 45 76 92 92 21 89 45 92 81 79 89 5 69 92 60 69 4 25 86 25
split_gain=1029.23 113.284 95.3979 28.1112 23.4474 21.377 19.4177 16.4243 12.3544 10.9795 10.6936 10.2908 10.5593 9.65912 9.47863 9.2248 9.16333 8.6491 9.95219 7.85033 9.56432 7.56422 7.52209 7.09096 7.42434 6.98358 6.48243 8.51561 6.30768 6.06886
threshold=7.5000000000000009 10.500000000000002 5.5000000000000009 13.500000000000002 3.5000000000000004 0.66651666666666676 1.0000000180025095e-35 8.5000000000000018 6.5000000000000009 0.15905000000000002 0.47745000000000004 9.5000000000000018 0.51921666666666677 0.72815000000000019 0.77350427350427364 0.74301666666666677 0.6150500000000001 0.28575000000000006 0.75953666666666686 5.5000000000000009 0.6448166666666667 1984.8150000000003 0.69985000000000008 0.64606666666666679 0.72115000000000007 0.81695000000000007 0 11.047569444444447 0.13591000000000003 8.017708333333335
decision_type=2 2 2 2 2 2 10 2 2 2 2 2 2 2 2 2 2 2 2 2 2 2 2 2 2 2 1 10 2 10
left_child=2 3 4 7 -1 9 17 15 23 13 -10 12 -5 -4 19 -2 -11 -6 21 20 -14 -19 -8 24 -7 -26 27 -3 -24 -22
right_child=1 26 5 11 6 8 22 -9 10 16 -12 -13 14 -15 -16 -17 -18 18 -20 -21 29 -23 28 -25 25 -27 -28 -29 -30 -31
leaf_value=-0.023303338401787423 0.013017136774515478 0.017615280061898841 0.010122752936623519 0.010614520379382927 -0.0055127633529120533 0.00022062674475414724 -0.0017881516161313258 0.018070196497160552 -0.0058824361916361995 -0.010089478741318944 0.00812044999172855 0.0092964329373023073 0.0087691544328404245 -0.004467025525001795 0.009796228068579613 0.00075898648766526224 0.0036969163698856336 -0.019773192792995119 -0.0035097154950616753 -0.011951238190567056 -0.010559787148807159 -0.011136378115690512 -0.015471127131894129 -0.016352464465071131 -0.01470298465393991 -0.0014776321525912335 0.023198515607843258 -0.0028399484943238658 -0.0042617079711472234 0.0012927383113247978
leaf_weight=396.77666181325912 99.675457239151001 43.757560476660728 127.89987170696259 72.46200156211853 69.751393228769302 74.296067774295807 123.1560320854187 305.2628211826086 271.6568716019392 95.608093231916428 50.340750694274902 203.92133416235447 58.608195006847382 51.247071266174316 46.75616854429245 114.00607539713383 66.65398496389389 676.05310043692589 48.778842344880104 65.178540572524071 68.187078237533569 158.91075539588928 120.29968678951263 163.297123670578 121.17032913863659 52.824398681521416 968.02781485021114 24.049150444567204 84.619862109422684 73.488243564963341
leaf_count=2176 483 378 527 371 316 308 562 1976 1110 392 208 1212 286 209 223 531 279 3303 234 293 324 762 575 710 505 220 8593 208 384 348
internal_value=0 0.0154005 -0.012265 0.0086118 -0.0167199 -0.00521967 -0.014517 0.0136473 -0.00807372 0.000968065 -0.00351459 0.00401844 0.00105589 0.00593366 -0.00142312 0.00680333 -0.00454045 -0.0167022 -0.0175138 -0.00368309 -0.000551991 -0.0182807 -0.00785986 -0.0114725 -0.00775416 -0.0109863 0.0225074 0.0109278 -0.011256 -0.00473189
internal_weight=0 2143.38 2753.34 1107.55 1678.35 1074.99 1281.57 518.944 733.586 341.409 321.998 588.602 384.68 179.147 312.218 213.682 162.262 953.494 883.743 265.462 200.284 834.964 328.076 411.588 248.291 173.995 1035.83 67.8067 204.92 141.675
internal_count=28006 15226 12780 6047 8312 4468 6136 2990 3061 1407 1318 3057 1845 736 1474 1014 671 4615 4299 1251 958 4065 1521 1743 1033 725 9179 586 959 672
cat_boundaries=0 1
cat_threshold=2
is_linear=0
shrinkage=0.03


Tree=48
num_leaves=31
num_cat=3
split_feature=77 43 12 21 49 51 42 4 4 0 36 37 16 39 28 58 49 36 30 51 31 39 30 5 30 39 46 21 39 54
split_gain=841.363 116.214 113.906 47.4343 34.7201 31.5641 30.6414 22.4296 21.6475 19.5284 16.7311 16.3076 15.0496 12.3591 11.8382 11.084 10.767 10.081 9.57913 9.49421 9.43677 9.06113 9.91403 8.78364 7.75051 7.47423 6.99575 6.86448 6.61804 6.47578
threshold=0.478228125 1.0000000180025095e-35 1.0000000180025095e-35 0.59166666666666679 1.0000000180025095e-35 0.60035000000000005 0.64105000000000012 0 1 2 0.49675000000000008 1.0000000180025095e-35 728.50000000000011 0.62775000000000014 1.0000000180025095e-35 7.5000000000000009 1.0000000180025095e-35 0.28365000000000007 0.60305000000000009 0.45185000000000003 1.0000000180025095e-35 0.67395000000000016 0.67065000000000008 2802.4250000000006 0.47355000000000008 0.18655000000000002 1.0000000180025095e-35 0.35416666666666669 1.0000000180025095e-35 0.064150000000000013
decision_type=2 8 2 2 8 2 2 1 1 1 2 8 2 2 8 8 8 2 2 2 8 2 2 2 2 2 10 2 2 2
left_child=2 13 3 5 11 6 10 -6 16 -5 12 17 18 23 -9 21 -4 -3 26 24 -15 22 25 -2 28 -10 27 -1 -11 -12
right_child=1 4 8 9 7 -7 -8 14 15 19 29 -13 -14 20 -16 -17 -18 -19 -20 -21 -22 -23 -24 -25 -26 -27 -28 -29 -30 -31
leaf_value=-0.023132062468302798 -0.0067907890948661655 -0.0072481403820024385 0.00010756460502117388 0.0039299164334715775 0.023818457112890275 0.0029283053616405643 0.0065418811156334944 0.0036789065242567981 -0.0028776181728377109 -0.0018884423163440954 -0.011614074057802275 0.014670681296223707 -0.00065122773603408144 -0.001933986523417023 0.017465185974918664 0.010232245621833698 0.015978428185705721 0.0091887310339077502 -0.010485397385770102 0.0038830768287180686 0.010244205992985414 0.006485684054547994 0.0048656193770183799 0.0047123582817587689 -0.0015617717072575101 -0.014897752720052282 -0.0096692439854778028 -0.017087247536041416 -0.013197608613291863 0.00038751297350559483
leaf_weight=618.19341515004635 151.62632797658443 58.984820418059826 56.25432188808918 132.9193097949028 908.0808644220233 75.297060653567314 45.284257650375366 91.64214938133955 91.556360736489296 58.000439643859863 142.13316006958485 228.2497396916151 42.230360820889473 77.385238334536552 166.38440948724747 47.731197148561478 112.63855181634426 55.524317838251591 144.6003477871418 44.368251487612724 183.27645388245583 50.650604099035263 47.873108938336372 86.020781710743904 86.953628242015839 99.008654609322548 82.984255433082581 508.22200183570385 338.21629804372787 54.264840796589851
leaf_count=3247 740 361 247 584 7811 333 201 554 400 265 635 1694 203 374 1264 207 535 327 637 200 1051 214 205 421 373 428 375 2484 1537 234
internal_value=0 0.0149144 -0.0103336 -0.0130781 0.01904 -0.0157097 -0.0165791 0.0215302 0.00255208 -0.00611922 -0.0172732 0.0101978 -0.0184469 0.00229364 0.0128887 -0.00187577 0.0109937 0.000819809 -0.0189931 -0.00867722 0.00669087 -0.00415019 -0.00657965 -0.00260486 -0.00988595 -0.00955413 -0.0199159 -0.0205791 -0.0116294 -0.00843992
internal_weight=0 2007.18 2879.38 2373.67 1508.87 1713.21 1637.91 1166.11 505.713 660.458 1592.63 342.759 1396.23 498.309 258.027 336.82 168.893 114.509 1354 527.539 260.662 289.089 238.438 237.647 483.17 190.565 1209.4 1126.42 396.217 196.398
internal_count=28141 14597 13544 11308 12011 8349 8016 9629 2236 2959 7815 2382 6946 2586 1818 1454 782 688 6743 2375 1425 1247 1033 1161 2175 828 6106 5731 1802 869
cat_boundaries=0 1 2 3
cat_threshold=1 1 4
is_linear=0
shrinkage=0.03


Tree=49
num_leaves=31
num_cat=2
split_feature=86 4 43 83 83 12 40 12 18 49 46 5 81 86 79 3 37 54 49 25 79 13 39 83 16 40 5 81 33 46
split_gain=813.741 118.39 100.222 60.6652 37.8039 35.055 22.9637 19.7353 18.8208 14.8116 14.7171 14.4307 14.1566 12.4478 12.2287 11.9964 10.6334 9.43772 8.66562 8.574 8.16945 8.11102 8.10229 6.78298 7.29274 6.71311 6.22225 5.93397 5.60268 5.57069
threshold=0.29027000000000008 0 1.0000000180025095e-35 0.46606000000000009 0.36095000000000005 1.0000000180025095e-35 1.0000000180025095e-35 1.0000000180025095e-35 1.0000000180025095e-35 1.0000000180025095e-35 1.0000000180025095e-35 1830.8650000000002 0.4261166666666667 0.21679000000000001 4.5000000000000009 1 1.0000000180025095e-35 0.011150000000000002 1.0000000180025095e-35 13.014236111111112 5.5000000000000009 1.0000000180025095e-35 0.65905000000000014 0.21206000000000003 191.50000000000003 1.0000000180025095e-35 1097.6950000000004 0.58535000000000015 0.88735000000000008 1.0000000180025095e-35
decision_type=2 1 8 2 2 2 8 2 2 8 10 2 2 2 2 1 8 2 8 10 2 2 2 2 2 8 2 2 2 8
left_child=1 5 6 7 8 16 12 14 13 21 11 22 -2 -3 -4 20 28 -18 25 -11 -6 -7 27 -13 -25 -5 -8 -10 -1 -26
right_child=2 4 3 18 15 9 26 -9 10 19 -12 23 -14 -15 -16 -17 17 -19 -20 -21 -22 -23 -24 24 29 -27 -28 -29 -30 -31
leaf_value=-0.0059969454007180283 -0.016241743166562624 -0.022936891560318331 0.0085501193689816856 0.0036518831051102728 0.00014327975762707838 -0.0087884848629519435 -6.3587760488581735e-05 0.016711804490712093 -0.01797237188138311 0.015599566341789958 0.00050137403791664244 -0.014288214852397785 0.0016783381552161615 -0.0037671356651844761 -0.0035755566357070787 -0.012189105521240929 0.0063388576058919059 -0.0074248229835575334 0.023550401266864047 0.00080707338535734104 -0.0097363937040136819 0.0061458926432228188 -0.0033138391629558804 -0.011842387180141238 -0.0070396890008360934 0.017769350380557217 0.010384060523578854 -0.0091921353587736069 -0.01672009139243525 0.0052477842794355026
leaf_weight=170.83536574244499 77.524113461375237 398.10920360684395 202.60187464952469 45.511083588004112 250.81682901829481 52.024327233433723 78.652949132025242 185.41854774951935 747.98400059342384 157.17404998838902 61.658075451850891 87.550180569291115 69.453076243400574 37.661005288362503 108.51685111969709 191.88636633753777 94.728486143052578 68.438721045851707 883.26977682858706 46.126103483140469 97.486774422228336 59.47354569286108 46.908339753746986 58.835303261876106 45.085319548845291 141.46915132552385 136.89622800797224 113.31241376698017 61.510780707001686 73.669166207313538
leaf_count=756 346 2173 1095 325 1110 234 425 1249 3647 870 267 427 325 184 563 846 436 309 7812 252 428 309 206 277 205 1182 725 539 270 343
internal_value=0 -0.0101875 0.0148622 0.0181324 -0.0135972 0.00046696 0.000621559 0.00919933 -0.0158302 0.0078049 -0.0137081 -0.0144527 -0.00820626 -0.0214018 0.0043411 -0.00652842 -0.00542192 0.000470443 0.0221533 0.0124385 -0.00274003 -0.000972222 -0.0162762 -0.00784218 -0.00407208 0.014693 0.00673796 -0.016936 -0.00940855 0.000398388
internal_weight=0 2921.27 1929.31 1566.79 2210.96 710.311 362.526 496.537 1670.77 314.798 1235 1173.34 146.977 435.77 311.119 540.19 395.513 163.167 1070.25 203.3 348.304 111.498 908.205 265.14 177.59 186.98 215.549 861.296 232.346 118.754
internal_count=28135 14088 14047 12226 10652 3436 1821 2907 8268 1665 5911 5644 671 2357 1658 2384 1771 745 9319 1122 1538 543 4392 1252 825 1507 1150 4186 1026 548
cat_boundaries=0 1 2
cat_threshold=1 3
is_linear=0
shrinkage=0.03


Tree=50
num_leaves=31
num_cat=2
split_feature=83 43 42 51 51 21 83 48 79 21 48 79 36 25 21 5 40 25 36 83 1 21 80 54 39 79 89 4 5 39
split_gain=638.4 153.382 132.663 91.9406 72.3738 61.3805 36.6777 23.8551 21.9651 18.9169 17.9255 14.7413 13.6064 13.3533 13.3123 11.3118 10.9461 9.98389 9.86489 8.78283 8.65517 8.53404 8.05994 7.43159 7.01323 6.62902 6.55291 5.66694 5.63827 5.51147
threshold=0.43707000000000001 1.0000000180025095e-35 0.60375000000000012 0.60035000000000005 0.49595000000000006 0.62019230769230782 0.6376900000000002 0.63205000000000011 5.5000000000000009 0.41428571428571431 0.47755000000000009 4.5000000000000009 0.49675000000000008 19.001736111111118 0.67948717948717963 2666.2900000000004 1.0000000180025095e-35 6.0468750000000009 0.17185000000000003 0.49655000000000005 0 0.60769230769230786 0.7333333333333335 0.064150000000000013 0.71495000000000009 4.5000000000000009 0.52333333333333343 1 1830.8650000000002 0.11755
decision_type=2 10 2 2 2 2 2 2 2 2 2 2 2 8 2 2 8 10 2 2 1 2 2 2 2 2 2 1 2 2
left_child=2 4 3 5 6 7 8 9 14 24 13 15 26 25 17 20 19 18 -2 -3 29 -8 -5 -19 28 -4 -11 -28 -1 -7
right_child=1 16 10 22 -6 11 21 -9 -10 12 -12 -13 -14 -15 -16 -17 -18 23 -20 -21 -22 -23 -24 -25 -26 -27 27 -29 -30 -31
leaf_value=-0.022479288923936323 0.0049816868110014803 0.0023162514712304584 0.001437022163783451 0.023817379258787286 0.022053812192815655 0.00036744527292767237 0.0051809808888328085 -0.0043032490806189381 -0.011996071221029666 -0.0029535532390513749 0.016796412984738916 -0.010135761761560671 -0.0008787698388016185 0.010037148247567372 0.00875139999137684 0.010393287063623814 0.022648852554166547 -0.0025603699405967718 -0.0094950286559535926 0.016921302965040744 0.0036434819232096937 0.016539255313186833 0.0060355042487784307 0.0090136745383770072 -0.0068912074083038507 -0.011706939423779435 -0.0066498049432627219 -0.01657526246375347 -0.014546737150033991 -0.011183513653595939
leaf_weight=655.06154179573059 48.104882754385471 52.211705699563026 82.487028948962688 41.298061199486256 168.42678664624691 55.006222307682037 141.20972613245249 148.35871565341949 155.06360394507647 45.998749315738678 112.44834002107382 230.71971341967583 73.336156591773033 103.81858109682798 123.780681848526 60.781658880412579 767.1243234872818 98.666426301002502 174.16492646187544 156.26149052381516 98.1457664296031 113.76021487265825 58.65534532815218 84.537616953253746 46.094230860471725 47.168576814234257 77.81890632212162 532.07556185126305 182.87344805896282 100.84179735928774
leaf_count=3424 229 357 461 203 1334 246 829 650 681 230 777 1045 320 497 607 264 6864 451 805 1328 436 708 293 395 212 247 338 2586 930 447
internal_value=0 0.0122433 -0.0097208 -0.0122137 0.00453664 -0.0134466 0.00119635 -0.0161612 -0.00244071 -0.0172185 0.00748125 -0.00454713 -0.0132674 0.00248918 0.000529402 -0.000264901 0.0208589 -0.00213079 -0.00628231 0.0135369 -0.00311253 0.0106817 0.0148804 0.00297046 -0.0202928 -0.00384061 -0.0146186 -0.0154365 -0.02094 -0.00733029
internal_weight=0 2083.31 2752.99 2407.07 1107.71 2307.11 939.288 1761.62 684.318 1613.26 345.923 545.495 729.229 233.474 529.255 314.775 975.598 405.474 222.27 208.473 253.994 254.97 99.9534 183.204 884.029 129.656 655.893 609.894 837.935 155.848
internal_count=28194 14588 13606 11624 6039 11128 4705 8690 3168 8040 1982 2438 3474 1205 2487 1393 8549 1880 1034 1685 1129 1537 496 846 4566 708 3154 2924 4354 693
cat_boundaries=0 1 2
cat_threshold=1 1
is_linear=0
shrinkage=0.03


Tree=51
num_leaves=31
num_cat=0
split_feature=76 76 76 76 74 63 92 34 89 92 82 63 81 21 21 21 66 60 57 63 6 92 46 45 76 74 21 16 86 81
split_gain=842.671 134.239 57.4521 38.7232 35.4396 17.8887 17.3705 16.0156 14.46 13.066 12.1307 10.6083 11.0953 10.3808 9.79727 9.10391 9.05091 8.80002 8.44261 8.57227 7.98614 7.44015 7.00206 6.90886 6.54755 8.00104 7.54677 6.31349 6.28926 6.00723
threshold=8.5000000000000018 6.5000000000000009 11.500000000000002 4.5000000000000009 13.500000000000002 0.32335000000000008 0.4612500000000001 1.0000000180025095e-35 0.43953333333333339 0.4929 4.5000000000000009 0.61225000000000007 0.68555833333333338 0.62019230769230782 0.41428571428571431 0.62019230769230782 0.32695000000000007 0.46320000000000006 0.63895000000000013 0.63335000000000008 7.8399803816158462 0.33041666666666675 1.0000000180025095e-35 0.12255000000000001 10.500000000000002 14.500000000000002 0.5634920634920636 191.50000000000003 0.21951000000000001 0.46642
decision_type=2 2 2 2 2 2 2 8 2 2 2 2 2 2 2 2 2 2 2 2 2 2 8 2 2 2 2 2 2 2
left_child=1 3 4 15 22 -5 -3 9 -8 16 14 -6 24 -11 -10 20 21 -9 -12 23 28 -7 -2 -20 26 -26 -13 -16 29 -1
right_child=2 6 -4 5 11 7 8 17 10 13 18 12 -14 -15 27 -17 -18 -19 19 -21 -22 -23 -24 -25 25 -27 -28 -29 -30 -31
leaf_value=-0.022317282938336059 0.0073207482590626856 0.0095020491548834483 0.023521391575543209 -0.0013822948633230052 0.013831541587538465 0.00015669768257253809 0.013449257709977987 0.0056547493178098658 -0.0069860122564774719 -0.017353267489452092 0.0047779159452943989 -0.0083821150944918595 0.010812815428076203 -0.0082611076613044558 -0.0029114408650636006 -0.0094709296616865384 0.0042566719739027111 -0.0072421153802400811 0.0074624710461141256 -0.010358897868395396 -0.0092223768240604197 -0.01420044349921234 0.020394043703159136 -0.007176888648350822 0.015153676933532548 -0.0028069384262705663 0.0028876962516284667 0.0082580818544911536 -0.0084378789484852446 -0.010660201887624444
leaf_weight=584.11930288374424 57.868590459227562 150.16056607663631 704.87319483608007 196.16822424530983 138.62717661261559 47.465703099966049 44.901549085974693 55.303568661212921 69.640121817588806 501.73442330956459 51.284414142370224 87.0740647315979 141.59254479408264 182.96244694292545 56.749054297804832 130.34829880297184 52.446228578686714 179.82828861474991 47.706787034869194 251.01211486756802 89.745402857661247 91.465529873967171 342.27423186600208 48.354133933782578 41.531314514577389 34.67284420132637 110.94761970639229 157.11547853052616 55.598967403173447 72.451552137732506
leaf_count=3211 370 693 6876 835 936 201 204 237 304 2382 217 488 932 817 247 627 227 787 203 1046 472 415 2554 204 358 275 617 679 278 386
internal_value=0 -0.00939726 0.0170006 -0.0132784 0.0119917 -0.00981563 0.000552964 -0.0112788 -0.00139993 -0.013137 -0.00255803 0.00688455 0.0042981 -0.0150776 0.00214426 -0.0179787 -0.00579031 -0.0041018 -0.00587513 -0.00753897 -0.019228 -0.00961417 0.018728 0.000111578 0.000672243 0.00760398 -0.00223258 0.00529658 -0.0203437 -0.0212102
internal_weight=0 3116.56 1659.46 2239.64 954.588 1307.37 876.924 1111.21 726.764 876.074 681.862 554.446 415.818 684.697 283.505 932.264 191.377 235.132 398.357 347.073 801.915 138.931 400.143 96.0609 274.226 76.2042 198.022 213.865 712.17 656.571
internal_count=28078 14672 13406 10875 6530 5901 3797 5066 3104 4042 2900 3606 2670 3199 1230 4974 843 1024 1670 1453 4347 616 2924 407 1738 633 1105 926 3875 3597
is_linear=0
shrinkage=0.03


Tree=52
num_leaves=31
num_cat=2
split_feature=76 76 76 51 76 74 91 74 89 76 89 92 30 57 61 66 9 92 10 30 0 5 52 76 76 92 2 10 71 28
split_gain=828.212 106.382 55.0082 38.7816 30.6609 25.238 21.5065 18.5737 15.8255 10.485 9.24577 9.70631 8.78327 8.54992 7.20046 7.2639 11.4899 6.93631 6.79856 7.57599 6.60858 6.35086 6.32093 6.31647 5.88827 5.79354 5.77985 4.91805 4.84791 4.6436
threshold=8.5000000000000018 6.5000000000000009 11.500000000000002 0.60035000000000005 4.5000000000000009 13.500000000000002 2.5000000000000004 11.500000000000002 0.65335000000000021 9.5000000000000018 0.72298333333333342 0.56548333333333345 0.13545000000000004 0.90455000000000008 3.5000000000000004 0.30345000000000005 59.500000000000007 0.32195000000000007 32.039236111111116 0.47745000000000004 0 2751.9700000000007 6.0468750000000009 3.5000000000000004 9.5000000000000018 0.62618333333333343 1 30.064930555555559 1.0000000180025095e-35 1.0000000180025095e-35
decision_type=2 2 2 2 2 2 2 2 2 2 2 2 2 2 8 2 2 2 2 2 1 2 8 2 2 2 1 2 2 8
left_child=1 3 5 4 23 24 14 -3 12 25 13 20 -8 22 15 17 -17 -6 19 -14 -12 -13 -9 -1 29 -7 -10 -24 -25 -2
right_child=2 7 -4 -5 6 9 8 10 26 -11 11 21 18 -15 -16 16 -18 -19 -20 -21 -22 -23 27 28 -26 -27 -28 -29 -30 -31
leaf_value=-0.020529307175086248 0.0042541130194542519 0.010952253351491475 0.023964129225109182 0.013068103564620607 0.0002356926813904291 0.0076993391263059478 0.0027360737403328548 -0.0040963309319026978 -0.0035062696409924078 0.011061268334697467 -0.0069026522347174595 -0.0098983478569086812 -0.017034076113951996 -0.0088851193942325532 0.004493169168855172 0.010364489151028533 -0.0085971948443690754 -0.01328109479711451 -0.00018510823853100408 -0.0024068583022413934 0.0054522602821097449 0.00038092568637502122 0.0091275844007153162 -0.0062889155208644826 0.02154083572027243 -0.0024167059605391538 -0.015271958293651288 -7.3251388001329911e-05 -0.015591557752832004 0.015871438741249209
leaf_weight=379.17032797634602 55.169893965125084 108.91956846415997 682.81520012766123 45.388834729790688 47.994220808148384 83.410967215895653 75.880380362272263 61.964424207806587 47.303203403949738 366.286860473454 48.195676624774933 229.77788238227367 90.666690185666084 45.82111020386219 78.893022835254669 47.868964150547981 47.284284353256226 105.72911015152931 59.040315166115761 52.085883900523186 109.16460761427879 68.91963005065918 152.756845921278 77.740185007452965 241.19844748079777 104.37934823334217 625.36725267767906 76.79878893494606 458.02003146708012 105.56402830779552
leaf_count=2196 344 486 6784 187 203 469 335 272 222 2633 208 961 404 202 336 206 203 479 259 221 485 291 672 383 1947 531 2932 335 2361 682
internal_value=0 -0.00881752 0.0174246 -0.0123096 -0.0128918 0.0125541 -0.00975291 -0.00011448 -0.012023 0.00816376 -0.00175116 -0.00449586 -0.00570787 0.00198206 -0.00300984 -0.00546995 0.0010204 -0.00930436 -0.00886232 -0.012204 0.0014819 -0.00759106 0.00392819 -0.0171238 0.0182613 0.00223864 -0.0145081 0.00617484 -0.0143817 0.0123667
internal_weight=0 3140.75 1638.82 2238.43 2193.04 956.01 1278.11 902.319 950.344 554.077 793.399 456.058 277.673 337.341 327.77 248.877 95.1532 153.723 201.793 142.753 157.36 298.698 291.52 914.931 401.932 187.79 672.67 229.556 535.76 160.734
internal_count=28229 14839 13390 10927 10740 6606 5800 3912 4373 3633 3426 1945 1219 1481 1427 1091 409 682 884 625 693 1252 1279 4940 2973 1000 3154 1007 2744 1026
cat_boundaries=0 1 2
cat_threshold=1 2
is_linear=0
shrinkage=0.03


Tree=53
num_leaves=31
num_cat=0
split_feature=76 76 76 76 75 63 75 86 14 21 33 77 16 63 21 92 39 5 37 83 25 92 42 36 69 28 30 42 36 46
split_gain=787.344 110.808 56.8771 36.9021 28.6914 24.5529 19.7893 19.1154 14.6898 16.8523 11.3748 9.4873 9.42686 8.73647 8.65385 7.9947 7.86649 7.74075 7.44053 7.33708 7.46002 6.74166 6.66941 6.5452 6.30766 5.66918 5.55287 5.387 5.4014 5.31449
threshold=8.5000000000000018 6.5000000000000009 11.500000000000002 3.5000000000000004 0.84375000000000011 0.45425000000000004 0.84375000000000011 0.13591000000000003 1.0000000180025095e-35 0.60769230769230786 0.74515000000000009 0.49302187500000005 619.50000000000011 0.61425000000000007 0.57738095238095244 0.70745000000000002 0.62775000000000014 1752.1100000000004 1.0000000180025095e-35 0.42466000000000009 10.032291666666667 0.72815000000000019 0.22805000000000003 0.27995000000000009 0.19130000000000003 1.0000000180025095e-35 0.67355000000000009 0.039850000000000003 0.30685000000000007 1.0000000180025095e-35
decision_type=2 2 2 2 2 2 2 2 2 2 2 2 2 2 2 2 2 2 8 2 10 2 2 2 2 8 2 2 2 8
left_child=1 3 4 -1 29 14 7 -3 9 12 -10 21 26 -6 18 -15 17 -17 25 22 -21 -9 -8 -16 -11 -5 -7 -26 -29 -2
right_child=2 6 -4 5 13 8 19 11 10 24 -12 -13 -14 15 23 16 -18 -19 -20 20 -22 -23 -24 -25 27 -27 -28 28 -30 -31
leaf_value=-0.020515300779866064 0.0081001197626343838 -0.0044422676379670253 0.024084971449960395 -0.011564548606536468 0.014066627388025214 -0.016967885717788497 -0.015831042333077913 0.011738222794021601 0.0050232794265002495 0.0027692966120713581 -0.010018701748230699 -0.0036959626608680644 -0.0036945824218228935 0.008617828708736671 -0.003365451721389153 -0.013784912377606843 0.0070139663182185218 0.0023981499242047431 -0.0001453674417005268 -0.0056355247081930878 0.0051222721835918776 0.00036132272530535887 -0.0031020156601867816 0.010808249614823682 -0.012737587378556306 1.4415068719137775e-05 -0.0064713040969183004 0.00067414575092748243 -0.010840087714793278 0.020063004756715429
leaf_weight=378.13673008978367 58.0645397529006 153.22412261366844 669.97603265196085 178.84011083841324 139.5271078273654 764.70040318369865 69.292873755097389 261.68252055346966 73.145243838429451 45.908697336912155 91.668990880250931 49.638793036341667 65.07126659154892 246.43035997450352 53.672380864620209 40.818564772605896 72.198532171547413 50.612811356782913 123.94636233150959 125.66189490258694 91.651016741991043 57.435044005513191 81.073600590229034 46.411123558878899 138.85933414101601 47.629725843667984 65.709090530872345 86.867280468344688 52.109660804271698 335.72823709994555
leaf_count=2210 378 641 6781 858 953 3804 286 1186 321 204 400 232 313 1650 235 246 456 309 555 530 390 249 343 200 641 210 293 390 231 2572
internal_value=0 -0.00840077 0.0173711 -0.0119821 0.0124004 -0.0101215 0.000540521 0.00426318 -0.0120961 -0.0132291 -0.00343753 0.00790221 -0.0153646 0.00774603 -0.00392415 0.00531171 0.00012306 -0.00547336 -0.00611097 -0.00471734 -0.00107271 0.00976379 -0.00958929 0.00359199 -0.00703906 -0.00923171 -0.0162242 -0.00869967 -0.00408098 0.0185434
internal_weight=0 3102.34 1613.36 2212.68 943.38 1834.54 889.66 521.98 1384.04 1219.23 164.814 368.756 895.481 549.587 450.5 410.06 163.63 91.4314 350.416 367.679 217.313 319.118 150.366 100.084 323.745 226.47 830.409 277.836 138.977 393.793
internal_count=28067 14722 13345 10865 6564 8655 3857 2308 6597 5876 721 1667 4410 3614 2058 2661 1011 555 1623 1549 920 1435 629 435 1466 1068 4097 1262 621 2950
is_linear=0
shrinkage=0.03


Tree=54
num_leaves=31
num_cat=2
split_feature=76 76 76 37 74 78 89 42 36 17 42 7 3 55 80 42 46 36 27 43 92 78 7 34 72 63 48 7 4 36
split_gain=715.499 114.438 62.9017 21.5652 17.7027 15.406 13.6052 13.2889 13.1503 11.2108 10.9087 10.611 9.53505 9.30241 9.08553 9.16217 8.55076 7.98215 7.95166 7.87205 7.62586 7.44452 7.21222 6.72078 6.2765 6.34487 6.10439 6.80592 5.99604 5.29794
threshold=8.5000000000000018 5.5000000000000009 10.500000000000002 1.0000000180025095e-35 13.500000000000002 5.5000000000000009 0.45801666666666674 0.49650000000000005 0.69385000000000008 6.5000000000000009 0.44295000000000007 2281.8750000000005 0 1.0000000180025095e-35 0.7333333333333335 0.049150000000000006 1.0000000180025095e-35 0.20845000000000002 0.39495000000000008 1.0000000180025095e-35 0.35341666666666671 5.5000000000000009 1395.3500000000001 1.0000000180025095e-35 0.94575000000000009 0.45425000000000004 0.31035000000000007 716.15500000000009 1 0.64665000000000006
decision_type=2 2 2 8 2 2 2 2 2 2 2 2 1 8 2 2 8 2 2 8 2 2 2 8 2 2 2 2 1 2
left_child=1 5 4 7 -2 8 -5 11 10 20 23 13 26 -3 15 -15 -7 -13 -18 -4 -8 -14 -20 -1 25 -22 -6 -28 -21 -27
right_child=2 3 19 6 12 16 9 -9 -10 -11 -12 17 21 14 -16 -17 18 -19 22 28 24 -23 -24 -25 -26 29 27 -29 -30 -31
leaf_value=-0.013693655196038513 0.014684886470727833 -0.014780755387013508 0.0078601565962390131 0.013892624634878 0.0014381674509503087 -0.021773597314016672 0.007945032358254462 0.0033436580097656815 0.0044675289921009527 0.0081855435450607587 0.0020083086557220707 -0.0078226747816418866 0.0029069153122496657 0.0073328961369318255 -0.0096229015576009616 -0.0075547955262161041 -0.016196068681113372 0.0047137507119715547 -0.01122097643322818 0.010343664527677869 0.0055645953523193459 -0.012361797397716459 0.0031433775692691103 -0.0048822906576092787 -0.012072414534417533 0.00080550857444370509 -0.0005537614511472946 0.013582420851579687 0.02283537352376647 -0.0071243595983956163
leaf_weight=592.4884270876646 287.0012332201004 172.16211035847664 51.304269976913929 64.270803540945053 98.709613785147667 255.80723610520363 53.641319155693054 124.34680154919624 44.362286388874054 117.4333156645298 47.61995367705822 67.92238774895668 67.272322759032249 68.396931290626526 221.37522955238819 60.816760122776031 429.04489302635193 100.66131781041622 93.618367597460747 61.145704366266727 76.255711853504181 36.723088845610619 39.907357767224312 106.41203896701336 51.860301092267036 131.6065611243248 37.334702357649803 143.69996558129787 817.40465744584799 163.17584601044655
leaf_count=3093 1995 724 385 285 573 1346 243 554 204 506 233 286 387 296 947 258 2269 427 486 581 328 196 203 526 222 571 220 841 8237 694
internal_value=0 -0.00830472 0.016353 -0.00223988 0.00914624 -0.0138114 0.00178682 -0.00547166 -0.0105634 0.000268582 -0.0115039 -0.00708229 0.0047361 -0.00915836 -0.00606405 0.000286397 -0.0167849 -0.000492383 -0.0141758 0.0213989 -0.00181053 -0.00284653 -0.00700795 -0.0124399 -0.00320289 -0.0016789 0.0073988 0.0107907 0.0220922 -0.00367377
internal_weight=0 3083.19 1600.6 1473.93 670.741 1609.26 658.244 815.682 790.883 593.973 746.52 691.335 383.74 522.751 350.589 129.214 818.378 168.584 562.571 929.855 476.54 103.995 133.526 698.9 422.898 371.038 279.744 181.035 878.55 294.782
internal_count=28116 14701 13415 6341 4212 8360 2849 3492 4056 2564 3852 2938 2217 2225 1501 554 4304 713 2958 9203 2058 583 689 3619 1815 1593 1634 1061 8818 1265
cat_boundaries=0 1 2
cat_threshold=5 2
is_linear=0
shrinkage=0.03


Tree=55
num_leaves=31
num_cat=1
split_feature=86 83 28 21 43 83 79 46 15 40 5 83 14 49 49 46 3 46 49 37 39 39 10 10 5 86 43 5 74 61
split_gain=588.954 109.271 60.9368 41.7126 33.255 27.4644 18.1163 17.844 17.0031 15.179 13.6646 11.7839 11.3982 11.0399 10.9501 10.4897 10.2625 11.0725 11.5985 10.9205 9.32305 9.11198 8.37344 8.33698 8.0556 7.78428 10.6493 10.6335 8.5077 7.41507
threshold=0.31221000000000004 0.40365000000000012 1.0000000180025095e-35 0.41428571428571431 1.0000000180025095e-35 0.61167000000000005 5.5000000000000009 1.0000000180025095e-35 1.0000000180025095e-35 1.0000000180025095e-35 4867.0900000000011 0.40976000000000007 1.0000000180025095e-35 1.0000000180025095e-35 1.0000000180025095e-35 1.0000000180025095e-35 0 1.0000000180025095e-35 inf 1.0000000180025095e-35 0.62455000000000016 0.68065000000000009 29.046180555555562 31.011458333333337 1566.5050000000003 0.087270000000000014 1.0000000180025095e-35 2163.1100000000006 11.500000000000002 3.5000000000000004
decision_type=2 2 8 2 8 2 2 8 2 8 2 2 2 8 8 8 1 8 8 8 2 2 2 2 2 2 8 2 2 8
left_child=1 3 7 21 20 6 16 -2 11 13 12 14 15 -6 -9 -5 17 18 -3 -19 -4 24 -14 -18 -1 27 -27 -17 -28 -7
right_child=2 5 4 10 9 29 -8 8 -10 -11 -12 -13 22 -15 -16 25 23 19 -20 -21 -22 -23 -24 -25 -26 26 28 -29 -30 -31
leaf_value=-0.01972660454176382 -0.0057177192200780214 -0.0081768531885992903 -0.0017348221970079089 -0.014379232715051688 0.0012390402140561297 0.0046021098330080957 -0.010787155883247775 -0.014017086681859491 0.013328896254910872 0.022244277820381738 0.0059935712257695294 0.010530397554645965 0.0048939380954225635 0.016120916560156209 0.0029829883194723078 -0.012957518281499011 -0.0077542004056535257 0.00030807220128727076 0.0087809098399606877 0.017124402139456103 0.011866912903224228 -0.0026600014102430344 -0.0097092930893435854 0.0034700058978268549 -0.012062561507935683 -0.0087178947245836139 0.010326228155906583 0.0025188894563858114 -0.0035750028443113742 0.015738148833060402
leaf_weight=579.15485909581184 96.740815728902817 84.470982231199741 85.815589144825935 327.95898981392384 60.713627241551876 155.17515683919191 170.20396471768618 47.856994390487671 235.26138988882303 744.2734047845006 51.98220419883728 68.357754983007908 85.933121278882027 183.31013779342175 76.370688915252686 280.6260742098093 169.41673462837934 60.041197516024113 49.217736318707466 73.761798173189163 81.193004660308361 42.241230234503746 45.977717489004135 82.061788454651833 240.63406915962696 194.13278172910213 53.441008910536766 42.913544461131096 96.55979822576046 84.462258368730545
leaf_count=3155 485 386 441 1575 421 917 749 226 1661 7181 229 487 373 1561 383 1411 752 279 217 380 479 200 201 364 1270 914 242 209 445 526
internal_value=0 -0.00806939 0.0141007 -0.0119345 0.0179336 0.000462934 -0.00259193 0.00548188 0.00808698 0.0200163 -0.00815457 0.00134163 -0.00885379 0.0126128 -0.00412243 -0.00994156 0.000248937 0.00418606 -0.0017572 0.0101246 0.00517464 -0.0169539 -0.000521548 -0.00394793 -0.0176494 -0.00758177 -0.00425109 -0.0108908 0.00171346 0.00900031
internal_weight=0 2970.37 1679.89 2041.56 1155.31 928.812 689.174 524.588 427.847 988.297 1179.53 192.585 1127.54 244.024 124.228 995.632 518.97 267.492 133.689 133.803 167.009 862.03 131.911 251.479 819.789 667.673 344.134 323.54 150.001 239.637
internal_count=28119 14794 13325 10224 10083 4570 3127 3242 2757 9163 5599 1096 5370 1982 609 4796 2378 1262 603 659 920 4625 574 1116 4425 3221 1601 1620 687 1443
cat_boundaries=0 1
cat_threshold=1
is_linear=0
shrinkage=0.03


Tree=56
num_leaves=31
num_cat=0
split_feature=86 43 83 12 21 48 83 45 39 25 14 8 79 51 81 8 72 25 34 34 10 8 48 21 16 86 21 42 46 21
split_gain=594.176 78.0075 75.0823 51.6602 39.0191 22.8117 19.0499 16.8312 16.7639 16.1718 14.6681 14.409 13.0236 12.0983 11.4644 11.2567 10.7381 9.57857 9.19219 9.157 8.85997 10.6289 8.97468 8.03224 7.76073 7.54386 7.11469 6.99741 7.15614 6.34819
threshold=0.28281000000000006 1.0000000180025095e-35 0.43707000000000001 1.0000000180025095e-35 0.43650793650793657 0.46480000000000005 0.6376900000000002 0.63085000000000013 0.62775000000000014 19.071180555555561 1.0000000180025095e-35 7.679764470424753 4.5000000000000009 0.45185000000000003 0.4261166666666667 7.5937846865249181 0.67575000000000007 1.0649305555555559 1.0000000180025095e-35 1.0000000180025095e-35 35.014236111111117 7.8733217713451307 0.0052500000000000003 0.75961538461538469 326.50000000000006 0.16278000000000001 0.5634920634920636 0.049150000000000006 1.0000000180025095e-35 0.5634920634920636
decision_type=2 8 2 2 2 2 2 2 2 8 2 2 2 2 2 2 2 10 8 8 2 2 2 2 2 2 2 2 8 2
left_child=2 8 4 5 7 9 12 19 14 20 -5 13 16 18 -2 -16 25 -18 23 -1 21 22 -3 -6 -19 -4 -10 28 -13 -14
right_child=1 3 6 10 11 -7 -8 -9 26 -11 -12 27 29 -15 15 -17 17 24 -20 -21 -22 -23 -24 -25 -26 -27 -28 -29 -30 -31
leaf_value=-0.018681285802045002 -0.010491094189496177 -0.0019525197070365402 0.00017773265379930601 0.012539718418067726 -0.012926927961474155 0.01534841195334642 0.0088049911486855221 0.0015986332992706453 0.0014183979677904778 0.013538800840451224 0.022371131694930442 -0.014350553296116375 -0.013411740865913116 0.004060528286931449 -0.0058310055900328474 0.011532406824506113 -0.010118125395203672 -0.0036104612660921871 -0.0040604410474911808 -0.0092271426212104102 0.0083977978874172684 0.0055630647082863345 -0.018673824982065265 -0.0031150991148943836 0.010972801030527697 0.014292905532209427 0.014334192229486632 0.0038499958284127674 0.00025727562155069108 -0.0022791892217296178
leaf_weight=706.64869350194931 112.20455439388752 61.012393765151501 67.657162174582481 223.23103318363428 653.72340017557144 203.40091606974602 155.32528308779001 43.260112524032593 73.302054613828659 70.643966905772686 753.99119549244642 44.046201556921005 107.25325900316238 51.07663369178772 61.934537120163441 53.748969495296478 92.318702720105648 74.568546943366528 188.29478119313717 141.46368825435638 44.317842796444893 47.057166390120983 49.766581922769547 93.141178086400032 44.289956390857697 59.18467428535223 76.615383952856064 117.75062920153141 67.574400559067726 83.960436686873436
leaf_count=3871 515 355 292 1708 3201 1519 937 206 390 378 7462 203 474 231 303 264 433 341 846 708 265 308 275 428 204 274 447 532 319 379
internal_value=0 0.0131952 -0.00874369 0.016333 -0.0115365 0.00799267 -0.0001055 -0.0163089 0.00101439 0.00215936 0.0202751 -0.00793252 -0.00283544 -0.0094941 -0.00406213 0.00251209 0.00074065 -0.00336785 -0.0102696 -0.0172303 -0.00226798 -0.00558468 -0.0103886 -0.0117606 0.00225349 0.00732709 0.00850262 -0.00110204 -0.00621305 -0.00887973
internal_weight=0 1831.23 2791.54 1453.42 2106.98 476.199 684.558 891.372 377.805 272.798 977.222 1215.61 529.233 986.236 227.888 115.684 338.019 211.177 935.159 848.112 202.154 157.836 110.779 746.865 118.859 126.842 149.917 229.371 111.621 191.214
internal_count=28068 14189 13879 12270 10545 3100 3334 4785 1919 1581 9170 5760 2397 4706 1082 567 1544 978 4475 4579 1203 938 630 3629 545 566 837 1054 522 853
is_linear=0
shrinkage=0.03


Tree=57
num_leaves=31
num_cat=2
split_feature=76 76 76 74 89 76 21 82 63 86 86 68 71 74 86 51 51 45 49 89 30 45 92 0 5 12 3 72 83 30
split_gain=618.785 95.8015 57.2339 25.4765 19.0005 18.8501 15.8972 17.4857 13.5423 10.9409 10.9144 10.1012 10.9003 9.61292 12.3235 10.3544 9.37525 8.77985 8.1771 8.03846 7.87367 7.7176 7.2172 7.20259 6.73302 7.42771 8.51608 6.43601 5.52279 5.32384
threshold=8.5000000000000018 5.5000000000000009 11.500000000000002 14.500000000000002 0.64158333333333351 3.5000000000000004 0.67948717948717963 3.5000000000000004 0.45425000000000004 0.13591000000000003 0.26972000000000007 1.0000000180025095e-35 1.0000000180025095e-35 12.500000000000002 0.13193000000000002 0.099650000000000002 0.70045000000000013 0.031150000000000001 1.0000000180025095e-35 0.85483333333333344 0.30335000000000006 0.80015000000000014 0.66791666666666683 0 682.5200000000001 1.0000000180025095e-35 1 0.7894500000000001 0.39703000000000005 0.27685000000000004
decision_type=2 2 2 2 2 2 2 2 2 2 2 2 2 2 2 2 2 2 10 2 2 2 2 1 2 2 1 2 2 2
left_child=1 5 3 10 13 -1 7 -6 9 -7 17 20 -13 14 -3 -15 18 -2 19 -9 -10 -5 -19 -8 -12 26 -26 -17 -20 -25
right_child=2 4 -4 21 6 8 23 16 11 -11 24 12 -14 15 -16 27 -18 22 28 -21 -22 -23 -24 29 25 -27 -28 -29 -30 -31
leaf_value=-0.01914137287702514 0.012739869602940461 -0.0030595538906417067 0.022374854973924267 0.0049584356967440311 0.0068497387407015654 -0.010182302554784757 -0.0041585866458792196 -0.008139256839363224 -0.0105115016021031 0.0008375814165601219 0.0079608396351081925 -0.0044167560796392171 -0.015460727851883337 0.0067754130651424297 0.014651434991083897 0.00057136931483780173 0.0046151069787999316 0.0076988734189987352 -0.0065503076727195155 -0.017297350713664523 0.0048655981056506857 -0.0069805213270362938 -0.0089289287704245046 -0.00015781826526350905 0.013568474569610441 0.020440024477042216 -0.0033064092956495037 -0.010779562296042655 0.0055177878705508906 0.010548828613197347
leaf_weight=360.53856860101223 67.014939531683922 48.268951773643494 626.91549167782068 202.54621729254723 72.320130705833435 179.40742781758308 98.436831131577492 457.5539392977953 55.552965521812439 139.30378390848637 112.32779531925917 102.13031552731991 683.69180344045162 101.97245483100414 97.305395230650902 92.341323882341385 44.457541719079018 33.325796626508236 70.273631021380424 114.88048553466797 46.998730912804604 53.819878473877907 41.673119120299816 74.953664213418961 102.86795055866241 268.44211742281914 31.504447057843208 75.886407002806664 49.809707537293434 83.67245714366436
leaf_count=2189 436 199 6789 1284 318 894 414 1964 268 642 877 494 3586 431 438 405 200 207 298 495 221 386 243 320 755 2167 209 323 220 363
internal_value=0 -0.00786513 0.0153987 0.0104207 -0.0023706 -0.0130121 -0.00448035 -0.00652542 -0.0110391 -0.00548673 0.0135131 -0.0129478 -0.0140989 0.00301854 0.00895971 -0.000387878 -0.00791206 0.00561353 -0.00877052 -0.0102426 -0.00365812 0.00228408 -0.00150385 0.00196127 0.0155425 0.0174127 0.0103679 -0.00486649 -0.00150519 0.00578041
internal_weight=0 3049.76 1540.44 913.522 1482.13 1567.62 1066.36 809.295 1207.09 318.711 657.156 888.374 785.822 415.775 145.574 270.2 736.975 142.014 692.518 572.434 102.552 256.366 74.9989 257.063 515.142 402.815 134.372 168.228 120.083 158.626
internal_count=28035 14682 13353 6564 6388 8294 4592 3495 6105 1536 4894 4569 4080 1796 637 1159 3177 886 2977 2459 489 1670 450 1097 4008 3131 964 728 518 683
cat_boundaries=0 1 2
cat_threshold=1 5
is_linear=0
shrinkage=0.03


Tree=58
num_leaves=31
num_cat=1
split_feature=76 76 76 69 21 39 5 54 76 92 89 49 64 69 77 79 33 43 69 5 63 9 0 57 39 76 5 30 63 92
split_gain=617.339 78.5266 53.647 20.9423 19.3753 13.3381 13.6367 12.2894 11.6619 10.7954 10.3909 10.2266 10.1785 9.72519 10.2284 9.62276 8.81334 8.32781 8.27763 7.94942 7.59214 7.04409 6.80066 6.54009 7.52772 6.20143 6.11219 8.50652 5.93877 5.66414
threshold=8.5000000000000018 5.5000000000000009 10.500000000000002 1.0000000180025095e-35 0.57738095238095244 0.65555000000000008 1627.595 0.72565000000000013 6.5000000000000009 0.69131666666666669 0.64158333333333351 1.0000000180025095e-35 1.0000000180025095e-35 0.69255000000000011 0.42165312500000007 5.5000000000000009 0.22425000000000003 1.0000000180025095e-35 0.91055000000000008 2163.1100000000006 0.77465000000000017 74.500000000000014 0 0.88495000000000013 0.071250000000000022 4.5000000000000009 1437.3000000000002 0.21145000000000003 0.73645000000000016 0.7194166666666667
decision_type=2 2 2 2 2 2 2 2 2 2 2 8 10 2 2 2 2 8 2 2 2 2 1 2 2 2 2 2 2 2
left_child=1 4 9 20 5 6 25 8 13 -2 22 18 15 -5 21 16 -13 -4 19 -10 -3 26 -6 24 -12 -1 27 -15 -11 -18
right_child=2 3 17 7 10 -7 -8 -9 11 28 23 12 -14 14 -16 -17 29 -19 -20 -21 -22 -23 -24 -25 -26 -27 -28 -29 -30 -31
leaf_value=-0.019513123520707873 0.011696772611559499 0.013410778629422493 0.006845962192793079 -0.014672727140096696 -0.0054002679891796768 -0.001126138497743177 -0.0092577092064289879 0.0092872886251702431 -0.012868015464623067 0.0081618178077482451 -0.0019432839271876054 -0.0057597376390828526 0.009118455188684902 -0.0094606305733382304 -0.011786934393871297 -0.010300532800364146 0.0074072959870920907 0.021058832739516718 0.0033001353311358068 -0.0012304071474347729 -0.00043672299939743824 0.0044044006801641699 0.0096088509934391594 -0.0020314482023077174 -0.015997550115279067 -0.013045068898518516 -0.012943640152049147 0.0063319540060041467 -0.00093515403327442499 -0.0037145240716078892
leaf_weight=507.28169228136539 403.05718269944191 78.939658015966415 51.52407792955637 138.6402078717947 43.671935006976128 66.483757883310318 310.18786972761154 50.558618128299713 150.59265592694283 116.52787403017282 50.214134156703949 106.11508996784687 88.928955003619194 46.447260692715645 132.62648779153824 79.442167639732361 146.84196272492409 822.61994617432356 56.423342257738113 82.134619355201721 58.431583166122437 97.255778208374977 46.063426300883293 87.428904205560684 123.805659070611 324.37451657652855 51.985716417431831 57.444720864295959 128.18499974906445 48.921656608581543
leaf_count=2958 2705 352 395 594 214 323 1668 227 635 709 247 455 401 200 567 330 651 8789 239 350 256 418 216 426 610 1642 222 247 743 210
internal_value=0 -0.00788893 0.0154644 -0.00288815 -0.0125598 -0.0143689 -0.0151235 -0.00404827 -0.00464117 0.00871871 -0.00610945 -0.00221701 0.000530752 -0.00804449 -0.00535179 -0.00165385 0.00087892 0.020308 -0.00655411 -0.00898075 0.00789071 -0.00166035 0.00249523 -0.0090459 -0.0122681 -0.0171753 -0.00548169 -0.000939222 0.00354703 0.00458249
internal_weight=0 3031.24 1521.91 1471.73 1559.51 1208.33 1141.84 1334.36 1283.8 647.77 351.184 759.4 470.25 524.4 385.76 381.321 301.879 874.144 289.151 232.727 137.371 253.133 89.7354 261.449 174.02 831.656 155.878 103.892 244.713 195.764
internal_count=27999 14658 13341 6354 8304 6591 6268 5746 5519 4157 1713 3271 2047 2248 1654 1646 1316 9184 1224 985 608 1087 430 1283 857 4600 669 447 1452 861
cat_boundaries=0 1
cat_threshold=1
is_linear=0
shrinkage=0.03


Tree=59
num_leaves=31
num_cat=4
split_feature=86 12 12 43 21 37 4 4 4 36 49 21 74 42 21 63 51 30 21 39 4 58 13 39 79 81 39 82 9 5
split_gain=483.042 91.8765 74.6772 40.4926 31.8679 21.1867 18.0656 17.2815 16.4676 16.3381 13.9457 11.5713 9.6456 8.80157 8.53116 8.27097 8.07695 8.66598 7.99639 7.79815 7.77248 7.57253 7.46582 7.39979 6.53882 6.45078 6.14688 5.7708 5.67639 5.54258
threshold=0.25903000000000009 1.0000000180025095e-35 1.0000000180025095e-35 1.0000000180025095e-35 0.41428571428571431 1.0000000180025095e-35 0 1 2 0.73525000000000007 1.0000000180025095e-35 0.5634920634920636 13.500000000000002 0.31560000000000005 0.38750000000000007 0.071050000000000016 0.055350000000000003 0.45425000000000004 0.30952380952380959 0.62455000000000016 3 6.5000000000000009 1.0000000180025095e-35 0.70145000000000013 5.5000000000000009 0.54322666666666686 0.44315000000000004 4.5000000000000009 58.500000000000007 1464.7500000000002
decision_type=2 2 2 8 2 8 1 1 1 2 8 2 2 2 2 2 2 2 2 2 1 8 2 2 2 2 2 2 2 2
left_child=2 5 4 18 22 8 10 -5 25 15 -4 16 -10 21 -9 -6 -7 -18 -3 -20 27 -8 29 -22 -13 -2 -14 -17 -11 -1
right_child=1 3 6 7 9 11 13 14 12 28 -12 24 26 -15 -16 20 17 -19 19 -21 23 -23 -24 -25 -26 -27 -28 -29 -30 -31
leaf_value=-0.01904965750101079 -0.00069245941570958902 -0.0065692503780694104 -0.0019272718216158447 0.021087099328559813 0.001162397744434793 0.011062709577064372 -0.0037901712317512642 -2.3222147314748008e-05 -0.00020950999296010713 0.0072885651814190815 0.012336618751276352 0.014858723524597531 -0.016998418840184222 -0.012861657654505049 0.013783799270624125 0.0022253520196004275 -0.0088172017234777571 0.0052430326716163198 0.0015885455586975802 0.01278386238074348 -0.012214778544148711 0.0080841117342602253 -0.0078488201516954056 -0.0022130700948836627 0.00016239850012398328 0.012736613139116058 -0.0026608237580482258 -0.0082248325946024155 -0.0041122396763593741 -0.012068264002814019
leaf_weight=500.08673483133316 65.173209272325039 36.661898031830788 96.780061662197113 731.74755362421274 60.756899565458298 49.838993489742279 197.21235005557537 51.267456576228142 93.341337293386459 65.913340963423252 149.25561478734016 151.40673968940973 85.35557297617197 64.333376318216324 177.295514985919 73.020621478557587 70.490857169032097 68.127416461706161 114.60258863866329 105.94024036079645 744.46932020783424 53.170587420463562 117.10462673008442 78.47228430211544 33.048979677259922 51.796010740101337 43.413362912833691 109.943060785532 72.162372350692749 225.96087796986103
leaf_count=2835 341 171 474 7547 301 281 876 338 428 293 823 1084 398 287 1434 322 377 491 588 651 3732 235 543 341 244 347 220 484 321 1245
internal_value=0 0.0109887 -0.00876395 0.0159632 -0.0114087 0.00237889 0.000925339 0.0187791 -0.00300691 -0.00816271 0.00686967 0.00722668 -0.00768888 -0.00379021 0.0108157 -0.00940962 0.00182358 -0.00201913 0.00514051 0.00728759 -0.0100533 -0.00105495 -0.0158966 -0.0112991 0.0123693 0.00578894 -0.0127047 -0.00415499 0.00145485 -0.0170704
internal_weight=0 1929.51 2608.64 1217.52 2047.89 711.992 560.752 960.311 339.079 1204.74 246.036 372.913 222.11 314.716 228.563 1066.66 188.457 138.618 257.205 220.543 1005.91 250.383 843.152 822.942 184.456 116.969 128.769 182.964 138.076 726.048
internal_count=28052 14940 13112 10729 10417 4211 2695 9319 1734 5794 1297 2477 1046 1398 1772 5180 1149 868 1410 1239 4879 1111 4623 4073 1328 688 618 806 614 4080
cat_boundaries=0 1 2 3 4
cat_threshold=1 1 1 1
is_linear=0
shrinkage=0.03


Tree=60
num_leaves=31
num_cat=0
split_feature=77 43 21 13 49 46 51 37 77 13 13 36 79 16 21 27 82 33 83 83 79 81 83 33 5 67 21 82 5 45
split_gain=474.795 73.0625 55.7582 35.9576 32.4005 25.5365 18.941 18.8965 14.2868 13.7872 13.4731 12.4204 10.6555 10.2193 10.104 9.89083 9.83349 13.0544 9.70732 8.68198 8.32793 7.55798 7.43142 7.33437 7.03568 6.66714 6.18802 6.31295 6.25285 6.16557
threshold=0.478228125 1.0000000180025095e-35 0.62019230769230782 1.0000000180025095e-35 1.0000000180025095e-35 1.0000000180025095e-35 0.65855000000000008 1.0000000180025095e-35 0.57602187500000002 1.0000000180025095e-35 1.0000000180025095e-35 0.61375000000000013 4.5000000000000009 707.50000000000011 0.41428571428571431 0.80475000000000008 4.5000000000000009 0.32465000000000005 0.35089000000000004 0.65367000000000008 4.5000000000000009 0.80111666666666681 0.37147000000000008 0.49055000000000004 1146.3850000000004 1.0000000180025095e-35 0.79285714285714304 4.5000000000000009 3278.9150000000004 0.72725000000000006
decision_type=2 8 2 2 8 10 2 8 2 2 2 2 2 2 2 2 2 2 2 2 2 2 2 2 2 8 2 2 2 2
left_child=2 14 3 5 7 6 11 12 10 20 -6 13 -3 15 -2 21 17 18 -5 26 25 -1 -13 24 -11 -4 27 -16 -29 -7
right_child=1 4 9 16 8 29 -8 -9 -10 23 -12 22 -14 -15 19 -17 -18 -19 -20 -21 -22 -23 -24 -25 -26 -27 -28 28 -30 -31
leaf_value=-0.016816171703335898 -0.0065778351738659639 0.0045157177859661722 -0.0030313837336631974 -0.012658610630620961 0.0048449537365362746 0.0065182434079970354 0.0046409116897013578 0.011925681036770735 0.02082134671026464 -0.0051157079622983336 0.01730768184419388 0.0012915825740632658 -0.013118242650274546 -0.0018555268203828553 0.0047404086311481942 -0.0037250225201123682 -0.00665805749834842 0.01056474891311906 0.0049380671106521628 0.01054580636179905 -0.0072417854246469519 -0.0041381068182268083 -0.010958775114578509 0.016273639452291256 0.0089237149971513018 0.0057588980346635829 0.0096201030428168903 -0.0095852550806515922 0.002789284430910902 -0.0050238602543625881
leaf_weight=1131.7270889878273 93.451245814561844 62.776139155030251 194.45610992610455 50.267008200287819 140.66576025635004 55.449229903519154 45.638762973248959 200.32289832085371 656.08371735364199 51.880110681056976 200.27077400684357 71.833545655012131 44.496219970285892 53.119346871972084 88.688005179166794 66.281488925218582 186.55854149907827 89.325773455202579 45.339706405997276 114.38532803952694 216.51432050764561 51.894294992089272 99.71009860932827 43.247713632881641 58.009770981967449 115.24825038015842 49.324265405535698 87.438412889838219 53.111275479197502 104.98430587351322
leaf_count=6176 465 400 887 235 912 258 202 1674 7208 227 1581 345 281 267 467 297 832 413 205 743 1011 258 435 214 256 512 247 407 258 479
internal_value=0 0.011811 -0.00801655 -0.0104723 0.0154874 -0.0123304 -0.0135245 0.00668141 0.0181109 -0.000554122 0.0124503 -0.0141142 -0.00329368 -0.015123 0.00183693 -0.0156677 -0.00196327 0.00287139 -0.00463631 0.00395172 -0.00286984 -0.0162996 -0.00604039 0.0070914 0.00242172 0.000317503 0.000972374 -0.00121267 -0.00503446 -0.000886276
internal_weight=0 1791.01 2731.49 2052.13 1304.62 1680.64 1520.2 307.595 997.02 679.356 340.937 1474.57 107.272 1303.02 486.399 1249.9 371.491 184.932 95.6067 392.947 526.219 1183.62 171.544 153.138 109.89 309.704 278.562 229.238 140.55 160.434
internal_count=28152 14643 13509 10402 12056 8717 7980 2355 9701 3107 2493 7778 681 6998 2587 6731 1685 853 440 2122 2410 6434 780 697 483 1399 1379 1132 665 737
is_linear=0
shrinkage=0.03


Tree=61
num_leaves=31
num_cat=0
split_feature=76 76 76 51 74 76 74 86 57 74 21 5 92 22 39 21 5 5 49 81 46 66 92 89 79 16 25 39 92 63
split_gain=516.757 71.5806 54.6916 30.8451 27.5198 23.771 18.5013 17.3761 15.1084 15.4249 18.16 11.9859 11.1984 9.96005 8.66391 8.02428 9.76745 7.59673 7.82426 7.53934 7.42527 6.96425 6.91262 6.69744 6.69245 6.65752 6.74958 6.3711 6.28202 5.91376
threshold=8.5000000000000018 6.5000000000000009 11.500000000000002 0.60035000000000005 13.500000000000002 4.5000000000000009 13.500000000000002 0.12200000000000001 0.4512000000000001 11.500000000000002 0.57738095238095244 2139.0550000000003 0.48048333333333337 0.10555555555555557 0.49705000000000005 0.63961038961038974 2539.1550000000002 401.37500000000006 1.0000000180025095e-35 0.46642 1.0000000180025095e-35 1.0000000180025095e-35 0.70020000000000004 0.65575000000000017 3.5000000000000004 291.50000000000006 11.040625000000002 0.81805000000000005 0.79038333333333355 0.88945000000000007
decision_type=2 2 2 2 2 2 2 2 2 2 2 2 2 2 2 2 2 2 10 2 8 2 2 2 2 2 10 2 2 2
left_child=1 3 4 5 20 14 7 -3 -7 10 -10 17 -8 22 15 16 19 -11 -19 -1 -2 -9 -6 -17 -12 26 -14 29 -23 -24
right_child=2 6 -4 -5 13 8 12 21 9 11 24 -13 25 -15 -16 23 -18 18 -20 -21 -22 28 27 -25 -26 -27 -28 -29 -30 -31
leaf_value=-0.018639673644667835 0.0049408783297470978 -0.0055657591998097937 0.021735559634838652 0.012712587057195631 0.0060968278584079567 0.0042136390601353454 0.0067095455458011924 -0.0017840603286038996 -0.0078585821758542715 -0.0036022779906117065 0.013149164360271129 -0.0034285481594483629 -0.015454470268849484 0.012952127161750914 -7.6945812616778029e-05 0.0028456745233230293 -0.0054933707529595879 -0.014854505275315266 -0.0021729299719990451 -0.0070286070629203782 0.017827463022140833 0.010284738900725584 -0.0083958091083443306 -0.011657930879979659 -0.0012352044488210816 -0.0021715473632525199 -0.0025901155563174882 0.0081729273215354857 -0.0013601444206017309 0.0044616654034831376
leaf_weight=553.23939983546734 56.838495180010796 125.23080208897591 590.19113361090422 44.945032849907875 244.94588768482208 83.898676723241806 55.396954268217087 65.584181129932404 202.16124123334885 84.453637942671776 56.644938126206398 173.79370808601379 102.31166455149651 108.08695609122515 36.899753883481026 40.075118198990822 81.40829399228096 518.91619294881821 51.83216580748558 73.182239398360252 309.85451929271221 282.07388459146023 95.960932828485966 68.053446799516678 48.884125977754593 145.69152475893497 61.495033636689186 36.286197572946548 46.101389676332474 38.804514810442924
leaf_count=3312 389 525 6820 186 1731 363 248 299 992 400 253 778 427 792 196 200 460 2477 221 417 2566 1286 598 342 226 609 259 242 201 246
internal_value=0 -0.00692754 0.0146671 -0.00990775 0.00979453 -0.0104567 0.000245986 0.00385657 -0.00766268 -0.00856837 -0.00271867 -0.0106813 -0.00485524 0.00522437 -0.0143204 -0.0149558 -0.0161395 -0.0125246 -0.0137601 -0.017415 0.0160142 0.00691687 0.00295959 -0.00649669 0.00695575 -0.00707043 -0.0110519 -0.00162155 0.00865704 -0.00464115
internal_weight=0 3002.27 1480.97 2118.39 890.778 2073.44 883.885 518.99 1220.58 1136.69 307.69 828.996 364.895 524.084 852.858 815.958 707.83 655.202 570.748 626.422 366.693 393.759 415.998 108.129 105.529 309.498 163.807 171.052 328.175 134.765
internal_count=28061 14677 13384 10823 6564 10637 3854 2311 5710 5347 1471 3876 1543 3609 4927 4731 4189 3098 2698 3729 2955 1786 2817 542 479 1295 686 1086 1487 844
is_linear=0
shrinkage=0.03


Tree=62
num_leaves=31
num_cat=1
split_feature=76 76 76 89 75 21 79 21 16 86 21 57 72 76 21 86 40 75 77 4 46 5 91 42 77 52 52 89 5 46
split_gain=474.54 78.7832 50.3159 25.4362 20.791 15.0057 12.3043 11.2689 10.6313 9.36716 9.3423 9.24035 10.6184 9.06568 8.49156 14.1256 12.3157 8.36891 7.5865 7.50111 7.96488 7.35692 7.23543 6.44258 6.16437 5.84762 5.83207 5.77465 6.3522 5.40067
threshold=7.5000000000000009 10.500000000000002 4.5000000000000009 0.64158333333333351 0.84375000000000011 0.60769230769230786 4.5000000000000009 0.57738095238095244 728.50000000000011 0.24005000000000001 0.44949494949494956 0.48035000000000005 0.76075000000000015 6.5000000000000009 0.72077922077922085 0.23695000000000002 1.0000000180025095e-35 0.78125000000000011 0.51081562500000011 0 1.0000000180025095e-35 1962.3850000000004 2.5000000000000004 0.18305000000000002 0.48656250000000006 14.005208333333336 12.008680555555557 0.68058333333333343 3021.0300000000007 1.0000000180025095e-35
decision_type=2 2 2 2 2 2 2 2 2 2 2 2 2 2 2 2 10 2 2 1 8 2 2 2 2 10 10 2 2 8
left_child=2 4 10 7 9 8 22 11 13 17 -1 -4 29 27 15 18 -17 -2 -6 26 -21 -16 -7 -18 -19 -11 -3 -5 -29 -13
right_child=1 19 3 5 14 6 -8 -9 -10 25 -12 12 -14 -15 21 16 23 24 -20 20 -22 -23 -24 -25 -26 -27 -28 28 -30 -31
leaf_value=-0.016563551068500621 0.010675615496052863 0.012652544290932353 0.0058062149439089767 -0.0027222417252654825 -0.016619777654060607 0.0086653310992245332 -0.0085300532430995432 0.0090681936351034668 0.003963350688351964 0.015799417148743517 -0.0094808894537130525 -0.0058612804406596511 -0.010114148281030759 -0.0044293439809122148 0.00043799961971047148 -0.0022121198332456541 -0.00041644125153026903 0.0062404206124596299 -0.00025436763134438348 0.0088610983985457342 0.020534446966319436 0.014800342769792073 -0.001827551041503446 0.012536025557752632 -0.0083442148577685046 0.0048205810472556612 -0.0047661754654498853 -0.014204349921768439 -0.0019304651002613007 0.0053207694948351255
leaf_weight=520.53630337119102 89.258747443556786 37.387868128716946 100.19328764081001 58.041540876030922 48.913125947117805 77.894009605050087 173.63177119195461 103.79952183365822 44.045419007539749 249.42150631546974 326.98859369754791 52.149062722921371 136.6160539239645 190.78490675985813 55.745435684919357 184.4844658523798 47.319289416074753 37.938136547803879 45.497110530734062 80.343177206814289 688.73250804841518 67.731967344880104 173.03161782026291 112.18232733011246 47.970624834299088 66.054694980382919 20.566743180155754 488.92962251603603 44.775008291006088 94.604356408119202
leaf_count=3157 490 390 432 273 214 332 773 439 200 1694 1763 225 606 786 294 1000 265 179 235 781 7828 374 751 647 269 453 211 2426 208 421
internal_value=0 0.0117523 -0.00800983 -0.00503929 0.00621545 -0.00728895 -0.00262165 0.000766379 -0.00962624 0.0106671 -0.0139734 -0.00165358 -0.00439921 -0.0104315 0.00220959 0.00018811 0.00304415 0.0047259 -0.00951286 0.0186403 0.0194444 0.00883488 0.00163698 0.00889555 -0.00192438 0.0137194 0.00667932 -0.0122609 -0.0132291 0.00122678
internal_weight=0 1879.55 2586.02 1738.5 1052.52 1251.13 424.557 487.362 826.576 490.644 847.525 383.563 283.369 782.531 561.874 438.396 343.986 175.168 94.4102 827.03 769.076 123.477 250.926 159.502 85.9088 315.476 57.9546 591.746 533.705 146.753
internal_count=28116 15324 12792 7872 6114 5749 1856 2123 3893 3085 4920 1684 1252 3693 3029 2361 1912 938 449 9210 8609 668 1083 912 448 2147 601 2907 2634 646
cat_boundaries=0 1
cat_threshold=2
is_linear=0
shrinkage=0.03


Tree=63
num_leaves=31
num_cat=0
split_feature=76 76 76 79 76 64 76 34 74 72 86 46 74 86 33 21 72 7 74 31 63 79 74 76 48 72 63 7 77 7
split_gain=458.65 76.4908 41.7186 18.1998 15.673 22.5668 15.0084 13.967 13.629 10.9642 8.81302 10.1206 8.77909 12.9952 10.0409 8.4918 9.3891 8.05204 7.92771 7.83608 8.32741 7.82879 7.19813 20.3993 9.50439 13.1203 7.04964 6.82912 5.99923 5.84312
threshold=8.5000000000000018 5.5000000000000009 10.500000000000002 5.5000000000000009 3.5000000000000004 1.0000000180025095e-35 6.5000000000000009 1.0000000180025095e-35 12.500000000000002 0.23425000000000004 0.13591000000000003 1.0000000180025095e-35 13.500000000000002 0.18420000000000003 0.40455000000000008 0.55050505050505061 0.79675000000000007 1984.8150000000003 12.500000000000002 1.0000000180025095e-35 0.71625000000000016 4.5000000000000009 14.500000000000002 12.500000000000002 0.38650000000000007 0.8519500000000001 0.63955000000000006 1023.8750000000001 0.45216562500000007 1006.0950000000001
decision_type=2 2 2 2 2 10 2 8 2 2 2 8 2 2 2 2 2 2 2 8 2 2 2 2 2 2 2 2 2 2
left_child=1 4 8 6 -1 7 15 17 -2 -8 -7 -12 13 -11 28 -3 -17 -6 29 20 -10 -19 -4 24 -24 -26 -20 -28 -15 -5
right_child=2 3 22 18 5 10 9 -9 19 12 11 -13 -14 14 -16 16 -18 21 26 -21 -22 -23 23 -25 25 -27 27 -29 -30 -31
leaf_value=-0.017283785499420785 0.016772392317054775 -0.0076944099426841019 0.021171221737497879 0.0063508313200617856 -0.015227190934695345 -0.0070433227034699519 0.011497917393391311 -0.0024340098411761752 0.0071522692945834368 -0.0022449535928043972 -0.0065383554587031753 0.0090508958196175663 -0.0032331989020130225 0.0088724541836240397 0.015878062901696927 0.0066590615525156209 -0.006798115059523319 0.00026115996816252005 -0.0019829663581139626 0.0081937654820674905 -0.0048849906069075412 -0.013235862589352452 -0.005567394150784338 0.019847655716238422 0.016972652571949163 -0.003586355589563515 -0.02024367071412779 -0.0072741586436989502 -0.0039457869773517401 -0.0073156504757263983
leaf_weight=341.40901516377926 114.75570115447044 269.31121827661991 433.06589276343584 46.192708104848862 605.06774650514126 166.79067187011242 94.430309757590294 119.87553875148296 84.077189892530441 166.84812498092651 53.457313910126686 83.564718350768089 254.82707715034485 54.872324705123901 88.394912853837013 96.061810210347176 73.416501238942146 75.141228586435318 63.68523333966732 333.59129391610622 104.99609682708979 68.883938685059547 44.215527728199959 226.96432816982269 68.307845681905746 38.775907941162586 77.557003557682037 93.756542325019836 58.052696004509926 46.49176399409771
leaf_count=2192 872 1168 4916 200 3264 858 446 611 533 707 256 389 1077 241 423 398 308 381 270 2155 637 362 450 2737 694 379 331 400 270 202
internal_value=0 -0.00681944 0.0136793 -0.00195651 -0.011541 -0.00973721 -0.000165566 -0.0121776 0.0077521 0.00249765 -0.00259153 0.00293791 0.000973343 0.0038934 0.00884619 -0.00447858 0.000775565 -0.0136842 -0.00808372 0.00549392 0.000558139 -0.00663438 0.0181849 0.0143086 0.00528412 0.00985759 -0.0109116 -0.0139384 0.00249791 -0.00054929
internal_weight=0 2998.09 1448.75 1483.9 1514.19 1172.78 1156.21 868.968 637.42 717.425 303.813 137.022 622.995 368.168 201.32 438.79 169.478 749.093 327.683 522.665 189.073 144.025 811.33 378.264 151.299 107.084 234.999 171.314 112.925 92.6845
internal_count=28127 14754 13373 6441 8313 6121 5038 4618 4197 3164 1503 645 2718 1641 934 1874 706 4007 1403 3325 1170 743 9176 4260 1523 1073 1001 731 511 402
is_linear=0
shrinkage=0.03


Tree=64
num_leaves=31
num_cat=0
split_feature=77 43 28 86 14 34 5 79 31 86 48 45 36 61 83 36 16 5 48 48 72 60 79 74 86 45 16 89 89 10
split_gain=412.607 79.6117 53.8045 32.4737 27.7462 19.3245 18.147 15.253 14.4409 14.248 12.8433 12.539 12.4377 11.9031 11.5691 10.4399 9.11753 9.93076 8.57791 8.51457 8.30069 7.60646 6.98112 6.51826 6.21874 6.16451 5.99212 5.99161 5.97717 6.42843
threshold=0.478228125 1.0000000180025095e-35 1.0000000180025095e-35 0.13193000000000002 1.0000000180025095e-35 1.0000000180025095e-35 3959.5200000000004 3.5000000000000004 1.0000000180025095e-35 0.25903000000000009 0.6523500000000001 0.46340000000000009 0.27575000000000005 1.0000000180025095e-35 0.35599000000000008 0.64665000000000006 193.50000000000003 1275.7150000000004 0.64585000000000015 0.35955000000000004 0.81605000000000005 0.37440000000000007 1.0000000180025095e-35 11.500000000000002 0.29027000000000008 0.035850000000000007 707.50000000000011 0.68058333333333343 0.53631666666666677 17.060763888888889
decision_type=2 8 8 2 2 8 2 2 8 2 2 2 2 8 2 2 2 2 2 2 2 2 2 2 2 2 2 2 2 2
left_child=2 16 3 13 15 11 7 12 27 -6 19 14 23 -1 -4 18 20 -18 -3 -9 24 -14 -15 -5 -2 -23 -24 -7 -16 -30
right_child=1 4 5 6 9 8 -8 10 -10 -11 -12 -13 21 22 28 -17 17 -19 -20 -21 -22 25 26 -25 -26 -27 -28 -29 29 -31
leaf_value=-0.018433084649029808 -0.0060331440409275823 -0.0018701118269581246 -0.010845277117432189 0.0029316682047521936 0.0035163962026063152 0.0068558434536907659 0.0074686386743786411 -0.0093664301053666861 0.015944829526955254 0.019446088422542491 0.0018835852323589868 0.0094888048438908495 -0.007047596840820099 0.00090346520106354873 0.0082835674243108455 0.01369461385648215 -0.0020709638666587264 0.0082237856728088875 0.010913634114410155 -0.020573114580961019 -0.011995623365461566 0.012542181216285562 -0.012152837623859169 -0.009282434136958749 0.008745859706203403 0.00048553631549867553 -0.0020460047297770614 -0.0057370759005815888 -0.010863400159085384 0.0019139387946800876
leaf_weight=272.75097016990185 40.743458516895771 120.56378288567066 162.29456259310246 44.488520562648773 58.999735645949841 57.338567942380905 84.078000441193581 301.98842732608318 94.715139858424664 836.03948739171028 64.532947704195976 51.124444276094437 39.337586939334869 41.879941627383232 46.658982872962952 145.39882855862379 138.39357951283455 193.38212138414383 65.271783545613289 84.839612498879433 64.783917158842087 67.83546806871891 771.10056120157242 179.6621201634407 42.208373390138149 76.53702013194561 61.44405172765255 58.75965578854084 48.776515632867813 83.163067206740379
leaf_count=1690 212 766 804 213 382 263 382 1491 479 8988 286 232 196 218 205 1216 747 1043 529 430 329 312 3999 867 240 353 303 264 210 357
internal_value=0 0.0116675 -0.00714202 -0.00940952 0.0156925 0.000746369 -0.0052036 -0.00651528 0.00786569 0.0184465 -0.0102587 -0.00318257 -0.00222622 -0.0127931 -0.00529919 0.00792841 0.00126379 0.00399459 0.00294798 -0.0122808 -0.00473333 0.00346152 -0.0108453 -0.00683656 0.00161874 0.00659602 -0.0114401 0.000532786 4.84315e-05 -0.00324226
internal_weight=0 1705.79 2693.31 2090.48 1226.27 602.831 943.3 859.222 210.813 895.039 451.361 392.018 407.861 1147.18 340.893 331.234 479.511 331.776 185.836 386.828 147.736 183.71 874.425 224.151 82.9518 144.372 832.545 116.098 178.599 131.94
internal_count=28006 14452 13554 10740 11881 2814 4530 4148 1006 9370 2207 1808 1941 6210 1576 2511 2571 1790 1295 1921 781 861 4520 1080 452 665 4302 527 772 567
is_linear=0
shrinkage=0.03


Tree=65
num_leaves=31
num_cat=0
split_feature=76 76 76 74 89 21 76 89 46 42 48 45 66 36 49 28 63 76 16 28 6 10 72 36 69 25 6 6 25 63
split_gain=423.905 72.5888 49.5217 23.9063 14.6136 16.6296 14.2058 11.7023 10.8089 9.82512 11.9184 9.49046 9.29862 9.64263 8.8351 8.69145 7.55744 12.3501 7.25459 7.24187 7.15281 11.732 8.2004 7.12518 6.85835 6.57605 6.27682 6.07305 5.96877 6.51484
threshold=8.5000000000000018 5.5000000000000009 11.500000000000002 14.500000000000002 0.45801666666666674 0.55050505050505061 4.5000000000000009 0.65335000000000021 1.0000000180025095e-35 0.65575000000000017 0.43615000000000004 0.040050000000000009 0.71850000000000014 0.30295000000000005 1.0000000180025095e-35 1.0000000180025095e-35 0.45425000000000004 3.5000000000000004 70.500000000000014 1.0000000180025095e-35 7.0375371508929074 27.031597222222228 0.6079500000000001 0.37685000000000007 0.78915000000000013 7.0656250000000016 6.1755033784873641 6.6955207572193203 12.078125000000002 0.64965000000000017
decision_type=2 2 2 2 2 2 2 2 8 2 2 2 2 2 8 8 2 2 2 10 2 2 2 2 2 8 2 2 8 2
left_child=1 6 3 8 -3 12 16 28 19 -5 -11 24 18 -14 27 25 17 -1 -6 -2 21 -20 -22 -24 -9 -10 -16 -7 -8 -30
right_child=2 4 -4 9 5 14 7 11 15 10 -12 -13 13 -15 26 -17 -18 -19 20 -21 22 -23 23 -25 -26 -27 -28 -29 29 -31
leaf_value=-0.015384400933190451 -0.0073628452923648257 0.0084440386652590554 0.020206324036251801 0.0047460855065360342 0.0060778405383107876 -0.010245104394056183 0.0058292504358812029 -0.002326518777882247 -0.0032615226667936379 -0.016567008679986096 0.0046328651412208899 -0.016272566060439187 -0.017207891263324501 -0.003684846404082549 -0.0054059864920543606 0.016486118980546787 -0.016522065143525541 -0.0041098955740576345 0.0044338055293575923 0.0075104099068025879 0.0029107702982203109 -0.008436815884280335 -0.0054061373066734445 -0.017024349237651469 -0.011601594515139878 0.010430384110824252 0.0053180257184583558 -0.00030139617227877555 0.00018700188220177271 -0.012264414527209331
leaf_weight=183.25622279942036 31.128885976970196 104.16402624547482 554.91801169514656 165.22286004573107 53.850234344601631 70.426128745079041 57.842427536845207 157.15562100708485 36.932227917015553 43.627128139138222 36.742087036371231 157.48660406470299 101.8961203545332 94.358359783887863 49.350659310817719 332.66149881482124 478.01143805682659 177.80112655460835 142.57008329033852 101.66955559700727 45.21608130633831 99.644540444016457 126.85844044387341 83.150286704301834 132.69539818167686 114.76683547347784 321.38049980998039 178.82188560068607 92.907471120357513 53.442879408597946
leaf_count=1190 192 462 6830 1026 235 298 264 817 273 320 311 818 448 408 210 2880 2851 938 622 685 200 435 556 359 712 851 1403 763 430 266
internal_value=0 -0.00664542 0.0132439 0.00858554 -0.00189714 -0.00274041 -0.0112896 -0.00775958 0.0116929 0.000624946 -0.00743496 -0.0104295 -0.00572314 -0.0112 0.000889802 0.01375 -0.0139069 -0.0100927 -0.00360864 0.00375255 -0.00475635 -0.000985608 -0.0081628 -0.0105709 -0.006818 0.00710144 0.00378598 -0.00339784 -0.00169649 -0.0048535
internal_weight=0 2962.29 1417.67 862.751 1471.69 1367.52 1490.6 651.53 617.159 245.592 80.3692 447.338 747.544 196.254 619.979 484.361 839.069 361.057 551.29 132.798 497.439 242.215 255.225 210.009 289.851 151.699 370.731 249.248 204.193 146.35
internal_count=28053 14685 13368 6538 6399 5937 8286 3307 4881 1657 631 2347 3263 856 2674 4004 4979 2128 2407 877 2172 1057 1115 915 1529 1124 1613 1061 960 696
is_linear=0
shrinkage=0.03


Tree=66
num_leaves=31
num_cat=0
split_feature=76 76 76 74 57 13 86 5 83 15 67 61 71 86 43 55 86 86 5 74 27 48 28 63 83 60 55 10 69 63
split_gain=389.898 75.7991 35.9812 31.2833 24.5501 14.117 13.9627 11.1064 9.50782 9.38553 9.10439 9.07167 8.45759 8.24325 13.5442 14.3459 7.78376 7.69352 7.74497 7.33099 7.25787 7.22685 7.95464 6.85801 7.04624 6.75758 6.43383 6.29213 6.01232 6.98661
threshold=7.5000000000000009 11.500000000000002 4.5000000000000009 14.500000000000002 0.60255000000000014 1.0000000180025095e-35 0.26972000000000007 585.68000000000018 0.70706000000000013 1.0000000180025095e-35 1.0000000180025095e-35 2.5000000000000004 1.0000000180025095e-35 0.13591000000000003 1.0000000180025095e-35 1.0000000180025095e-35 0.21951000000000001 0.16061 1875.5550000000001 11.500000000000002 0.47355000000000008 0.45575000000000004 1.0000000180025095e-35 0.64965000000000017 0.42815000000000003 0.92895000000000005 1.0000000180025095e-35 20.005208333333339 0.89575000000000016 0.7672500000000001
decision_type=2 2 2 2 2 2 2 2 2 2 8 8 2 2 8 8 2 2 2 2 2 2 8 2 2 2 8 2 2 2
left_child=2 3 12 6 -4 13 8 -5 10 21 -2 -9 -1 20 17 -16 25 -15 -19 -7 27 22 -8 -21 -25 -14 -12 -6 29 -17
right_child=1 -3 4 7 5 19 9 11 -10 -11 26 -13 16 14 15 28 -18 18 -20 23 -22 -23 -24 24 -26 -27 -28 -29 -30 -31
leaf_value=-0.0053479888194977411 0.0086224583617540897 0.01974890681700758 0.0064418511586731043 -0.014415437269622605 -0.0074526917184088498 0.0066976002972346819 -0.0062482433508077419 -0.0042291247539993524 0.015401117710518587 0.014214083277342604 -0.010024031629744102 0.0060379515208964316 -0.016179756221066866 0.00059083673898344699 -0.01037660917090192 0.01166780654215056 -0.0029439470574187309 -0.014218390021367636 -0.0035046561082391907 0.0020885469548635972 -0.0031779294385767811 0.011622180412006944 0.0083954735318452611 -0.012175853855717901 0.00041176228304119051 -0.0045017335704003632 0.0014950739602619667 -0.014947479102456942 -0.0045641464782921392 -0.0011611080734065065
leaf_weight=130.0085714161396 86.630698651075363 537.88287189602852 139.7760546207428 41.502120293676853 212.31984078884125 76.369164988398552 60.832266293466091 152.79990613460541 41.407954379916191 419.28703748434782 58.891485184431076 137.89555067569017 577.77611395716667 60.880101591348648 78.488705053925514 91.442042455077171 56.184265494346619 202.28414909541607 96.473528861999512 117.95789387822151 113.77949717640877 97.392463058233261 53.229093492031097 91.311784669756889 65.109076902270317 58.395202666521072 113.25196857750416 278.79354055225849 47.642621919512749 58.605312407016754
leaf_count=756 443 6736 609 252 1056 331 366 941 276 3353 299 857 3523 285 349 400 301 906 415 498 508 677 402 397 269 332 597 1410 207 257
internal_value=0 0.0104026 -0.0077811 0.00629871 -0.00527559 -0.00633852 0.00909421 -0.00157202 0.00360638 0.0116089 0.00121624 0.00068004 -0.0129289 -0.00783071 -0.00530641 -0.0002703 -0.014256 -0.00906188 -0.0109843 -0.000989384 -0.0103546 0.00603465 0.00071143 -0.00328922 -0.00722644 -0.0151941 -0.00277968 -0.0119207 0.00404862 0.00689763
internal_weight=0 1801 2553.6 1263.12 1731.23 1591.46 930.923 332.198 300.182 630.741 258.774 290.695 822.364 1240.71 635.816 276.179 692.356 359.638 298.758 350.748 604.893 211.454 114.061 274.379 156.421 636.171 172.143 491.113 197.69 150.047
internal_count=28008 15199 12809 8463 7897 7288 6413 2050 1615 4798 1339 1798 4912 5793 2819 1213 4156 1606 1321 1495 2974 1445 768 1164 666 3855 896 2466 864 657
is_linear=0
shrinkage=0.03


Tree=67
num_leaves=31
num_cat=1
split_feature=86 13 40 21 46 51 37 37 5 21 5 33 92 4 43 46 69 28 45 48 12 79 28 83 89 39 12 48 45 86
split_gain=357.258 61.8296 43.4657 36.2893 19.7376 16.8475 16.8022 14.5813 13.3089 12.8027 12.2576 12.0519 11.6206 10.7476 10.2519 9.36283 9.22271 9.16819 10.2289 9.15929 9.15504 9.02531 8.86554 8.00217 9.51353 9.66285 7.48805 8.42044 7.47431 7.4121
threshold=0.31221000000000004 1.0000000180025095e-35 1.0000000180025095e-35 0.43650793650793657 1.0000000180025095e-35 0.48725000000000007 1.0000000180025095e-35 1.0000000180025095e-35 1395.3500000000001 0.48076923076923084 4064.7250000000004 0.15925000000000003 0.71198333333333352 0 1.0000000180025095e-35 1.0000000180025095e-35 0.77535000000000009 1.0000000180025095e-35 0.33930000000000005 0.38650000000000007 1.0000000180025095e-35 4.5000000000000009 1.0000000180025095e-35 0.19211000000000003 0.73071666666666679 0.10685000000000001 1.0000000180025095e-35 0.46480000000000005 0.23875000000000005 0.15233000000000005
decision_type=2 2 8 2 8 2 8 8 2 2 2 2 2 1 8 8 2 8 2 2 2 2 8 2 2 2 2 2 2 2
left_child=1 3 7 8 22 10 17 12 20 11 23 -6 21 -8 -9 -10 -15 18 -3 -16 -1 -2 -4 -5 25 -25 27 -11 -19 -27
right_child=2 6 4 5 9 -7 13 14 15 26 -12 -13 -14 16 19 -17 -18 28 -20 -21 -22 -23 -24 24 -26 29 -28 -29 -30 -31
leaf_value=-0.017797855684894136 0.0088354380637110218 -0.010599348019957209 -0.0036836529728325271 -0.01236219491187261 -0.0053006856473098666 0.011397206773110256 0.0098963777978101006 -0.0022019573471246095 -0.014911701874237286 0.0043686016331644711 0.0036407613445143543 0.013241409792116153 -0.011682353990598169 0.0060658553712153902 0.00402750236233355 -0.0036994926359762556 -0.0070950401720214617 0.0073087788469872053 0.0046192081751232081 0.016261618465532111 -0.0051129193103191199 -0.0051623722211359092 0.010168359040774641 0.0071217786184208489 -0.0080324291250523459 -0.008181798229977881 0.021816938334525967 0.018786762015671959 -0.0067253727349521229 0.0021068576527501263
leaf_weight=486.22449217736721 88.355017527937889 164.12001141160727 52.885096989572048 207.74569062888622 33.172210656106472 42.146935813128948 212.9216785132885 58.338972471654415 102.28539632260799 74.677778169512749 98.942188590764999 155.82641977071762 58.886062957346439 92.824275784194469 101.468894071877 190.19976861774921 79.750263154506683 89.176166221499443 45.213396474719048 137.4291263744235 68.184858880937099 63.005759604275227 130.99401552975178 76.728058978915215 583.16142419725657 160.47474402189255 458.8459282964468 79.618583299219608 42.844359807670116 94.551530875265598
leaf_count=2902 481 751 295 1107 237 203 1338 289 559 551 456 1505 365 438 762 1067 372 430 203 1317 323 334 988 377 2820 811 5357 765 208 442
internal_value=0 -0.00621484 0.011862 -0.00880332 0.0155131 -0.00551304 0.00131912 0.0046055 -0.0135915 0.0175453 -0.00618427 0.00988415 -0.00141943 0.00554507 0.00877465 -0.00798388 -7.15573e-05 -0.00347529 -0.00725159 0.0114359 -0.016356 0.00304985 0.0061999 -0.00707466 -0.00575337 -0.00162941 0.0197103 0.0124992 0.00260145 -0.00443169
internal_weight=0 2837.5 1493.5 2110.65 986.02 1263.75 726.85 507.484 846.895 802.141 1221.6 188.999 210.247 385.496 297.237 292.485 172.575 341.354 209.333 238.898 554.409 151.361 183.879 1122.66 914.916 331.754 613.142 154.296 132.021 255.026
internal_count=28053 14807 13246 11067 9698 6216 3740 3548 4851 8415 6013 1742 1180 2148 2368 1626 810 1592 954 2079 3225 815 1283 5557 4450 1630 6673 1316 638 1253
cat_boundaries=0 1
cat_threshold=1
is_linear=0
shrinkage=0.03


Tree=68
num_leaves=31
num_cat=1
split_feature=76 76 76 51 75 76 79 68 46 66 16 21 71 9 63 63 4 9 69 76 9 92 21 39 63 81 48 9 81 13
split_gain=372.789 54.996 44.8037 40.3138 25.5395 23.4416 17.4078 14.5136 11.3767 10.3901 10.351 10.2137 10.0099 8.50405 9.13017 7.90522 7.75255 7.99601 7.11088 6.95298 6.80519 6.29873 5.60461 8.32259 6.98518 5.87416 5.55827 5.40178 5.24463 5.22685
threshold=8.5000000000000018 6.5000000000000009 11.500000000000002 0.6351500000000001 0.84375000000000011 3.5000000000000004 5.5000000000000009 1.0000000180025095e-35 1.0000000180025095e-35 0.14880000000000002 821.50000000000011 0.67948717948717963 1.0000000180025095e-35 27.500000000000004 0.83615000000000006 0.47955000000000009 0 112.50000000000001 0.74645000000000017 9.5000000000000018 36.500000000000007 0.30836666666666673 0.5634920634920636 0.64245000000000008 0.73065000000000013 0.54933333333333345 0.46905000000000002 66.500000000000014 0.53322500000000017 1.0000000180025095e-35
decision_type=2 2 2 2 2 2 2 2 8 2 2 2 2 2 2 2 1 2 2 2 2 2 2 2 2 2 2 2 2 2
left_child=1 3 4 5 19 -1 8 20 11 -8 22 28 21 -10 -15 29 18 -18 -17 26 -7 -9 23 24 -6 -25 -2 -23 -3 -14
right_child=2 6 -4 -5 10 7 9 12 13 -11 -12 -13 15 14 -16 16 17 -19 -20 -21 -22 27 -24 25 -26 -27 -28 -29 -30 -31
leaf_value=-0.016787396029260878 0.0031617394799283659 -0.0086425338741330949 0.019638601995750276 0.01720188243178147 0.0033316035348683534 0.0087390385738744369 0.0036165271066136372 0.0070180722750016848 0.012767714091661612 -0.011915717381445971 -0.010138073846335796 0.0069631220867884119 -0.0072065620908434635 0.0061885051636183666 -0.0045706608903094085 -0.010365873230576989 -0.012594915164255651 -0.0003243082440663183 0.003712651892327494 0.018295767802391907 -0.0034740856053557794 0.00050112223861000871 0.0082266928130361929 0.014119902533120071 -0.010437561398412397 0.00080599327002934184 0.015215766345309217 -0.011981768311448504 0.00075683478537130029 0.0018830454904568443
leaf_weight=319.19376136362553 86.484996661543846 139.4151221960783 528.42033978551626 43.91561359167099 57.88887082785368 50.432131752371788 47.827105537056923 44.887193784117699 99.322675317525864 133.02155891060829 33.884692169725895 73.562371432781219 292.49395254254341 218.56179770827293 94.45164255797863 52.028249680995941 846.52681550383568 51.18755005300045 59.418613612651825 200.48422999680042 118.23001830279827 66.944315955042839 249.29734218865633 48.031865350902081 57.600818671286106 64.022582694888115 55.99656019359827 47.207479879260063 80.819826424121857 65.695410743355751
leaf_count=2148 608 596 6824 183 415 234 203 213 448 558 238 321 1452 996 420 238 4451 268 270 1946 556 319 1763 340 386 481 406 222 347 284
internal_value=0 -0.0060272 0.0128021 -0.00870739 0.00839203 -0.00935447 0.000219667 -0.00786453 0.00236284 -0.0078338 0.00400961 -0.00210909 -0.00878167 0.00552367 0.00290094 -0.00960567 -0.0109825 -0.0119065 -0.00317217 0.0146196 0.00046253 -0.00154808 0.00520255 0.00168245 -0.00382031 0.00720224 0.00858628 -0.00521046 -0.00531018 -0.00553358
internal_weight=0 2945.14 1382.11 2058.16 853.692 2014.25 886.982 1695.05 706.133 180.849 510.726 293.797 1526.39 412.336 313.013 1367.35 1009.16 897.714 111.447 342.966 168.662 159.039 476.841 227.544 115.49 112.054 142.482 114.152 220.235 358.189
internal_count=28134 14727 13407 10838 6583 10655 3889 8507 3128 761 3623 1264 7717 1864 1416 6963 5227 4719 508 2960 790 754 3385 1622 801 821 1014 541 943 1736
cat_boundaries=0 1
cat_threshold=1
is_linear=0
shrinkage=0.03


Tree=69
num_leaves=31
num_cat=2
split_feature=76 76 76 91 74 12 86 74 86 21 16 74 52 9 77 16 3 45 0 86 77 12 52 16 21 27 16 16 18 89
split_gain=336.594 50.8902 42.2807 21.9716 18.8191 14.5505 11.9924 11.0505 14.1932 10.5278 9.56615 8.07604 7.65036 9.98139 9.35524 8.17054 7.53018 6.79296 6.79263 8.84273 6.2504 6.20379 5.97438 5.65268 6.16941 6.44322 5.64057 5.72968 5.43363 7.42363
threshold=8.5000000000000018 5.5000000000000009 11.500000000000002 2.5000000000000004 13.500000000000002 1.0000000180025095e-35 0.22528000000000004 13.500000000000002 0.16467000000000001 0.41428571428571431 395.50000000000006 12.500000000000002 7.0253472222222237 35.500000000000007 0.47152812500000002 454.50000000000006 0 0.10275000000000002 1 0.37571000000000004 0.42556562500000011 1.0000000180025095e-35 4.0142361111111127 489.50000000000006 0.59166666666666679 0.27865000000000006 181.50000000000003 99.500000000000014 1.5000000000000002 0.7028000000000002
decision_type=2 2 2 2 2 2 2 2 2 2 2 2 10 2 2 2 1 2 1 2 2 2 10 2 2 2 2 2 2 2
left_child=1 5 4 26 -2 6 9 8 21 -1 16 20 15 -14 -15 -9 -6 -8 -12 -20 -10 23 -13 24 25 -5 27 -3 29 -18
right_child=2 3 -4 7 10 -7 17 12 11 -11 18 22 13 14 -16 -17 28 -19 19 -21 -22 -23 -24 -25 -26 -27 -28 -29 -30 -31
leaf_value=-0.014429581408287085 0.013173707908012399 0.006080367384639445 0.018794711460423465 -0.0064742284679204449 -0.0041661003875953073 0.0013591182554064348 0.0072782998690820357 -0.015033161924661788 0.0014366302806885084 -0.0085692994121640449 -0.010077340436617574 0.0042562899093509608 0.0058024405895159255 -0.01383409020899852 -0.00021039614981645599 -0.0012977687509233566 0.0092988522632891906 -0.0061630828988032604 -0.0064800009133493168 0.0087548465843285215 0.015917316279894171 0.00086871319362522611 -0.0065823546863526304 0.00072906495477096257 -0.0020685676850321901 -0.020255487381523041 0.0065311796435569306 -0.0063279719188434249 0.011707814053806625 -0.0052207379543303132
leaf_weight=604.63980641961098 339.34443274885416 47.800281345844269 519.40444801002741 80.704985842108727 41.450889550149441 95.779856756329536 40.02009005844593 155.92127498984337 49.514324516057968 633.04877704381943 49.491854667663574 93.55698598921299 63.789273664355278 85.768347442150116 86.786259993910789 53.576187670230865 61.235772334039211 96.604614183306694 51.687769986689091 68.181794852018356 54.751225188374519 104.23211435973644 72.106728747487068 56.001881197094917 68.921868398785591 59.079120740294456 265.7675888389349 70.145617082715034 183.25225158035755 48.374158725142479
leaf_count=3785 2953 212 6819 364 279 452 193 660 211 3435 349 411 271 365 368 227 471 479 324 542 257 445 321 245 293 269 1184 309 1294 328
internal_value=0 -0.00588875 0.0120965 -0.00191719 0.00779769 -0.00981604 -0.0105991 -0.00409222 -0.00151941 -0.0115249 0.00398972 0.0036312 -0.00766473 -0.00372274 -0.00736893 -0.0117397 0.00686644 -0.00199797 -0.00175504 0.00219245 0.00976817 -0.00528415 -0.000567488 -0.00765035 -0.00982932 -0.0132623 0.00417912 -0.00121702 0.00837499 0.00299018
internal_weight=0 2938.52 1362.42 1468.42 843.019 1470.09 1374.31 1084.71 638.869 1237.69 503.674 269.929 445.841 236.344 172.555 209.497 334.313 136.625 169.361 119.87 104.266 368.94 165.664 264.708 208.706 139.784 383.713 117.946 292.862 109.61
internal_count=28115 14756 13359 6412 6540 8344 7892 4707 2816 7220 3587 1200 1891 1004 733 887 2372 672 1215 866 468 1616 732 1171 926 633 1705 521 2093 799
cat_boundaries=0 1 2
cat_threshold=8 1
is_linear=0
shrinkage=0.03


Tree=70
num_leaves=31
num_cat=1
split_feature=76 76 76 74 76 74 63 17 5 76 63 92 3 61 76 63 39 92 25 27 30 57 89 5 60 89 74 81 25 5
split_gain=336.912 50.3846 46.7618 23.3946 19.7799 13.7011 10.5881 10.114 11.5802 9.5188 9.12711 9.1233 10.4212 8.69001 8.51273 8.60623 8.44284 7.26188 6.42407 6.26013 6.52012 6.09266 13.872 6.34539 6.60166 6.04817 5.69782 6.38603 5.31555 5.25816
threshold=8.5000000000000018 4.5000000000000009 11.500000000000002 14.500000000000002 6.5000000000000009 11.500000000000002 0.098400000000000015 1.0000000180025095e-35 3959.5200000000004 10.500000000000002 0.60155000000000014 0.71445000000000014 0 3.5000000000000004 3.5000000000000004 0.39755000000000007 0.68405000000000016 0.35815000000000008 13.057986111111113 0.12515000000000001 0.13545000000000004 0.85925000000000007 0.68765000000000021 900.2600000000001 0.81525000000000014 0.64755000000000018 11.500000000000002 0.69847333333333339 16.060763888888889 527.49000000000012
decision_type=2 2 2 2 2 2 2 2 2 2 2 2 1 8 2 2 2 2 8 2 2 2 2 2 2 2 2 2 8 2
left_child=1 14 3 9 5 13 -7 -8 19 21 -6 12 -12 25 -1 18 -5 -17 -16 20 -9 22 -2 -24 -25 -3 -14 -28 -18 -21
right_child=2 4 -4 16 10 6 7 8 -10 -11 11 -13 26 -15 15 17 28 -19 -20 29 -22 -23 23 24 -26 -27 27 -29 -30 -31
leaf_value=-0.01623712311582004 0.013147318090083354 0.003930645436655571 0.019201538019227703 -0.0046593424309680003 0.0054317332773462148 0.0043632762576008999 0.0044950073782901332 0.0043379824265026463 0.0030761840959835848 0.01726137842228186 -0.0078549978114598219 -0.0069302750175250271 0.010781954561330485 0.0078208501212996828 0.0058271509595494196 -0.0041376036739606903 0.0097221084331090175 -0.01469117854080047 -0.0068913614799856913 -0.0054920172460041451 -0.0082345586534692105 0.01320166611810978 -0.0076018666269404653 -0.0029208423031315987 0.010047515628613163 -0.0060273296141530952 -0.00089936391018785112 0.0089363248563735925 -0.0039339567013323244 -0.013428619528399344
leaf_weight=315.72994014620781 114.85284619033337 68.516078487038612 515.06492222845554 144.02125274389982 200.64976267516613 54.439334064722061 44.244879722595215 43.458267033100128 57.606126591563225 153.89891204982996 87.338647916913033 199.67012102901936 55.796346411108971 73.607471540570259 42.244794815778732 89.339299485087395 79.145519115030766 243.52272693812847 109.37840959429741 113.4741854518652 129.22911608219147 145.4538815766573 54.792128555476665 62.303748436272144 62.250437550246716 184.57624758780003 285.10959041118622 64.581892371177673 29.611329272389412 452.36304457485676
leaf_count=2161 873 316 6868 964 915 235 190 214 252 1713 381 843 253 338 223 491 551 1449 593 553 630 1041 381 430 442 930 1245 282 204 2180
internal_value=0 -0.00590219 0.0121193 0.00763523 -0.00344547 -0.00591054 -0.00781225 -0.00864301 -0.00941986 0.0108442 -4.59868e-05 -0.00168787 0.000531685 -0.000624517 -0.0122717 -0.00941144 -2.58188e-05 -0.0120619 -0.00320648 -0.0104226 -0.00500631 0.00826401 0.00546908 0.00011729 0.00382559 -0.00328461 0.00260992 0.00111506 0.00598579 -0.01196
internal_weight=0 2914.88 1361.39 846.33 2114.66 1221.51 894.815 840.376 796.131 593.552 893.146 692.497 492.826 326.7 800.215 484.485 252.778 332.862 151.623 738.525 172.687 439.653 294.199 179.346 124.554 253.092 405.488 349.691 108.757 565.837
internal_count=28141 14674 13467 6599 9757 5838 4254 4019 3829 4880 3919 3004 2161 1584 4917 2756 1719 1940 816 3577 844 3167 2126 1253 872 1246 1780 1527 755 2733
cat_boundaries=0 1
cat_threshold=4
is_linear=0
shrinkage=0.03


Tree=71
num_leaves=31
num_cat=1
split_feature=76 76 76 75 71 89 48 76 63 66 9 69 27 30 25 66 3 30 30 66 10 36 6 61 91 89 66 76 9 81
split_gain=326.647 42.7942 36.8545 26.3084 13.4554 13.131 10.5442 10.4011 14.9072 9.4276 8.29597 8.28212 8.04825 7.24467 7.08618 6.61482 7.06185 8.9503 6.55173 8.5035 6.96692 6.41004 6.33477 7.29668 6.15045 6.88096 7.27695 5.89771 5.52238 6.20961
threshold=8.5000000000000018 5.5000000000000009 11.500000000000002 0.84375000000000011 1.0000000180025095e-35 0.6448166666666667 0.78185000000000016 3.5000000000000004 0.47005000000000002 0.66000000000000014 47.500000000000007 1.0000000180025095e-35 1.0000000180025095e-35 0.28505000000000008 2.0656250000000003 0.71165000000000012 0 0.17415000000000003 0.73405000000000009 0.42805000000000004 20.035763888888891 0.49675000000000008 6.8804560218330915 3.5000000000000004 2.5000000000000004 0.43953333333333339 0.49715000000000004 9.5000000000000018 95.500000000000014 0.03833000000000001
decision_type=2 2 2 2 2 2 2 2 2 2 2 2 2 2 8 2 1 2 2 2 2 2 2 8 2 2 2 2 2 2
left_child=1 4 3 27 10 24 12 -6 -9 -5 -1 13 -7 -10 -14 16 18 -18 19 20 -16 -17 -11 -24 -3 -26 -27 -2 29 -13
right_child=2 5 -4 9 7 6 -8 8 11 22 -12 28 14 -15 15 21 17 -19 -20 -21 -22 -23 23 -25 25 26 -28 -29 -30 -31
leaf_value=0.0054183008181436067 0.0090597428047089271 0.0085811909833804195 0.018789691629340993 0.0073482490985299883 -0.015655483524032485 0.0065547059970143661 0.0052458061981725855 -0.0028266553212862628 -0.0096206003327692999 -0.008442179584656085 -0.0066857555823340593 -0.0010597677079504579 0.0051625263158527153 0.0061360910339801544 0.0046046071046539081 -0.012861686709168355 -0.014489637243412574 -0.0032001877674790306 -0.0065029984286562748 0.011238410316429427 -0.0067377559718156772 -0.00044260098126682265 -0.0023970496130162034 0.010357557599540908 0.008351428101566083 0.0027557764678860768 -0.0074195705026864666 0.018374507705487569 -0.0060485910410331958 -0.014589696029590234
leaf_weight=79.867550045251846 139.26644959300756 106.00274458527565 501.32454308122396 295.49271507561207 259.92736437916756 46.857357621192932 100.99138207733631 291.08910264074802 43.173689976334572 58.82215528935194 108.54330068826675 34.417218267917633 48.037441447377205 42.453979283571243 81.807062685489655 172.80109445750713 103.24456432461739 160.41100549697876 124.09840227663517 53.271905198693275 94.667947500944138 47.944355249404907 101.5498231947422 54.079157367348671 65.431909561157227 128.2186578810215 107.90635688602924 191.95738350600004 131.68897317349911 456.11836192011833
leaf_count=437 1008 483 6793 2202 1806 207 446 1479 222 398 599 199 206 212 356 761 452 704 537 235 415 202 686 365 290 552 461 1920 746 2605
internal_value=0 -0.00548376 0.0123705 0.00836888 -0.00911071 -0.00180508 -0.00359333 -0.0102227 -0.00866789 0.00396224 -0.00154035 -0.0109971 -0.00459544 -0.00198374 -0.0052515 -0.00590212 -0.00419072 -0.0077073 -0.00118621 0.00178765 -0.0015149 -0.0103004 -0.000822878 0.00239278 0.00270977 0.000436676 -0.00200676 0.0148383 -0.0121865 -0.0136805
internal_weight=0 2888.97 1342.49 841.168 1447.28 1441.69 1034.13 1258.87 998.941 509.944 188.411 707.852 933.141 85.6277 886.284 838.246 617.501 263.656 353.845 229.747 176.475 220.745 214.451 155.629 407.56 301.557 236.125 331.224 622.225 490.536
internal_count=27984 14612 13372 6579 8305 6307 4521 7269 5463 3651 1036 3984 4075 434 3868 3662 2699 1156 1543 1006 771 963 1449 1051 1786 1303 1013 2928 3550 2804
cat_boundaries=0 1
cat_threshold=3
is_linear=0
shrinkage=0.03


Tree=72
num_leaves=31
num_cat=1
split_feature=76 76 76 51 42 71 80 75 13 16 55 48 5 92 39 39 18 66 92 60 45 85 34 27 27 4 27 63 54 54
split_gain=311.29 46.4234 35.1334 19.5961 22.5033 19.7998 13.2763 12.6605 11.4708 11.1303 8.65563 8.60671 8.37883 9.40043 8.23815 7.29027 7.66385 7.99802 7.06426 6.71275 6.10998 7.07824 6.08921 5.76082 5.74126 5.51633 5.9381 5.66783 5.34025 5.81025
threshold=8.5000000000000018 4.5000000000000009 10.500000000000002 0.63255000000000006 0.60015000000000007 1.0000000180025095e-35 0.81666666666666676 0.78125000000000011 1.0000000180025095e-35 307.50000000000006 1.0000000180025095e-35 0.63205000000000011 1916.9450000000004 0.79038333333333355 0.76355000000000006 0.49705000000000005 1.5000000000000002 0.70415000000000016 0.6980833333333335 0.91405000000000014 0.66145000000000009 1.0000000180025095e-35 1.0000000180025095e-35 0.45895000000000002 0.39865000000000006 0 0.25985000000000008 0.67675000000000007 0.34525000000000006 0.007150000000000001
decision_type=2 2 2 2 2 2 2 2 2 2 8 2 2 2 2 2 2 2 2 2 2 2 10 2 2 1 2 2 2 2
left_child=1 15 7 4 5 9 -5 -2 11 -3 23 20 13 19 18 16 17 -1 25 28 21 -7 24 -4 -13 27 -27 -10 29 -9
right_child=2 3 10 6 -6 8 -8 12 14 -11 -12 22 -14 -15 -16 -17 -18 -19 -20 -21 -22 -23 -24 -25 -26 26 -28 -29 -30 -31
leaf_value=-0.015268435207645242 0.015726236712638626 -0.00196287715079697 -0.0046388098246175642 0.015163024974706774 0.0085872311041251554 -0.00018722455567400182 -0.0011999019216426326 0.0071694549896337166 -0.0027914148132353435 0.013373358503912438 0.018258887142166089 0.0015808394837488234 0.0085202779552275253 -0.0092472458232411361 0.0071838129275970716 0.0016395778827467981 -0.0071486666792497265 -0.0015544543790594334 -0.0094753578709595478 -0.0068641168245911592 -0.00052927121232192263 -0.0095505359852508104 0.0072160384876780552 0.011147907945192567 -0.010955445225564251 0.0028186300604558208 -0.0077068090831824134 0.010564195764909948 0.012803525532925047 -0.0052751304784363724
leaf_weight=474.68760134279728 106.50944112986326 85.852822631597519 19.258115455508232 75.351366028189659 114.73547196388245 79.548413798213005 90.703028962016106 70.908773668110371 45.781151682138443 70.428598761558533 585.33628302067518 65.403917953372002 240.55742694437504 54.712736032903194 72.072431713342667 34.289305433630943 240.25572226941586 44.171252429485321 106.90267612040043 35.584857158362865 89.423287764191628 881.74729654192924 49.785885334014893 112.81992325186729 51.979615360498428 72.227730706334114 113.77655529975891 53.727329447865486 58.737012654542923 48.722090944647789
leaf_count=3098 871 380 218 360 526 403 412 495 200 310 7628 284 1582 329 313 193 1361 281 456 234 395 4286 218 1326 221 320 492 235 409 308
internal_value=0 -0.00530518 0.012143 -0.00296098 -0.00380902 -0.00462483 0.00666471 0.00672195 -0.00557629 0.00533706 0.0166393 -0.0070971 0.004572 0.000857899 -0.00152319 -0.0114525 -0.0120575 -0.0141524 -0.00326113 0.00373955 -0.00809456 -0.00878562 -0.000724705 0.00868158 -0.0043947 -0.000692468 -0.00368437 0.00472584 0.0061071 0.00208519
internal_weight=0 2912.85 1333.15 2119.45 1953.39 1838.66 166.054 615.732 1682.38 156.281 717.414 1217.89 509.223 268.665 464.488 793.404 759.115 518.859 392.415 213.953 1050.72 961.296 167.169 132.078 117.384 285.513 186.004 99.5085 178.368 119.631
internal_count=28144 14744 13400 9811 9039 8513 772 4228 7823 690 9172 5807 3357 1775 2016 4933 4740 3379 1703 1446 5084 4689 723 1544 505 1247 812 435 1212 803
cat_boundaries=0 1
cat_threshold=1
is_linear=0
shrinkage=0.03


Tree=73
num_leaves=31
num_cat=2
split_feature=76 76 76 42 51 76 74 46 74 63 83 5 79 79 89 1 81 81 79 40 80 5 42 83 83 15 3 5 89 77
split_gain=272.978 47.1592 38.0842 23.5767 19.3209 15.9504 15.7734 12.5814 9.89437 9.35884 9.18624 8.49037 8.40507 8.26959 9.21217 9.42099 9.17713 8.76544 7.93171 7.74806 9.13318 7.54882 7.40108 7.26894 6.93766 6.91637 6.87347 8.00901 6.27812 6.03922
threshold=8.5000000000000018 6.5000000000000009 11.500000000000002 0.71945000000000014 0.60035000000000005 3.5000000000000004 14.500000000000002 1.0000000180025095e-35 10.500000000000002 0.32335000000000008 0.65367000000000008 1490.4850000000004 5.5000000000000009 2.5000000000000004 0.7326166666666668 0 0.33257166666666677 0.16927000000000003 5.5000000000000009 1.0000000180025095e-35 0.7333333333333335 1127.1150000000002 0.27455000000000007 0.37945000000000007 0.22570000000000001 1.0000000180025095e-35 1 1853.5500000000004 0.81264999999999998 0.34942812500000009
decision_type=2 2 2 2 2 2 2 8 2 2 2 2 2 2 2 1 2 2 2 8 2 2 2 2 2 2 1 2 2 2
left_child=1 3 6 4 5 11 7 10 -7 21 22 -1 25 17 15 -15 28 -3 -18 -11 -21 -10 -2 -23 -13 -8 -9 -28 -16 -22
right_child=2 13 -4 -5 -6 8 12 26 9 19 -12 24 -14 14 16 -17 18 -19 -20 20 29 23 -24 -25 -26 -27 27 -29 -30 -31
leaf_value=-0.018265374559362019 -0.012303840367685139 -0.0023711479648539412 0.017682250315436288 0.012845125559658938 0.010804207871287249 -0.00069965369037171504 -0.0043828221418054873 0.013881392936187122 -0.0077463460284835006 -0.010843095162074769 0.010801251263316238 -0.013689134455058857 -0.0085567195378621428 -0.0043205233570539226 -0.0026832440413793869 0.0062670982936604896 0.0021619602517800938 0.012401657399804105 -0.0078627581583826586 0.001967370848778697 -0.017309399084678819 0.0071446423217094834 0.0041453936424041271 -0.0067142668337510925 0.0016469880876906948 0.0073872104674803816 -0.0037871375354258997 0.011883164642625534 -0.018015061806804667 -0.0049485330243536577
leaf_weight=217.85679730772972 41.779935732483864 53.843414574861526 486.49725928902626 39.651119649410248 38.128558412194252 172.17810648679733 58.382250852882862 346.85257843136787 135.33323971927166 905.51619993150234 45.150875143706799 45.481642574071884 57.753878816962242 104.045918405056 47.429207548499107 220.91390734910965 207.2048666626215 85.062802508473396 95.839601323008537 106.1155244410038 46.229888737201691 82.214768454432487 39.693370632827282 44.570124089717865 47.23607811331749 129.31809818744659 56.326686412096024 44.197082720696926 49.108112543821335 134.18136541545391
leaf_count=1556 256 228 6793 170 160 905 400 3141 659 4757 329 314 380 462 200 988 910 397 399 516 255 408 288 190 319 904 454 361 207 631
internal_value=0 -0.00540663 0.0110785 -0.00791011 -0.00838941 -0.00882079 0.00699205 0.00967443 -0.00754501 -0.00834521 0.0012048 -0.0150577 0.000586069 0.000458459 -0.000853748 0.00284936 -0.00386134 0.00690068 -0.00115831 -0.00947169 -0.0049181 -0.00306249 -0.00471278 0.00213798 -0.00647628 0.00368975 0.0119929 0.00325948 -0.0114414 -0.00885868
internal_weight=0 2878.14 1305.95 2014.69 1975.04 1936.91 819.455 574.001 1626.34 1454.16 126.624 310.575 245.454 863.448 724.542 324.96 399.582 138.906 303.044 1192.04 286.527 262.118 81.4733 126.785 92.7177 187.7 447.376 100.524 96.5373 180.411
internal_count=27937 14631 13306 10840 10670 10510 6513 4829 8321 7416 873 2189 1684 3791 3166 1450 1716 625 1309 6159 1402 1257 544 598 633 1304 3956 815 407 886
cat_boundaries=0 1 2
cat_threshold=2 5
is_linear=0
shrinkage=0.03


Tree=74
num_leaves=31
num_cat=1
split_feature=76 76 51 76 76 74 83 36 21 74 16 92 57 79 49 65 6 79 79 10 13 1 92 40 43 9 25 9 6 25
split_gain=258.826 64.575 22.7034 22.5327 19.8121 14.1973 12.2005 12.0733 12.6619 14.4444 11.4664 11.3419 8.59589 8.21025 7.50598 6.97691 6.8545 8.24784 6.77956 6.58141 6.55564 6.55239 6.47607 6.32098 6.30313 6.16127 6.11961 6.00784 8.59682 6.00726
threshold=9.5000000000000018 6.5000000000000009 0.63255000000000006 10.500000000000002 3.5000000000000004 13.500000000000002 0.36095000000000005 0.71795000000000009 0.57738095238095244 11.500000000000002 714.50000000000011 0.71198333333333352 0.48035000000000005 4.5000000000000009 1.0000000180025095e-35 1.0000000180025095e-35 6.1473565661497824 5.5000000000000009 5.5000000000000009 19.014236111111114 1.0000000180025095e-35 0 0.61788333333333345 1.0000000180025095e-35 1.0000000180025095e-35 67.500000000000014 19.012847222222224 24.500000000000004 7.570804009806368 5.0295138888888902
decision_type=2 2 2 2 2 2 2 2 2 2 2 2 2 2 8 2 2 2 2 2 2 1 2 8 8 2 10 2 2 10
left_child=1 2 4 20 -1 11 -7 8 10 13 12 15 22 -10 18 21 -17 -18 23 -11 29 -3 -6 -5 -22 27 -16 -8 -29 -2
right_child=3 5 -4 14 7 6 25 -9 9 19 -12 -13 -14 -15 26 16 17 -19 -20 -21 24 -23 -24 -25 -26 -27 -28 28 -30 -31
leaf_value=-0.014637991107733558 -0.0085321911188555744 0.0062426522519538575 0.012336517194335931 -0.0036882366853210379 0.0062159183159258861 -0.010323688542415006 0.0035312310511385666 0.001871373274665709 0.010295339995332562 -0.00092664749192305248 0.0056431449661047892 -0.0016704706009381736 -0.010422500122060873 -0.0035637814696127383 0.0182852810750345 -0.0016402172019192058 0.01251803656259926 -0.00048343075394530579 -0.0063894434825168961 -0.009810852252293922 0.0020596326600813061 -0.0079810601937855587 -0.0079001304484555383 0.014816956256784591 0.013127434969504616 0.0043235393487064955 0.0016340935796392846 -0.012469582836899275 0.0010987710282308095 0.0056200193415399417
leaf_weight=309.55538864433765 37.718148231506348 55.758167274296284 43.497198343276978 16.751162149012089 48.399211093783379 112.7447435259819 81.973065048456192 142.89887146651745 85.032948642969131 124.43291655182838 40.531749993562698 183.96292811632156 926.5964672267437 57.899769932031631 578.81303546577692 45.618443965911865 264.1994419619441 51.422065742313862 18.114987552165985 188.18230648338795 78.633718982338905 42.357147879898548 48.766443431377411 67.508832983672619 119.96542296558619 188.96010179817677 22.694421127438545 78.67585001885891 77.057518824934959 52.235214702785015
leaf_count=2200 281 301 182 185 235 509 384 652 403 592 207 889 4984 286 7679 228 1396 250 222 895 504 221 254 845 1014 893 304 373 370 372
internal_value=0 -0.00397502 -0.0072277 0.0134886 -0.00771922 0.00158281 -0.0019881 -0.00635134 -0.00713163 -0.0028622 -0.00891542 0.00456156 -0.00954082 0.0048153 0.0163755 0.00703978 0.00892016 0.01045 0.00774319 -0.00641293 0.00613389 -6.80771e-05 -0.000944872 0.0111371 0.00905404 0.000400524 0.017694 -0.00276665 -0.0060947 -0.00057404
internal_weight=0 3198.52 2015.79 992.435 1972.3 1182.73 539.411 1662.74 1519.84 455.548 1064.29 643.318 1023.76 142.933 703.882 459.355 361.24 315.622 102.375 312.615 288.553 98.1153 97.1657 84.26 198.599 426.667 601.507 237.706 155.733 89.9534
internal_count=28110 16704 10890 11406 10708 5814 2529 8508 7856 2176 5680 3285 5473 689 9235 2396 1874 1646 1252 1487 2171 522 489 1030 1518 2020 7983 1127 743 653
cat_boundaries=0 1
cat_threshold=1
is_linear=0
shrinkage=0.03


Tree=75
num_leaves=31
num_cat=4
split_feature=76 76 76 74 42 51 21 58 79 16 21 92 5 4 45 0 24 74 42 5 27 5 42 76 33 0 5 4 72 48
split_gain=261.886 43.9947 42.9885 25.3338 20.4989 27.815 16.5691 16.2966 16.2654 11.9273 11.6806 10.6401 10.0319 10.3501 9.37135 9.32571 8.64664 8.23531 10.5389 8.12981 7.75594 7.44869 7.20555 7.14725 7.04921 7.03058 6.94519 8.08651 6.83878 6.82008
threshold=8.5000000000000018 4.5000000000000009 11.500000000000002 13.500000000000002 0.60375000000000012 0.49595000000000006 0.59166666666666679 2.5000000000000004 5.5000000000000009 395.50000000000006 0.62019230769230782 0.52123333333333344 473.34000000000009 0 0.60155000000000014 1 1.0000000180025095e-35 11.500000000000002 0.035750000000000011 2163.1100000000006 0.27865000000000006 837.57000000000005 0.72715000000000007 10.500000000000002 0.79265000000000008 2 527.49000000000012 3 0.77245000000000008 0.43615000000000004
decision_type=2 2 2 2 2 2 2 10 2 2 2 2 2 1 2 1 10 2 2 2 2 2 2 2 2 1 2 1 2 2
left_child=1 10 3 23 5 6 7 11 12 21 -1 20 -8 24 25 -11 -6 -15 -19 -20 -3 -5 -23 28 -14 -9 -13 -28 -2 -24
right_child=2 4 -4 9 16 -7 8 14 -10 15 -12 26 13 17 -16 -17 -18 18 19 -21 -22 22 29 -25 -26 -27 27 -29 -30 -31
leaf_value=-0.012815992111782561 0.014183139937184595 0.013093821858962832 0.018068016235454867 -0.0020237237350436321 0.01037932726224932 0.011658843813722277 -0.0088526079401671492 -0.0046718377197890876 -0.0091667143640601269 0.0054892571377716344 -0.0021427006293875052 0.0034156005768363356 0.015099087304862832 0.0082823633267762181 0.0009055890177779081 -0.0084928863880128855 -0.0022666745259636552 -0.01056737676429091 -0.0031050401386545916 0.0098273071010102995 -0.0014920408423956819 0.0115036064075123 -0.0066117912268727182 0.021108954607829036 0.0016629818460261645 -0.013231552777301495 4.4729746713154435e-05 -0.010072759975686924 0.0037371517288960149 0.0093869307093877152
leaf_weight=661.23467944562435 135.3451511785388 45.621036782860756 475.5887565985322 81.309665665030479 128.18189077079296 88.665957942605019 63.431400537490845 125.81536668539047 158.80652730166912 56.648560799658298 112.19668737053871 62.672642558813095 77.532708436250687 73.143247365951538 60.053212955594063 116.56282792240381 70.363247811794281 84.685237750411034 106.51942592859268 60.560883179306984 75.664256528019905 168.39779887348413 44.517519854009151 76.295672833919525 63.322585925459862 430.92239508032799 101.56899362802505 226.30922216176987 107.65589749068022 32.838145576417446
leaf_count=4309 1121 212 6836 591 594 403 284 587 724 422 596 301 341 338 266 833 333 385 474 260 342 1145 341 951 278 2129 441 1100 849 294
internal_value=0 -0.00523951 0.0109538 0.00665744 -0.00296311 -0.003924 -0.00474423 -0.00696607 -0.00105184 0.00235179 -0.0113148 -0.00292543 0.0015082 0.00307563 -0.010219 -0.00387002 0.00600387 5.87443e-05 -0.00255553 0.00187274 0.00457384 0.0056639 0.0081871 0.0131272 0.00956942 -0.0114137 -0.00531037 -0.00703003 0.00988592 0.000476904
internal_weight=0 2877.27 1295.16 819.571 2103.84 1905.3 1816.63 1128.63 688.002 500.275 773.431 511.836 529.195 465.764 616.791 173.211 198.545 324.909 251.766 167.08 121.285 327.063 245.753 319.297 140.855 556.738 390.551 327.878 243.001 77.3557
internal_count=28080 14697 13383 6547 9792 8865 8462 5378 3084 3626 4905 2396 2360 2076 2982 1255 927 1457 1119 734 554 2371 1780 2921 619 2716 1842 1541 1970 635
cat_boundaries=0 1 2 3 4
cat_threshold=1 4 4 1
is_linear=0
shrinkage=0.03


Tree=76
num_leaves=31
num_cat=1
split_feature=76 76 76 51 43 92 21 74 79 43 21 5 46 66 45 54 81 92 66 17 63 92 1 66 45 25 45 11 81 86
split_gain=243.505 47.5874 34.3962 21.0275 22.8096 16.3176 13.9208 13.166 13.1196 12.6811 12.4063 11.6817 8.69887 8.66438 8.49643 8.37134 8.04874 7.55841 7.06327 6.91274 9.62999 8.17842 6.56899 6.05067 5.97895 9.37605 8.75975 5.81318 6.47439 5.41095
threshold=8.5000000000000018 4.5000000000000009 11.500000000000002 0.49595000000000006 1.0000000180025095e-35 0.28575000000000006 0.59166666666666679 13.500000000000002 5.5000000000000009 1.0000000180025095e-35 0.62019230769230782 696.44500000000016 1.0000000180025095e-35 0.23225000000000004 0.12255000000000001 0.35635000000000006 0.30819166666666675 0.7565833333333335 0.66755000000000009 2.5000000000000004 0.74485000000000012 0.51715000000000011 0 0.71165000000000012 0.11705000000000002 12.014930555555557 0.33930000000000005 25.000000000000004 0.23719166666666666 0.26578000000000002
decision_type=2 2 2 2 10 2 2 2 2 10 2 2 8 2 2 2 2 2 2 2 2 2 1 2 2 10 2 2 2 2
left_child=1 10 7 4 5 -3 12 29 11 -5 -1 -8 13 -7 -6 16 -13 -15 24 21 27 -14 -10 -20 -9 26 -26 28 -21 -2
right_child=2 3 -4 9 14 6 8 18 22 -11 -12 15 19 17 -16 -17 -18 -19 23 20 -22 -23 -24 -25 25 -27 -28 -29 -30 -31
leaf_value=-0.012584631762189968 0.0042167525727551409 0.0093213243738236116 0.017422595469497513 0.014682323660114705 0.016442702247918009 -0.015902810584613659 -0.0064017592251064863 0.014198449878638398 -0.013156101192730875 -0.00052225142282020739 -0.0018347904709965096 0.00052300511450958421 0.0086244467611322293 -0.0033557116240983138 -2.5113065089275815e-05 -0.0063687064236797259 0.010021908770914481 -0.013794326520520329 -0.011022071157245569 -0.013863502587331301 -0.011765902138494851 -0.0033931967201038995 -0.0005915591112181732 0.001952511561592245 -0.0053577001814475852 -0.0042180615664322262 0.0116804558051594 0.0055896479701828556 -0.00021715506686382358 0.014063094526671645
leaf_weight=658.01981976628304 76.942249104380608 69.27026404440403 468.07374698668718 88.112613588571548 58.386461034417152 144.36243510246277 123.70829828083515 67.531839057803154 92.831605806946754 98.036649525165558 117.3582499474287 147.30323284864426 55.242077678442001 213.41215972602367 47.929017394781113 52.203758612275124 169.55601367354393 84.439717814326286 28.980720780789852 40.710895240306854 181.43063449859619 223.79138934612274 60.439933389425278 180.27938748151064 27.976552031934261 73.471610680222511 120.29544245451689 54.375535368919373 82.554215833544731 236.69623523950577
leaf_count=4316 558 309 6832 401 264 684 556 497 427 465 623 664 256 996 224 227 746 384 196 198 914 1074 277 1229 185 564 957 260 395 2349
internal_value=0 -0.00470262 0.0109857 -0.00232229 -0.00327231 -0.00408693 -0.00467552 0.00710919 -0.00116592 0.00705636 -0.0110017 0.00125234 -0.00674436 -0.00996703 0.00965481 0.00391916 0.00575711 -0.00666697 0.00395068 -0.00439168 -0.0070871 -0.000797912 -0.00854118 -0.000265099 0.0069073 0.00416993 0.00833024 -0.00193611 -0.00542625 0.0118525
internal_weight=0 2863.47 1280.25 2088.1 1901.95 1795.63 1726.36 812.174 646.043 186.149 775.378 492.771 1080.32 442.214 106.315 369.063 316.859 297.852 498.536 638.105 359.071 279.033 153.272 209.26 289.275 221.744 148.272 177.641 123.265 313.638
internal_count=28027 14660 13367 9721 8855 8367 8058 6535 2897 866 4939 2193 5161 2064 488 1637 1410 1380 3628 3097 1767 1330 704 1425 2203 1706 1142 853 593 2907
cat_boundaries=0 1
cat_threshold=1
is_linear=0
shrinkage=0.03


Tree=77
num_leaves=31
num_cat=0
split_feature=76 76 76 89 21 74 52 68 69 69 39 81 72 27 66 66 76 5 39 69 9 72 16 66 39 52 81 30 66 86
split_gain=251.45 45.0705 32.836 22.6075 14.1502 13.7344 12.07 10.9142 10.5897 9.54823 9.41656 9.28784 9.06018 9.92432 9.02941 8.26243 8.41981 8.07719 8.06851 7.78978 7.69915 12.406 7.68572 7.54983 7.40971 7.28648 6.70618 6.48608 7.94433 6.38708
threshold=8.5000000000000018 4.5000000000000009 11.500000000000002 0.64755000000000018 0.62019230769230782 13.500000000000002 17.001041666666669 1.0000000180025095e-35 0.77175000000000016 0.74495000000000011 0.67725000000000013 0.54322666666666686 0.73795000000000011 0.23145000000000002 0.66000000000000014 0.32295000000000007 6.5000000000000009 547.99500000000012 0.28405000000000008 0.46230000000000004 91.500000000000014 0.90345000000000009 299.50000000000006 0.45545000000000008 0.11415000000000002 11.065625000000002 0.41278166666666677 0.25235000000000007 0.33005000000000007 0.21951000000000001
decision_type=2 2 2 2 2 2 10 2 2 2 2 2 2 2 2 2 2 2 2 2 2 2 2 2 2 10 2 2 2 2
left_child=1 26 5 7 6 -2 8 -3 15 11 14 19 13 -9 25 16 18 -12 -5 -6 21 -14 -16 -17 -11 -7 29 -15 -29 -1
right_child=2 3 -4 4 9 10 -8 12 -10 24 17 -13 20 27 22 23 -18 -19 -20 -21 -22 -23 -24 -25 -26 -27 -28 28 -30 -31
leaf_value=-0.013057021720352335 0.012222394418760208 0.013637466828035051 0.017464744986074233 -0.0035172406997945427 0.0014308336416177514 0.009486695372184684 -0.01778961641016941 0.012971186689304528 -0.0089625024617835305 0.0098541512293605551 -0.0045971767140833512 0.0034900069152900754 -0.010217849766350142 0.0076664424137363784 0.0019564869222746567 0.0090687321927115511 0.0023186125342623395 0.011016432114481129 -0.017723321825826394 -0.012328496918999687 0.0053331748775468958 0.0039169054359150506 -0.012095359721946367 -0.0020325765927468264 -0.00019241101006773581 -0.0031265059343545572 -0.0042591982667423865 -0.011602405700130127 0.0035710313517476836 -0.0018191314227413789
leaf_weight=594.42460332810879 312.86652202159166 58.492345437407494 464.65384070575237 85.359769448637962 48.637397646903992 104.96470382064581 72.965024262666702 81.765007868409157 416.23557738959789 86.935040667653084 29.478188507258892 77.439987674355507 146.57381239533424 63.129336431622505 64.389906823635101 71.499928042292595 65.076903790235519 185.10615914314985 61.437580466270447 123.12266582250595 74.447613120079041 80.166756510734558 61.053741939365864 162.34766940772533 206.34072604775429 58.056849859654903 129.46239203214645 48.6953294724226 58.50003719329834 53.03818841278553
leaf_count=3902 2915 267 6882 439 220 787 345 373 2027 396 225 344 661 287 431 352 287 1393 310 559 337 365 402 771 928 436 793 223 262 300
internal_value=0 -0.00480568 0.0111329 -0.00248715 -0.00448653 0.00735918 -0.00670394 0.00233577 -0.00557227 -0.000612786 0.00415528 -0.00483077 0.000920065 0.00501566 0.000549402 -0.00227913 -0.00643356 0.00876235 -0.0102139 -0.0085679 -0.0025589 -0.00526599 -0.00527066 0.0015944 0.00301239 0.00507367 -0.0109294 0.000689038 -0.00372362 -0.0121781
internal_weight=0 2866.09 1280.57 2089.17 1477.4 815.916 934.922 611.77 861.957 542.476 503.05 249.2 553.278 252.09 288.465 445.722 211.874 214.584 146.797 171.76 301.188 226.741 125.444 233.848 293.276 163.022 776.925 170.325 107.195 647.463
internal_count=28219 14748 13471 9753 6978 6589 4531 2775 4186 2447 3674 1123 2508 1145 2056 2159 1036 1618 749 779 1363 1026 833 1123 1324 1223 4995 772 485 4202
is_linear=0
shrinkage=0.03


Tree=78
num_leaves=31
num_cat=1
split_feature=86 37 4 43 43 78 49 74 83 21 54 48 57 21 83 33 74 83 5 63 89 16 33 33 39 39 16 72 30 39
split_gain=198.278 36.7704 35.0372 29.4648 16.86 16.7683 14.0041 15.7539 13.7722 12.0764 11.7536 11.0111 10.5503 10.4498 10.6314 10.1436 11.7132 9.86877 8.76518 10.0354 8.45616 8.3672 8.31642 8.11981 7.7182 7.60454 7.37457 6.77049 6.57636 7.42351
threshold=0.2791900000000001 1.0000000180025095e-35 0 1.0000000180025095e-35 1.0000000180025095e-35 5.5000000000000009 1.0000000180025095e-35 14.500000000000002 0.42466000000000009 0.59166666666666679 0.041150000000000013 0.24985000000000004 0.61285000000000012 0.55050505050505061 0.43423000000000006 0.60875000000000012 13.500000000000002 0.20441000000000001 1308.3700000000001 0.40625000000000006 0.66945000000000021 88.500000000000014 0.68575000000000008 0.79615000000000014 0.77335000000000009 0.071250000000000022 388.50000000000006 0.67235000000000011 0.12395000000000002 0.27395000000000008
decision_type=2 8 1 8 10 2 8 2 2 2 2 2 2 2 2 2 2 2 2 2 2 2 2 2 2 2 2 2 2 2
left_child=2 6 9 10 5 13 7 -2 11 12 -3 -5 -1 14 28 16 -8 -7 24 -20 -16 -14 -23 -11 25 -19 -21 -25 29 -4
right_child=1 3 4 8 -6 17 15 -9 -10 23 -12 -13 21 -15 20 -17 -18 18 19 26 -22 22 -24 27 -26 -27 -28 -29 -30 -31
leaf_value=0.0091039236986556402 0.0024643255076183305 -0.0073479160408534659 0.0031834793526479507 -0.0029961598736104938 0.010587603145822723 -0.015718595113132876 0.008195963544434073 -0.015442001048763823 0.016618762001455532 0.010850323825107965 0.006790204310316063 0.012523338198749207 0.0073738698845462339 -0.00019484349126426388 0.010377787763139815 0.011011263905532106 -0.0054402395632628222 -0.0029429706549131199 0.0069091922920884521 -0.010435211475546239 -0.0059206725260386736 0.0018838249805749846 -0.0090401541068253471 0.0093199278177458107 0.0017526803782270035 -0.014042422978667214 0.0020804220969806581 -0.0045540506677077784 -0.010281813876509314 -0.0093541110302045767
leaf_weight=54.589403256773949 107.65156701207161 69.188503600656986 83.211440905928612 65.811009861528873 40.466105498373508 224.7030927836895 97.976137049496174 62.469654142856598 648.90480526536703 138.15019305795431 151.74162262678146 87.180710911750793 40.699718989431858 338.57728926837444 47.101189017295837 160.38430374860764 109.63253855705261 74.807097800076008 55.79705423116684 129.51472692191601 48.269357562065125 83.827004261314869 207.90311981737614 38.63000426441431 37.873229473829269 308.20510241389275 56.664669781923294 80.733900554478168 396.78601449728012 69.679556518793106
leaf_count=275 594 411 502 404 195 1390 534 397 8320 727 854 671 198 1605 206 1455 665 411 310 702 218 419 1030 205 178 1753 286 436 2321 405
internal_value=0 0.00874482 -0.00478791 0.0120605 -0.00681856 -0.00724926 0.00233736 -0.00460326 0.0147064 0.00124706 0.00223612 0.00607322 -0.00209374 -0.00447998 -0.00669188 0.00558287 0.00107596 -0.0102342 -0.00816902 -0.00342322 0.00234971 -0.00414471 -0.00594281 0.00615855 -0.0107547 -0.0120046 -0.00671414 0.00030937 -0.00827458 -0.00275396
internal_weight=0 1560.94 2556.19 1022.83 1911.66 1871.19 538.114 170.121 801.897 644.533 220.93 152.992 387.019 983.625 645.048 367.993 207.609 887.565 662.862 241.976 95.3705 332.43 291.73 257.514 420.885 383.012 186.179 119.364 549.677 152.891
internal_count=28077 14305 13772 10660 10482 10287 3645 991 9395 3290 1265 1075 1922 5257 3652 2654 1199 5030 3640 1298 424 1647 1449 1368 2342 2164 988 641 3228 907
cat_boundaries=0 1
cat_threshold=1
is_linear=0
shrinkage=0.03


Tree=79
num_leaves=31
num_cat=0
split_feature=76 76 76 39 42 74 5 57 74 60 21 36 73 21 16 10 45 45 86 21 66 57 91 91 15 39 86 74 16 42
split_gain=207.088 44.8476 21.2583 14.1305 13.2907 12.9132 14.2026 17.1698 12.8535 12.6498 8.95003 9.81094 7.97241 7.87458 8.55635 7.00295 6.69363 8.88495 7.34376 8.01677 6.53862 6.28279 6.19753 5.95375 5.65479 11.3513 8.98126 5.5571 5.43225 6.24648
threshold=9.5000000000000018 5.5000000000000009 11.500000000000002 0.68065000000000009 0.48815000000000003 10.500000000000002 3278.9150000000004 0.48035000000000005 13.500000000000002 0.67595000000000016 0.62019230769230782 0.69385000000000008 1.0000000180025095e-35 0.63961038961038974 462.50000000000006 6.0406250000000012 0.63325000000000009 0.008850000000000002 0.14228000000000005 0.35416666666666669 0.22595000000000001 0.74245000000000017 2.5000000000000004 2.5000000000000004 1.0000000180025095e-35 0.74285000000000012 0.13591000000000003 15.500000000000002 93.500000000000014 0.058350000000000006
decision_type=2 2 2 2 2 2 2 2 2 2 2 2 10 2 2 2 2 2 2 2 2 2 2 2 2 2 2 2 2 2
left_child=1 3 8 4 10 -3 7 -7 -2 -8 11 16 -12 14 24 -15 17 18 19 -1 -16 -20 -11 -17 25 28 -26 -10 -9 -30
right_child=2 5 -4 -5 -6 6 9 13 27 22 12 -13 -14 15 20 23 -18 -19 21 -21 -22 -23 -24 -25 26 -27 -28 -29 29 -31
leaf_value=-0.014059305523000205 0.014123467728955744 0.011551618795845989 0.017082332409410619 0.0050009653286648276 0.0078804029435584275 0.0098896413014961156 -0.0037445909200991357 -0.0022573839247946137 0.0054774449632291611 0.01487456930260087 -0.00072610558232105878 0.0017439775827602397 -0.013306541876155716 0.0094133887609437038 0.0089928953547522093 0.0047234082720753155 0.000168884065724947 -0.015618488901316046 -0.0085886169978665362 -0.0060594694665476552 -0.0030659196213507528 0.0047788710289051106 0.0044364164032248037 -0.0036882007965996499 -0.01189784206707045 0.0026232287066982316 0.00022130600311391716 -0.0055694917905293401 -0.0066198966035630807 -0.016473591463952355
leaf_weight=266.24247645586729 174.71457605808973 67.048752494156361 447.1086168512702 68.902879104018211 36.636524572968483 85.312928147614002 117.06781121343374 60.791947394609451 277.03791306167841 71.488047361373901 201.04444326460361 56.460736140608788 49.030968084931374 51.307642102241516 52.156782209873199 93.262627743184566 47.055690556764603 312.70166380703449 50.527325689792633 234.34088669717312 106.7399107888341 56.972053289413452 176.54969374090433 278.51352520287037 64.692606270313263 63.235903091728687 207.77139131724834 39.523502834141254 121.48223888128996 157.1465485021472
leaf_count=1842 1900 319 6808 350 187 423 565 276 2337 374 1033 298 264 248 247 471 246 1970 304 1407 492 321 845 1291 297 292 1037 294 560 723
internal_value=0 -0.00363063 0.0123512 -0.00766619 -0.00836475 -0.000467179 -0.00100363 -0.00243095 0.00779057 0.00416921 -0.0088895 -0.0101312 -0.00360949 -0.00333853 -0.00501296 1.77427e-06 -0.0108347 -0.0113928 -0.00900227 -0.0105063 0.0011904 -0.00170039 0.0079047 -0.00150964 -0.00646905 -0.00870359 -0.00297555 0.00396989 -0.0108285 -0.0125556
internal_weight=0 3154.48 938.385 1379.92 1311.01 1774.57 1707.52 1342.41 491.276 365.106 1274.38 1024.3 250.075 1257.1 834.017 423.084 967.84 920.784 608.083 500.583 158.897 107.499 248.038 371.776 675.121 402.657 272.464 316.561 339.421 278.629
internal_count=28021 16682 11339 8222 7872 8460 8141 6357 4531 1784 7685 6388 1297 5934 3924 2010 6090 5844 3874 3249 739 625 1219 1762 3185 1851 1334 2631 1559 1283
is_linear=0
shrinkage=0.03


Tree=80
num_leaves=31
num_cat=1
split_feature=76 76 51 46 76 46 89 5 74 89 4 86 5 27 5 81 36 16 86 52 5 81 30 30 48 55 81 39 89 92
split_gain=207.862 50.9339 21.4207 18.1151 15.8142 12.6654 11.9746 13.575 11.5535 14.1166 11.0108 10.28 9.61044 9.11451 9.08233 8.61746 9.5043 8.5285 8.49615 8.44026 8.28977 8.13147 7.74977 7.61163 7.41795 9.69004 6.88665 6.75189 7.17891 6.75036
threshold=9.5000000000000018 6.5000000000000009 0.60035000000000005 1.0000000180025095e-35 4.5000000000000009 1.0000000180025095e-35 0.64755000000000018 3959.5200000000004 11.500000000000002 0.46923333333333339 0 0.11487000000000001 2497.8350000000005 0.12515000000000001 7773.8950000000013 0.68555833333333338 0.67415000000000014 72.500000000000014 0.090510000000000021 11.047569444444447 3763.7650000000008 0.3492366666666667 0.40005000000000007 0.21145000000000003 0.6926500000000001 1.0000000180025095e-35 0.62685833333333341 0.078550000000000023 0.84798333333333342 0.53545000000000009
decision_type=2 2 2 8 2 8 2 2 2 2 1 2 2 2 2 2 2 2 2 10 2 2 2 2 2 8 2 2 2 2
left_child=1 2 4 26 12 14 13 24 11 -10 19 22 21 -7 15 16 29 -12 -14 -5 -11 -1 -6 -23 25 -8 -2 -27 -29 -3
right_child=3 5 -4 10 8 6 7 -9 9 20 17 -13 18 -15 -16 -17 -18 -19 -20 -21 -22 23 -24 -25 -26 27 -28 28 -30 -31
leaf_value=-0.013969386635697916 -0.0038450986469184415 -0.00071005493143034995 0.011605940469581109 0.0095306489076149772 -0.0066885877689088326 -0.0026653238341408543 -0.010891948716868601 0.011452659430227431 0.0053972735417106843 -0.0088695937845988098 0.0027222457165052821 0.008680741530968053 0.0072430456125123083 0.012438883338890989 0.0069289760932569732 0.0034293088802894527 0.00011275389455486596 0.016178384917901051 -0.0093498741818537033 -0.0088277625192205861 0.002078785293546743 0.0024043689022151598 0.0046836819663485761 -0.010219279552467719 0.0071466500848175497 0.0083127983417579428 0.0081204199453689917 0.00062386108983525791 -0.012126955492710728 -0.013424903408149483
leaf_weight=478.03896824270487 71.790429584681988 50.593987375497818 47.111106172204018 50.133425876498222 164.10591834783554 41.118792496621609 91.520282678306103 82.397004701197147 71.363893389701843 719.89307656884193 50.088446754962206 78.763765290379524 44.268008545041084 168.33253321796656 67.672298967838287 94.506466969847679 121.56630828231573 652.51806427910924 47.154576241970062 26.618858866393566 64.327650189399719 61.183344028890133 69.783244177699089 112.72627930343151 68.451837837696075 57.399749100208282 84.181608974933624 153.94139455258846 43.158310458064079 150.37877403199673
leaf_count=3201 614 244 198 532 859 217 431 454 308 3587 649 353 278 926 318 445 578 8591 284 282 285 389 338 726 371 293 757 758 205 671
internal_value=0 -0.00378234 -0.00674531 0.012252 -0.00725562 0.00110599 0.00364784 0.00104764 -0.00500791 -0.00679333 0.0141025 -6.29409e-05 -0.0106746 0.00948734 -0.0025968 -0.00426857 -0.00655941 0.0152708 -0.0013934 0.00288002 -0.00795666 -0.0119354 -0.00324263 -0.00588889 -0.00124196 -0.00305557 0.00271312 6.77079e-05 -0.00261889 -0.0104094
internal_weight=0 3149.76 1958.72 935.331 1911.61 1191.04 706.32 496.869 1168.24 855.585 779.359 312.653 743.371 209.451 484.718 417.046 322.539 702.607 91.4226 76.7523 784.221 651.949 233.889 173.91 414.472 346.02 155.972 254.499 197.1 200.973
internal_count=28142 16717 10806 11425 10608 5911 3655 2512 5730 4180 10054 1550 4878 1143 2256 1938 1493 9240 562 814 3872 4316 1197 1115 2058 1687 1371 1256 963 915
cat_boundaries=0 1
cat_threshold=2
is_linear=0
shrinkage=0.03


Tree=81
num_leaves=31
num_cat=1
split_feature=76 76 76 74 86 74 81 86 36 83 83 5 21 74 63 27 54 5 63 67 39 5 60 63 40 77 83 1 86 60
split_gain=198.662 34.2684 30.177 19.1197 16.2221 21.1304 12.0651 10.8849 10.6146 9.03879 9.34439 8.28364 8.50977 7.50334 7.50186 7.35936 9.08806 7.32822 7.51951 9.26037 8.94942 7.04653 8.19058 6.96345 6.51834 6.17995 6.91274 6.00456 5.8006 5.80038
threshold=8.5000000000000018 4.5000000000000009 11.500000000000002 13.500000000000002 0.13591000000000003 13.500000000000002 0.77882666666666678 0.011050000000000003 0.20845000000000002 0.40052000000000004 0.51287000000000016 1517.8150000000003 0.48076923076923084 11.500000000000002 0.78885000000000016 0.34095000000000003 0.078650000000000012 394.66500000000002 0.73645000000000016 1.0000000180025095e-35 0.62775000000000014 3278.9150000000004 0.79665000000000008 0.38035000000000008 1.0000000180025095e-35 0.30632500000000007 0.22570000000000001 0 0.21951000000000001 0.30245000000000005
decision_type=2 2 2 2 2 2 2 2 2 2 2 2 2 2 2 2 2 2 2 8 2 2 2 2 8 2 2 1 2 2
left_child=1 11 3 -2 6 9 7 14 24 13 27 12 28 -6 -3 -15 -17 -5 -19 -20 -21 22 -10 -9 -7 26 -13 -11 -1 -25
right_child=2 4 -4 17 5 8 -8 23 21 10 -12 25 -14 15 -16 16 -18 18 19 20 -22 -23 -24 29 -26 -27 -28 -29 -30 -31
leaf_value=-0.015949676362009061 0.012505053859545147 -0.0052527376505741505 0.016608208540494329 -0.0093244425722323384 0.0078969174489517801 -0.014513289103971509 0.0056453473177846304 0.00038310209506168017 0.00045094269922035227 0.0025890364902409909 0.00033889020225148043 -0.0054368738525755042 -0.0064640050138138894 0.0021744365049879443 0.0088432634552586195 -0.011481088976741008 0.003679898623691601 0.0078436170546459533 0.0064192619036033101 -0.011378387069589185 0.0033810356250329279 0.0053198375026859545 -0.0099631278257301722 0.0011367130476195976 -0.0020524394681912723 -0.0093415185813931056 0.0080620121238900635 0.016222049063983307 -0.0013371624988374425 -0.010125841305979955
leaf_weight=291.38464615494013 298.5783329680562 60.000576123595238 431.40935983881354 31.523402228951454 98.431454107165337 109.1106159389019 73.29803654551506 75.940407738089561 161.55072276294231 45.158765494823456 90.898910313844681 71.358332142233849 209.59841461479664 236.44786936044693 56.573248758912086 90.566543012857437 49.004256099462509 215.76778434216976 108.31582978367805 72.816101767122746 60.271670490503311 92.671618342399597 106.31910185515881 42.63940691947937 60.79185763001442 110.82848820090294 48.841069787740707 101.79109317064285 28.70233365893364 507.56819148361683
leaf_count=2108 2868 299 6750 233 448 495 347 346 715 206 431 475 1257 1093 288 424 221 1643 841 481 426 397 471 204 263 668 319 468 170 2553
internal_value=0 -0.00416892 0.0102779 0.00664417 -0.002137 2.86005e-05 -0.00539548 -0.00654561 -0.00445806 0.00338524 0.00803104 -0.00956893 -0.0116331 0.00093854 0.00174625 -0.00104036 -0.00626783 0.00288439 0.0039078 0.000217887 -0.00492511 -0.00144477 -0.00389226 -0.00809254 -0.0104167 -0.00455001 0.000246103 0.0124644 -0.0147196 -0.00924832
internal_weight=0 2819.48 1218.68 787.273 2058.76 1242.74 816.02 742.722 530.444 712.299 237.849 760.713 529.685 474.45 116.574 376.019 139.571 488.695 457.171 241.404 133.088 360.541 267.87 626.148 169.902 231.028 120.199 146.95 320.087 550.208
internal_count=27908 14666 13242 6492 9669 5632 4037 3690 2341 3291 1105 4997 3535 2186 587 1738 645 3624 3391 1748 907 1583 1186 3103 758 1462 794 674 2278 2757
cat_boundaries=0 1
cat_threshold=2
is_linear=0
shrinkage=0.03


Tree=82
num_leaves=31
num_cat=1
split_feature=77 12 77 21 74 82 0 48 91 42 54 92 46 6 16 57 89 30 42 15 25 83 39 92 30 77 69 61 33 42
split_gain=156.442 39.4771 28.305 25.4951 15.5252 14.8649 13.3087 11.7431 11.4952 11.0164 10.1563 9.56869 8.77026 9.29256 7.76063 10.0577 10.358 8.30667 6.93115 9.33709 9.33833 6.678 7.07807 6.63723 6.61945 6.54553 6.43816 6.2825 6.19323 6.57452
threshold=0.51523437500000013 1.0000000180025095e-35 0.62533125000000001 0.44949494949494956 13.500000000000002 3.5000000000000004 0 0.6926500000000001 2.5000000000000004 0.60015000000000007 0.49030000000000007 0.30290000000000006 1.0000000180025095e-35 7.8235799007851901 391.50000000000006 0.85925000000000007 0.66395000000000015 0.48795000000000005 0.40915000000000007 1.0000000180025095e-35 10.044791666666669 0.19464000000000004 0.11045000000000001 0.52671666666666683 0.12395000000000002 0.31035000000000007 0.7359500000000001 1.5000000000000002 0.41545000000000004 0.27915000000000006
decision_type=2 2 2 2 2 2 1 2 2 2 2 2 8 2 2 2 2 2 2 2 8 2 2 2 2 2 2 8 2 2
left_child=1 3 4 7 -2 -3 21 10 25 11 -1 -7 24 -14 17 16 -16 27 19 20 -13 -5 23 -23 -10 -8 -26 -6 29 -24
right_child=2 5 -4 6 14 9 8 -9 12 -11 -12 18 13 -15 15 -17 -18 -19 -20 -21 -22 22 28 -25 26 -27 -28 -29 -30 -31
leaf_value=-0.010940887924427493 0.012074716075335898 0.013934949130490332 0.015930534151133605 -0.012144147266105999 -0.0080774761307051014 0.01117296068606783 -0.0044158850215323328 0.0025872882147175359 0.0021567992636992682 0.011165983054293983 0.0042101964744366673 0.0042094901881587366 -0.001800234048120346 0.010912009364739794 0.0063774620324788985 0.0072221863189694622 -0.012018731022734611 0.0093365986184522579 -0.011413446815491508 0.0038559846208596721 -0.0088927224943513815 -0.0063932564582708786 -0.0062490180160486948 0.0073940820625384438 -0.017864137471308005 0.0079876728580651462 -0.0046445172745502436 0.0043883205608250854 -0.011675169809523317 0.0044626970478859294
leaf_weight=801.97377233952284 242.09652389958501 83.664090678095818 397.8839529119432 121.15105894953012 47.394019078463316 45.970895864069462 41.166368559002876 65.686838932335377 45.786071166396141 73.365645214915276 36.887120679020882 64.110898964107037 275.37586555629969 53.241515152156353 31.268086090683937 59.235931634902954 86.356286086142063 196.00172754749656 50.707559302449226 208.59502287209034 146.48608400672674 42.147845543920994 169.50703302025795 70.494590021669865 53.85070364177227 178.02416841685772 90.185626029968262 89.422575984150171 118.07744256407022 64.105062738060951
leaf_count=4929 2671 456 6017 679 331 225 237 316 227 489 180 295 1395 263 261 436 650 1570 227 1015 678 228 892 347 264 867 432 634 581 321
internal_value=0 -0.00350768 0.00952262 -0.00542581 0.00596658 0.00282885 -0.00273843 -0.00928381 -4.46114e-05 0.0010457 -0.0102329 -0.000578548 -0.00247764 0.00052079 0.0028887 -0.00211313 -0.00701194 0.00553079 -0.00193708 -0.000551546 -0.00489408 -0.00607455 -0.00426826 0.00213457 -0.00743476 0.00556712 -0.0104258 -0.000185951 -0.00632133 -0.00324711
internal_weight=0 2900.56 1149.66 2227.66 751.775 672.9 1323.11 904.548 737.63 589.236 838.861 515.87 518.44 328.617 509.679 176.86 117.624 332.818 469.9 419.192 210.597 585.483 464.332 112.642 189.822 219.191 144.036 136.817 351.69 233.612
internal_count=28113 15543 12570 12158 6553 3385 6733 5425 3685 2929 5109 2440 2581 1658 3882 1347 911 2535 2215 1988 973 3048 2369 575 923 1104 696 965 1794 1213
cat_boundaries=0 1
cat_threshold=1
is_linear=0
shrinkage=0.03


Tree=83
num_leaves=31
num_cat=1
split_feature=77 13 40 51 46 48 42 4 36 33 5 89 66 81 37 42 42 79 81 48 72 25 69 15 33 27 72 43 43 85
split_gain=147.814 31.2957 24.4826 21.0165 18.5164 14.5401 12.3675 12.1793 11.3827 12.2423 11.0997 13.0959 11.7691 10.0204 9.44425 8.95608 8.88366 7.2821 8.33395 7.06515 6.89424 7.46879 6.42858 5.83158 5.53805 5.538 6.08634 5.49104 5.4646 5.22086
threshold=0.51739687500000009 1.0000000180025095e-35 1.0000000180025095e-35 0.65855000000000008 1.0000000180025095e-35 0.63205000000000011 0.48815000000000003 0 0.44145000000000006 0.71345000000000014 1916.9450000000004 0.56196666666666684 0.35485000000000005 0.29505833333333342 1.0000000180025095e-35 0.73665000000000014 0.62075000000000014 2.5000000000000004 0.16029833333333335 0.80705000000000016 0.6009500000000001 14.04340277777778 0.86355000000000015 1.0000000180025095e-35 0.33775000000000005 0.75785000000000013 0.84655000000000014 1.0000000180025095e-35 1.0000000180025095e-35 3.5000000000000004
decision_type=2 2 8 2 8 2 2 1 2 2 2 2 2 2 8 2 2 2 2 2 2 8 2 2 2 2 2 8 8 2
left_child=1 3 8 5 25 10 14 -6 9 -2 15 24 -13 -7 22 17 -5 18 -1 -15 -16 29 -3 -14 -12 26 -4 -10 -9 -22
right_child=2 6 4 16 7 13 -8 28 27 -11 11 12 23 19 20 -17 -18 -19 -20 -21 21 -23 -24 -25 -26 -27 -28 -29 -30 -31
leaf_value=-0.006622242231513681 -0.012530745572295157 -0.0054912855184891651 0.0044990375373786919 0.013155364928641691 0.0024397465671248454 -0.0075297593393971072 0.011607418055355589 0.0055204362484515572 -0.0011217919248302012 0.0058657733378490754 0.00028844466371959567 -0.01006906968147926 -0.0033744377352440537 0.012469606418722957 0.011795039633676375 0.0044868687248046223 -0.0016471491405460517 -0.0095841962650203595 0.0046915746351652212 -0.00032634119111056055 0.013443557165353344 -0.0036939066776226354 0.0037611932355944041 0.008067085256704307 0.013387665434346297 0.0088962795158745531 -0.0090403502689190302 0.0095284344813353541 0.017181980820940437 0.00013110779100365441
leaf_weight=267.54156766086817 67.282646991312504 232.25303771346807 68.225025076419115 66.760412521660328 69.032893791794777 63.431426055729389 97.384651027619839 51.865504242479801 58.71723310649395 48.317058891057968 64.072894632816315 190.00438877940178 97.488454475998878 66.014222390949726 72.915765188634396 44.851668275892735 65.778368443250656 1041.1507484465837 66.547257967293262 78.383786976337433 46.660915866494179 111.23073930293322 85.654135763645172 54.109504826366901 43.831903904676437 95.459396850317717 38.422348886728287 139.66890218481421 494.62750209867954 50.205435141921043
leaf_count=1579 499 1083 501 332 711 291 639 386 318 428 389 1000 488 314 364 214 347 5929 347 362 238 556 393 251 245 757 284 1580 7105 237
internal_value=0 -0.00329107 0.00944266 -0.00503314 0.0121518 -0.00577667 0.00223098 0.0147154 0.00223062 -0.00498675 -0.00661018 -0.00243162 -0.00528834 0.00168069 0.000540778 -0.00790659 0.00620879 -0.00834026 -0.00429779 0.00595231 0.00446646 0.0014755 -0.0029597 0.000955852 0.00629363 0.00401863 -0.000735702 0.00647367 0.0161943 0.00720168
internal_weight=0 2906.27 1131.62 2209.97 817.633 2077.43 696.305 615.526 313.986 115.6 1869.6 449.507 341.602 207.829 598.92 1420.09 132.539 1375.24 334.089 144.398 281.013 208.097 317.907 151.598 107.905 202.107 106.647 198.386 546.493 96.8664
internal_count=28167 15598 12569 12088 9744 11409 3510 8202 2825 927 10442 2373 1739 967 2871 8069 679 7855 1926 676 1395 1031 1476 739 634 1542 785 1898 7491 475
cat_boundaries=0 1
cat_threshold=2
is_linear=0
shrinkage=0.03


Tree=84
num_leaves=31
num_cat=0
split_feature=76 76 76 75 63 49 21 34 10 63 39 21 81 92 69 81 92 76 92 9 9 79 27 81 92 92 63 60 5 92
split_gain=165.397 33.1842 31.1712 22.5783 14.8452 14.098 12.3386 13.5962 10.1856 9.87791 9.04829 9.47373 10.6981 8.28264 14.5708 7.15477 7.14886 7.12354 7.95159 7.07869 6.83704 6.59144 9.5886 6.55064 6.48405 10.3863 6.42249 6.30196 5.76006 5.69476
threshold=8.5000000000000018 4.5000000000000009 11.500000000000002 0.84375000000000011 0.49755000000000005 1.0000000180025095e-35 0.62019230769230782 1.0000000180025095e-35 5.0045138888888898 0.8509500000000001 0.49705000000000005 0.44949494949494956 0.41278166666666677 0.46741666666666676 0.74335000000000007 0.51241666666666685 0.70511666666666672 6.5000000000000009 0.56055000000000021 102.50000000000001 107.50000000000001 5.5000000000000009 0.39495000000000008 0.39624166666666666 0.70020000000000004 0.75175000000000003 0.90555000000000008 0.65815000000000012 1791.6650000000002 0.54758333333333342
decision_type=2 2 2 2 2 8 2 8 2 2 2 2 2 2 2 2 2 2 2 2 2 2 2 2 2 2 2 2 2 2
left_child=1 10 3 -2 5 23 7 17 -8 24 11 12 -1 -10 15 -15 27 20 -19 -7 -6 22 -16 -3 -5 -26 -11 29 -29 -9
right_child=2 4 -4 9 6 19 8 16 13 26 -12 -13 -14 14 21 -17 -18 18 -20 -21 -22 -23 -24 -25 25 -27 -28 28 -30 -31
leaf_value=-0.014906766344043752 0.012051175204246185 -0.0088725186916297685 0.015827333207130565 0.0077727981150875272 -0.010397881107661639 0.0086464084604013936 0.012255316809889989 0.00029576301997818072 0.0060894374722936292 -0.011787984388709634 0.0047282306465796257 -0.0055175685377027925 -0.0017364358312667101 -0.014474230036537328 0.009590895862985763 -0.00051058654688565562 -0.0082866647892819462 0.0054514184263141164 -0.0063651951458827544 -0.0037908150512982841 0.001357523529125418 -0.0062852138685248341 -0.0038560901395944709 0.0025131253867290205 -0.012302815063513805 0.0043373624514027138 0.00046974895847845272 0.0026293598271298927 -0.0086747399518002938 0.014274802416284017
leaf_weight=358.51180740445852 295.28517179936171 93.994776144623756 420.18183304741979 197.24002896994352 469.04413563013077 244.63047070801258 47.922710135579109 48.655140250921249 105.22678729891777 56.371857285499573 33.693143971264362 284.13936750590801 68.704658046364784 98.32774643599987 109.88787318766117 48.589862748980522 63.651947289705276 65.89838819205761 152.74927750229836 43.200688883662224 46.709502667188644 62.675283953547478 72.061552539467812 74.549893289804459 37.360786654055119 107.63486944884062 89.776776403188705 105.59272220730782 52.868341192603111 48.018380165100098
leaf_count=2606 2910 421 6835 1581 2512 1117 219 224 483 414 197 1706 468 447 501 212 281 290 648 199 246 287 321 326 269 735 649 491 239 219
internal_value=0 -0.00395071 0.00930142 0.00564708 -0.00196314 0.00276548 -0.0033225 -0.00520364 0.000343014 0.00161094 -0.00933228 -0.0100546 -0.0128769 -0.00102531 -0.00304142 -0.0101829 -1.88928e-05 -0.00742373 -0.00272112 0.0067151 -0.00932768 0.0014791 0.00434174 -0.00397778 0.0043675 -0.000467406 -0.00471039 0.00227853 -0.00143316 0.00792651
internal_weight=0 2799.3 1203.85 783.669 2054.26 456.376 1597.88 1053.19 544.692 488.384 745.049 711.356 427.216 496.769 391.542 146.918 318.787 734.401 218.648 287.831 515.754 244.625 181.949 168.545 342.236 144.996 146.149 255.135 158.461 96.6735
internal_count=28053 14660 13393 6558 9683 2063 7620 5150 2470 3648 4977 4780 3074 2251 1768 659 1454 3696 938 1316 2758 1109 822 747 2585 1004 1063 1173 730 443
is_linear=0
shrinkage=0.03


Tree=85
num_leaves=31
num_cat=0
split_feature=76 76 76 51 92 76 74 45 28 48 25 49 79 16 5 45 89 37 5 48 66 16 66 16 27 92 61 74 9 66
split_gain=151.61 35.2882 15.9728 12.314 11.7257 10.9111 17.3166 8.84562 8.76158 10.6348 7.72675 9.49461 7.52382 7.28299 7.05829 6.95673 11.8137 7.73464 6.85519 6.79445 6.76019 6.38006 6.57186 7.2542 6.81145 6.3467 6.24457 6.14692 6.1032 5.4734
threshold=9.5000000000000018 6.5000000000000009 3.5000000000000004 0.60035000000000005 0.44705000000000011 12.500000000000002 13.500000000000002 0.49875000000000008 1.0000000180025095e-35 0.49955000000000005 12.057291666666668 1.0000000180025095e-35 5.5000000000000009 821.50000000000011 3586.0250000000001 1.0000000180025095e-35 0.60221666666666673 1.0000000180025095e-35 2312.8350000000005 0.085650000000000018 0.34745000000000004 86.500000000000014 0.029050000000000003 338.50000000000006 0.76085000000000014 0.70996666666666675 1.5000000000000002 12.500000000000002 75.500000000000014 0.46575000000000005
decision_type=2 2 2 2 2 2 2 2 8 2 10 8 2 2 2 2 2 8 2 2 2 2 2 2 2 2 10 2 2 2
left_child=1 2 -1 8 14 6 -2 12 9 15 11 -9 21 25 -3 18 17 -17 -4 -10 -18 -6 -23 24 26 -8 -24 -21 -25 -22
right_child=5 4 3 -5 7 -7 13 10 19 -11 -12 -13 -14 -15 -16 16 20 -19 -20 27 29 22 23 28 -26 -27 -28 -29 -30 -31
leaf_value=-0.012055427034673863 0.015395687398434799 0.0037185186663940984 -0.0057356820605715163 0.0096679433477804676 0.0082371472496000457 0.016238242889028864 0.0090629987781858119 -0.00073527942773198615 0.0042219552055158113 0.0033773699030237433 -0.0044723854176511087 0.013571671872848991 -0.0073352497157658358 -0.0073844717296317136 0.016733869398722102 -0.0068029869450523198 -0.015360352594275194 0.0067798433152130378 0.0025297472959521705 0.0023555833248834778 0.00044242939403054277 -0.010110123653717717 -0.012306270895822672 0.0073958326246330135 0.0035346831859050182 0.0012384308923635654 -0.0016363972267781199 -0.010604525263233699 -0.0024095912357339779 -0.010799910773124923
leaf_weight=283.65934290736914 212.21361816301942 134.28593031316996 623.9060977101326 45.406605780124664 61.013900496065617 253.30928672477603 232.14700946211815 66.799855105578899 150.17912217974663 98.599131554365158 52.456682533025742 97.11174039542675 162.16562962532043 31.774841222912073 47.098720982670784 88.153354823589325 219.92237535119057 51.666348993778229 99.454998105764389 53.283405870199203 62.007255062460899 57.218605428934097 78.277074828743935 142.11901810765266 85.207142852246761 157.61477458104491 120.27488643676043 65.086691662669182 85.192662611603737 91.574000090360641
leaf_count=2174 2701 749 3515 189 287 4257 2553 340 716 441 280 538 730 327 270 473 1194 258 520 250 337 289 365 681 423 1514 564 289 411 474
internal_value=0 -0.0030743 -0.00556597 -0.0043839 0.000988173 0.010914 0.00856668 -0.000301594 -0.00483916 -0.00582679 0.00493835 0.00803406 -0.00177781 0.00485167 0.00779588 -0.00658183 -0.00926094 -0.00166632 -0.00458027 0.000104397 -0.0119864 -0.000253371 -0.00129162 -0.000129243 -0.00327825 0.00600897 -0.00623127 -0.00504159 0.00377424 -0.00651133
internal_weight=0 3122.12 1932.9 1649.24 1189.22 887.06 633.75 1007.84 1603.83 1335.28 216.368 163.912 791.469 421.537 181.385 1236.68 513.323 139.82 723.361 268.549 373.504 629.303 568.289 511.071 283.759 389.762 198.552 118.37 227.312 153.581
internal_count=28109 16757 10830 8656 5927 11352 7095 4908 8467 7212 1158 878 3750 4394 1019 6771 2736 731 4035 1255 2005 3020 2733 2444 1352 4067 929 539 1092 811
is_linear=0
shrinkage=0.03


Tree=86
num_leaves=31
num_cat=1
split_feature=86 13 40 46 27 46 86 37 85 63 15 81 54 61 33 52 57 18 79 85 66 57 5 81 3 61 79 86 86 45
split_gain=119.453 32.828 29.6895 19.1207 15.1441 12.4438 16.7404 11.9086 8.76079 14.7013 8.72016 11.5806 8.67955 11.7884 8.56787 9.53351 8.45408 7.43956 7.39381 7.22881 7.2098 7.77879 7.18346 7.1355 8.42246 8.37228 7.18608 6.83734 6.80179 6.66001
threshold=0.31221000000000004 1.0000000180025095e-35 1.0000000180025095e-35 1.0000000180025095e-35 0.6230500000000001 1.0000000180025095e-35 0.14653000000000002 1.0000000180025095e-35 2.5000000000000004 0.73275000000000012 1.0000000180025095e-35 0.55227500000000018 0.60530000000000006 2.5000000000000004 0.17870000000000003 14.005208333333336 0.74395000000000011 1.5000000000000002 4.5000000000000009 1.5000000000000002 0.34035000000000004 0.89815000000000011 729.93000000000018 0.33014166666666672 0 1.5000000000000002 3.5000000000000004 0.37571000000000004 0.15622000000000003 0.33020000000000005
decision_type=2 2 8 8 2 8 2 8 2 2 2 2 2 10 2 10 2 2 2 2 2 2 2 2 1 8 2 2 2 2
left_child=1 4 7 22 5 20 23 -2 9 16 11 -3 13 29 15 17 -8 -5 -12 -6 -1 -22 -4 26 25 -25 -7 -15 -20 -9
right_child=2 10 3 14 19 6 8 12 -10 -11 18 -13 -14 27 -16 -17 -18 -19 28 -21 21 -23 -24 24 -26 -27 -28 -29 -30 -31
leaf_value=-0.013971525437402143 -0.0041313038102596209 -0.0051337032725807486 -0.0084015722938036597 -0.0017570712197440956 0.009465692718141603 -0.0059338195698167553 0.0018630273365074208 0.0051168758499741769 -0.0045769906827506767 -0.0034000462577802749 0.0079341080841704315 0.0067632378237197756 0.012303898881319022 -0.0031545265659574037 0.014501124614135651 -0.0083943918522309847 0.020022762555903375 0.015416237538728617 -0.0096539797855474448 -0.0018666324101119269 -0.0094884071993556768 0.0019567413368003156 0.0049408784396382296 -0.0054341801501198517 -0.0098377843918906367 0.0064413596874912157 -0.013774335942114144 0.014468273539450242 0.0040392525831199084 -0.01038082721672866
leaf_weight=281.80864141881466 204.03579185530543 240.42347821220756 39.489021200686693 31.936997056007385 52.067670173943043 251.75866917520761 41.180371023714542 29.607561144977808 154.03499863296747 93.777007602155209 238.63552106916904 94.697353940457106 91.175778705626726 24.269853830337524 544.35889400541782 27.790139932185411 49.902579799294472 55.271536745131016 41.472177758812904 265.76578903198242 205.18080344796181 67.085694864392281 128.15050379931927 99.432869113981724 98.393856048583984 94.440446466207504 212.66401819139719 53.754199586808681 79.662078481167555 66.942892156541348
leaf_count=1692 1171 1164 312 264 251 1524 217 179 792 460 1383 488 1017 148 7247 282 247 608 206 1254 1136 363 945 617 566 500 1410 519 478 502
internal_value=0 -0.0037983 0.00726961 0.0106583 -0.00577041 -0.00691932 -0.00498905 0.00120648 0.000547822 0.00483382 0.00178815 -0.00167335 0.00530589 0.00118242 0.012929 0.00492269 0.0128089 0.00959335 0.00497055 0.000221942 -0.01058 -0.00669894 0.00150191 -0.00744362 -0.00359507 0.000364985 -0.00973874 0.00925097 -0.00102752 -0.00559419
internal_weight=0 2662.38 1296.78 826.997 1967.49 1649.66 1095.58 469.786 338.895 184.86 694.891 335.121 265.75 174.575 659.358 114.999 91.083 87.2085 359.77 317.833 554.075 272.266 167.64 756.69 292.267 193.873 464.423 78.0241 121.134 96.5505
internal_count=27942 14748 13194 9658 11029 9524 6333 3536 1716 924 3719 1652 2365 1348 8401 1154 464 872 2067 1505 3191 1499 1257 4617 1683 1117 2934 667 684 681
cat_boundaries=0 1
cat_threshold=6
is_linear=0
shrinkage=0.03


Tree=87
num_leaves=31
num_cat=1
split_feature=76 21 51 43 89 76 43 12 74 89 69 16 80 83 4 46 27 10 83 21 33 51 9 5 9 69 9 72 48 79
split_gain=144.254 37.198 30.0553 23.4059 17.6194 16.6778 14.9823 13.4079 12.9745 11.3399 10.9493 10.645 10.6209 8.93582 8.21836 7.73236 7.39048 7.19817 6.72346 7.27832 6.30866 6.14253 6.12316 9.45682 7.94375 6.04656 6.64002 5.94905 6.74463 5.88255
threshold=9.5000000000000018 0.62019230769230782 0.49595000000000006 1.0000000180025095e-35 0.65575000000000017 12.500000000000002 1.0000000180025095e-35 1.0000000180025095e-35 13.500000000000002 0.78243333333333343 1.0000000180025095e-35 728.50000000000011 0.81666666666666676 0.35089000000000004 0 1.0000000180025095e-35 0.94735000000000014 20.073263888888892 0.40052000000000004 0.27922077922077926 0.41545000000000004 0.26385000000000008 26.500000000000004 1503.4000000000003 78.500000000000014 0.88455000000000006 81.500000000000014 0.79315000000000013 0.050850000000000006 5.5000000000000009
decision_type=2 2 2 10 2 2 10 2 2 2 2 2 2 2 1 8 2 2 2 2 2 2 2 2 2 2 2 2 2 2
left_child=1 2 3 7 -3 8 -4 11 -2 13 -9 15 -8 -6 -11 -1 -12 -5 19 27 -20 25 -21 -24 -25 26 -16 28 -17 -10
right_child=5 4 6 17 9 -7 12 10 29 14 16 -13 -14 -15 21 18 -18 -19 20 22 -22 -23 23 24 -26 -27 -28 -29 -30 -31
leaf_value=-0.011921193154497583 0.013732191328248388 0.010020443669890529 0.014048415801625781 0.015147057029561662 -0.009247017297384327 0.01719435296482907 0.0081705100945457711 0.010172983695746119 0.0063474494535830095 -0.0025052556714087108 -0.0021884759825860104 0.0037070646254777706 -0.0088359077705219852 0.00080811044184530981 -0.0052700517383958336 -0.012421423921852951 -0.013820808222543382 -0.00025476246610409191 0.0067935361689540957 -0.011761225129664786 -0.005681557466125824 0.012538459577552511 -0.0069641278521340765 0.0088223631002897918 -0.0053352625212878769 0.011042436407581548 0.0079040372705158762 -0.017758794741923982 -0.00031146431495132512 -0.0022016980487938793
leaf_weight=507.40085322409868 212.29178101196885 186.00869446247816 90.26309672743082 44.285679437220097 154.93673798441887 246.98807933181524 47.952592447400093 46.368032515048981 332.80714456737041 144.19424188882113 329.97795034199953 57.896273672580719 67.407040171325207 150.7776699885726 88.141914770007133 100.16176069527864 49.055444195866585 54.304486736655235 50.605419494211674 113.87234806269407 81.888775669038296 82.64716637134552 274.92358061671257 71.28456823527813 54.672977887094021 45.931237861514091 43.103222794830799 103.05457905679941 67.147201627492905 86.391446072608232
leaf_count=2937 2744 944 462 235 768 4258 279 224 3522 708 1549 305 364 747 437 726 231 292 237 655 384 424 1589 391 298 223 211 725 446 891
internal_value=0 -0.00308324 -0.00516471 -0.00628527 0.00205836 0.0106193 0.00555636 -0.0070284 0.00781973 -0.000138602 -0.00226641 -0.00837014 -0.00167884 -0.00441933 0.00312907 -0.00888324 -0.00401052 0.00742135 -0.00709297 -0.00813612 -0.000774391 0.00623291 -0.00584858 -0.00392369 0.0027367 0.00277884 -0.00069017 -0.0121275 -0.00785293 0.00457533
internal_weight=0 3108.26 2212.52 2006.9 895.741 878.478 205.623 1908.31 631.49 709.732 425.401 1482.91 115.36 305.714 404.018 1425.01 379.033 98.5902 917.611 785.117 132.494 259.824 514.753 400.881 125.958 177.176 131.245 270.364 167.309 419.199
internal_count=28206 16791 12329 11224 4462 11415 1105 10697 7157 3518 2004 8693 643 1515 2003 8388 1780 527 5451 4830 621 1295 2933 2278 689 871 648 1897 1172 4413
cat_boundaries=0 1
cat_threshold=4
is_linear=0
shrinkage=0.03


Tree=88
num_leaves=31
num_cat=1
split_feature=76 76 76 74 51 21 69 79 51 51 47 77 17 40 39 42 16 39 45 16 85 51 0 83 83 21 76 83 33 92
split_gain=121.634 25.4071 20.4784 19.0802 12.7034 11.7965 9.15965 9.07698 11.9079 9.34907 13.1173 8.9726 8.39137 8.06666 8.77605 8.02562 8.42494 7.68442 7.40428 8.27306 7.76259 6.92387 6.70454 9.76697 7.50603 6.49596 6.34956 6.03184 5.99141 5.88373
threshold=8.5000000000000018 11.500000000000002 6.5000000000000009 13.500000000000002 0.6180500000000001 0.60769230769230786 1.0000000180025095e-35 4.5000000000000009 0.23305000000000003 0.49595000000000006 1.0000000180025095e-35 0.27549062500000004 2.5000000000000004 1.0000000180025095e-35 0.31325000000000008 0.23195000000000002 449.50000000000006 1.0000000180025095e-35 0.49385000000000007 692.50000000000011 2.5000000000000004 0.33460000000000006 0 0.22795000000000001 0.13875000000000001 0.41428571428571431 12.500000000000002 0.35599000000000008 0.48285000000000006 0.53545000000000009
decision_type=2 2 2 2 2 2 2 2 2 2 2 2 2 8 2 2 2 2 2 2 2 2 1 2 2 2 2 2 2 2
left_child=2 3 4 -2 5 6 11 9 29 10 -4 -1 -13 14 -5 16 -15 -7 19 22 -20 27 23 -8 -24 26 -3 -12 -10 -9
right_child=1 25 7 13 -6 17 18 8 28 -11 21 12 -14 15 -16 -17 -18 -19 20 -21 -22 -23 24 -25 -26 -27 -28 -29 -30 -31
leaf_value=-0.011602352117495371 0.010909561825714759 -0.0060885539893451492 0.0078086890258270286 0.0016578841225999453 0.009212126070351212 0.0075506067435383529 -0.016545727685356917 0.0094902118961161137 -0.014729737381142203 0.011111173961543748 -0.0071893107726445473 0.011436863426208107 -0.0032293702083651 0.0034275070467683156 -0.011329878497754265 0.0077388720375649502 -0.012615895765623972 -0.0028099991748473966 0.0080606570322747494 0.0026522673621412734 -0.0074799029373659887 -0.010824301091626661 0.0056855766664993465 -0.0078273698149110959 -0.0072001592606365595 0.015746305076368445 0.011529439233082686 0.0026254230881453196 -0.0015106099359932647 -0.0017794410747925045
leaf_weight=34.35735496878624 284.20492785423994 25.106487017124891 156.59513486921787 108.34717136621475 46.065062940120697 68.858145862817764 195.95647498965263 47.359968766570091 80.368425518274307 89.872787855565548 69.315180689096451 57.790403559803963 65.828348450362682 78.255345925688744 69.680253386497498 189.72398206591606 34.582256712019444 344.57644982635975 48.635395690798759 55.95632304251194 47.123517386615276 61.087712287902832 36.691684626042843 355.71164937317371 539.04730446636677 347.14952480792999 30.615044269710779 184.74047666788101 50.660583138465881 144.46948662400246
leaf_count=260 2875 412 684 785 193 327 1352 210 348 453 300 306 346 549 490 1555 238 1686 247 311 225 267 241 2119 3140 5925 534 817 228 610
internal_value=0 0.00820868 -0.00328816 0.00489004 -0.0050385 -0.00544085 -0.00671823 0.000479529 -0.00346468 0.00276792 0.000980759 9.39546e-05 0.00396974 0.00118047 -0.00375776 0.00411339 -0.0021162 -0.000946859 -0.00755376 -0.00819791 0.000428914 -0.00254786 -0.00875502 -0.0111636 -0.00629591 0.0142376 0.00387272 -0.000223231 -0.0100883 0.00133523
internal_weight=0 1167.66 2781.07 764.794 1896.6 1850.53 1437.1 884.47 322.858 561.611 471.739 157.976 123.619 480.589 178.027 302.562 112.838 413.435 1279.12 1183.36 95.7589 315.143 1127.41 551.668 575.739 402.871 55.7215 254.056 131.029 191.829
internal_count=28033 13363 14670 6492 10753 10560 8547 3917 1396 2521 2068 912 652 3617 1275 2342 787 2013 7635 7163 472 1384 6852 3471 3381 6871 946 1117 576 820
cat_boundaries=0 1
cat_threshold=1
is_linear=0
shrinkage=0.03


Tree=89
num_leaves=31
num_cat=0
split_feature=76 76 42 76 21 39 22 46 5 75 75 21 40 92 5 83 10 83 39 10 10 5 55 77 45 52 10 39 49 52
split_gain=138.974 34.125 15.9839 14.5691 14.4343 12.8398 10.257 9.63588 10.5377 9.53481 9.16873 9.15329 9.10743 9.51192 8.67372 8.56878 6.92242 6.75182 8.15406 6.73422 6.31782 6.31371 6.48159 5.86468 5.83568 7.84627 5.83335 5.67746 5.57917 6.85663
threshold=9.5000000000000018 6.5000000000000009 0.69595000000000007 11.500000000000002 0.72077922077922085 0.69760000000000011 0.14835164835164838 1.0000000180025095e-35 2250.5450000000005 0.84375000000000011 0.90625000000000011 0.57738095238095244 1.0000000180025095e-35 0.69381666666666686 793.47000000000014 0.21206000000000003 35.054513888888899 0.33599000000000007 0.36935000000000007 33.039930555555564 12.01840277777778 5027.6600000000008 1.0000000180025095e-35 0.41947812500000009 0.60155000000000014 7.0392361111111121 21.064236111111118 0.85555000000000014 1.0000000180025095e-35 12.051736111111113
decision_type=2 2 2 2 2 2 2 8 2 2 2 2 8 2 2 2 2 2 2 2 2 2 8 2 2 8 2 2 10 10
left_child=1 2 5 9 6 7 12 17 11 -2 -8 23 28 19 26 -10 20 18 -1 27 -13 22 -6 24 25 -9 -11 -14 29 -3
right_child=3 4 -4 -5 21 -7 10 8 15 14 -12 16 13 -15 -16 -17 -18 -19 -20 -21 -22 -23 -24 -25 -26 -27 -28 -29 -30 -31
leaf_value=-0.0092282603883760139 0.012457243395011924 -0.0044214186086879818 0.011445902963372154 0.014868038897672657 -0.0021380140626534377 0.0026048365925800863 0.0092304812886566112 0.0009489211927973725 -0.0075155904076735103 0.0038249578071903479 -0.005203446872548069 -0.0057640295884243513 0.0098809904493357709 -0.00570700108643548 0.0062548141608274876 0.0062237842334629057 -0.010215180902571072 -0.0044418130009414294 -0.020307955209923331 -0.0037048619701868027 0.0048848243109044804 0.0161744192564767 0.0086657255590919108 -0.017587794373806847 0.0012500243590181778 -0.0091936585176794466 -0.011594125955228683 -0.00096981439300508469 0.00054041110777763163 -0.015138072155967585
leaf_weight=333.99524040520191 164.77926272898912 203.46857026964426 40.350561529397964 392.44001128152013 76.613154031336308 143.65759815275669 138.02944774180651 77.140498608350754 50.28137593716383 32.603389196097851 46.687244057655334 65.664843767881393 141.58279420435429 119.80143704265356 235.36107414960861 118.59872228652239 49.220864251255989 177.50287649035454 79.190338112413883 66.852427504956722 140.06510628759861 48.793627217411995 117.90187609940767 45.896055832505226 68.038877956569195 505.89381974190474 40.189629949629307 58.465354606509209 100.78890158236027 70.812494203448296
leaf_count=2032 1980 944 175 6776 372 673 743 483 295 283 223 333 747 574 2024 615 250 861 501 347 712 262 619 220 341 3286 342 301 495 330
internal_value=0 -0.00294138 -0.0054309 0.0105972 0.00103695 -0.00585738 -0.000658668 -0.00657868 -0.00486958 0.00681876 0.00550242 -0.00608558 -0.00220457 0.00102315 0.00350691 0.00194164 -0.00116265 -0.00968656 -0.0117815 0.00414106 0.00137629 0.00739862 0.00451401 -0.00784447 -0.00690198 -0.00785833 -0.00506019 0.00681458 -0.00547253 -0.00762337
internal_weight=0 3085.29 1895.5 865.373 1189.8 1855.15 946.489 1711.49 1120.8 472.933 184.717 951.92 761.772 386.702 308.154 168.88 254.951 590.688 413.186 266.901 205.73 243.309 194.515 696.969 651.073 583.034 72.793 200.048 375.07 274.281
internal_count=28139 16734 10777 11405 5957 10602 4704 9929 6535 4629 966 5625 3738 1969 2649 910 1295 3394 2533 1395 1045 1253 991 4330 4110 3769 625 1048 1769 1274
is_linear=0
shrinkage=0.03


Tree=90
num_leaves=31
num_cat=1
split_feature=76 76 43 83 21 58 42 81 10 27 80 81 81 66 77 89 1 25 33 5 66 45 86 25 27 40 69 25 72 86
split_gain=131.636 25.8389 16.2332 12.2566 11.6258 11.5424 10.0144 9.5147 9.06189 9.03644 8.91088 12.2074 9.34817 8.36465 11.0651 8.01595 7.80676 11.9269 7.70041 7.34233 8.52146 7.25095 8.11372 6.1461 5.88352 5.34909 5.13503 5.91692 5.08507 5.07634
threshold=9.5000000000000018 5.5000000000000009 1.0000000180025095e-35 0.41865000000000002 0.55050505050505061 2.5000000000000004 0.48815000000000003 0.4862583333333334 7.0010416666666675 0.0079500000000000022 0.91666666666666685 0.64489166666666675 0.45010833333333339 0.19165000000000001 0.39013750000000003 0.41863333333333341 0 2.0656250000000003 0.17870000000000003 1791.6650000000002 0.46985000000000005 0.28525000000000006 0.05927000000000001 13.007986111111114 0.29035000000000005 1.0000000180025095e-35 0.70365000000000011 13.026736111111113 0.80915000000000015 0.098590000000000011
decision_type=2 2 8 2 2 10 2 2 2 2 2 2 2 2 2 2 1 10 2 2 2 2 2 10 2 10 2 8 2 2
left_child=1 3 -2 6 9 -6 7 19 -7 -3 12 -12 26 16 -15 -16 -11 -18 23 25 -21 22 -9 -4 -13 -1 -10 -28 -26 -17
right_child=2 4 18 -5 5 8 -8 21 10 13 11 24 -14 14 15 29 17 -19 -20 20 -22 -23 -24 -25 28 -27 27 -29 -30 -31
leaf_value=-0.010348333107073062 0.00068098223420928619 0.0077895882963770809 0.0082787193084342212 0.0047464935576084734 0.013277175364585407 0.0088727714185367589 0.0070573074519416409 -0.0066236440098838409 -0.0055809001663064805 0.00494667725725374 -0.0099220310497391811 0.0090538773266405741 0.011656066733565814 0.0042113704483474979 0.0042348309556410118 -0.01501621801398028 0.004726424839925406 -0.014236571470753499 0.013212937700700828 -0.0064907960411425825 0.0064516950741188963 -0.011009738083352079 0.0077548955064268774 -0.0063951297722221606 0.0031069088102626298 0.001386580728377774 0.0093880308865847539 -0.0013204958894580739 -0.0094456333017733114 -0.0065428235917116733
leaf_weight=767.19463554769754 137.33132296800613 57.594767235219479 68.976606372743845 80.038189917802811 64.240593984723091 98.494672581553459 37.227930575609207 46.378621213138103 85.880383975803852 157.61601369827986 151.13880677521229 52.826001301407814 72.284050799906254 85.183938056230545 46.07597516477108 77.048754423856735 50.523866802453995 51.740242525935173 618.78771828114986 196.46639963239431 50.143172264099121 36.44262906908989 86.85384751111269 29.374116726219654 58.527699537575245 34.285944521427155 66.564831033349037 112.75991526246071 41.506123796105385 427.52909838408232
leaf_count=5045 1018 280 872 382 319 487 192 284 416 766 692 254 409 389 235 358 243 251 9093 1204 297 202 505 378 296 195 312 528 208 2042
internal_value=0 -0.00304575 0.0101918 -0.00617559 -0.000646818 0.00199632 -0.00690417 -0.00738499 0.000853011 -0.00287417 -0.000495643 -0.00415162 0.00282224 -0.00363828 -0.00546808 -0.00701386 0.000875331 -0.00528137 0.0119787 -0.00844292 -0.00371033 -0.000743907 0.00263669 0.00371038 0.00181273 -0.00983543 7.84512e-05 0.00294039 -0.0024865 -0.00810338
internal_weight=0 3092.57 854.47 1335.03 1757.54 804.223 1254.99 1217.77 739.982 953.313 641.488 303.999 337.489 895.718 635.838 550.654 259.88 102.264 717.138 1048.09 246.61 169.675 133.232 98.3507 152.86 801.481 265.205 179.325 100.034 504.578
internal_count=28152 16791 11361 8306 8485 3921 7924 7732 3602 4564 3115 1450 1665 4284 3024 2635 1260 494 10343 6741 1501 991 789 1250 758 5240 1256 840 504 2400
cat_boundaries=0 1
cat_threshold=1
is_linear=0
shrinkage=0.03


Tree=91
num_leaves=31
num_cat=0
split_feature=76 21 76 51 42 37 74 79 54 57 69 46 81 39 24 10 21 42 48 21 63 12 49 69 22 54 6 66 48 45
split_gain=96.0997 22.3577 19.9234 14.2947 17.9824 12.808 11.0915 10.9062 10.2076 9.04386 8.95516 8.50902 8.30449 7.93361 9.22749 8.08603 7.87638 7.55157 7.25457 7.18046 6.59077 7.26383 6.56168 6.49007 7.39527 6.42099 5.94227 6.19779 5.93764 5.81669
threshold=8.5000000000000018 0.62019230769230782 11.500000000000002 0.49595000000000006 0.69025000000000014 1.0000000180025095e-35 14.500000000000002 4.5000000000000009 0.064150000000000013 0.82665000000000011 0.7359500000000001 1.0000000180025095e-35 0.62685833333333341 0.67395000000000016 1.0000000180025095e-35 33.039930555555564 0.83974358974358987 0.45725000000000005 0.16255000000000003 0.43650793650793657 0.96965000000000012 1.0000000180025095e-35 1.0000000180025095e-35 0.69985000000000008 0.14835164835164838 0.21355000000000005 7.1952285795792976 0.0094500000000000018 0.17255000000000001 0.11325
decision_type=2 2 2 2 2 8 2 2 2 2 2 8 2 2 10 2 2 2 2 2 2 2 8 2 2 2 2 2 2 2
left_child=1 3 6 4 5 20 11 22 9 23 -11 12 -2 14 -8 -16 -9 -5 -10 25 21 -1 -3 -7 -25 -4 -13 -28 -23 -24
right_child=2 7 19 17 -6 8 13 16 18 10 -12 26 -14 -15 15 -17 -18 -19 -20 -21 -22 28 29 24 -26 -27 27 -29 -30 -31
leaf_value=-0.0090250238590195483 -0.0061830579091444095 7.940828455351455e-05 -0.0087591453738191227 0.011074587101295092 0.0096974606278093182 -0.013709762326681257 0.0056742241489337424 -0.0048357329050908475 -0.0022815499395512154 0.0088819391410512281 -0.0053423047117657869 0.0048953998745427298 0.0083346215641273667 0.0051830897298725835 -0.015531222795364815 0.0024295945492241724 0.0077185195661932894 -0.0021057106118729631 0.0088575646528194392 0.014766320463700225 0.001624169890646581 0.0024298538535901366 0.0032798740686621045 -0.0078913978758956577 0.0052821244056083481 0.0090913232517076687 -0.00054042851606181635 0.014441510687482468 -0.0078500141390132755 0.012280215523473697
leaf_weight=958.4217940568924 71.782619565725327 182.59156963229179 19.206784814596176 67.73571453243494 62.205731019377708 98.718450531363487 40.100294664502144 255.12984205782413 96.384659633040428 64.342155814170837 76.19711085408926 193.02782239764929 52.612356692552567 104.26437932252884 64.404111750423908 28.892792589962482 44.850935980677605 73.39449305832386 97.847177028656006 323.18579586595297 64.87479193508625 101.62040932476521 156.00486815720797 110.46906384825706 47.99420390278101 39.389553260058165 27.728351499885321 182.3039267770946 84.189130231738091 114.47832010686398
leaf_count=5915 510 837 334 313 295 542 277 1225 480 342 392 1928 392 765 443 204 215 347 448 5726 369 462 732 582 263 688 298 1777 376 530
internal_value=0 -0.00278015 0.00751613 -0.0044299 -0.00512947 -0.00569229 0.00462161 0.00161149 -0.00203087 -0.00474597 0.0013273 0.00700869 0.000120418 -0.000745252 -0.00541721 -0.0102723 -0.00277027 0.00453441 0.00348889 0.0130509 -0.00745348 -0.00797777 0.00450983 -0.00799022 -0.00382479 0.00281633 0.00908021 0.0125289 -0.00239092 0.00739116
internal_weight=0 2757.45 1146.9 2004.39 1863.26 1801.06 765.117 753.056 591.953 397.721 140.539 527.455 124.395 237.662 133.397 93.2969 299.981 141.13 194.232 381.782 1209.11 1144.23 453.075 257.182 158.463 58.5963 403.06 210.032 185.81 270.483
internal_count=28007 14665 13342 11126 10466 10171 6594 3539 3049 2121 734 4905 902 1689 924 647 1440 660 928 6748 7122 6753 2099 1387 845 1022 4003 2075 838 1262
is_linear=0
shrinkage=0.03


Tree=92
num_leaves=31
num_cat=1
split_feature=76 21 76 76 57 46 89 81 74 89 43 72 69 13 48 72 33 83 43 89 5 83 25 5 40 36 1 63 79 69
split_gain=112.279 27.9125 17.9573 15.9914 13.7388 13.6109 12.2247 11.3583 11.2072 10.2961 9.71537 8.80574 9.67707 8.36255 8.30011 6.62606 7.38875 6.39553 6.16804 6.10853 7.1624 6.5662 6.53693 5.94422 5.76365 6.16841 6.7351 5.64428 7.51493 6.30532
threshold=9.5000000000000018 0.62019230769230782 4.5000000000000009 12.500000000000002 0.48035000000000005 1.0000000180025095e-35 0.66125000000000023 0.77882666666666678 13.500000000000002 0.78351666666666675 1.0000000180025095e-35 0.081050000000000025 0.89415000000000011 1.0000000180025095e-35 0.17735000000000004 0.65655000000000008 0.45595000000000008 0.20941000000000001 1.0000000180025095e-35 0.81264999999999998 1490.4850000000004 0.22570000000000001 9.0385416666666689 1752.1100000000004 1.0000000180025095e-35 0.43065000000000003 0 0.63155000000000017 2.5000000000000004 0.75635000000000008
decision_type=2 2 2 2 2 8 2 2 2 2 8 2 2 2 2 2 2 2 8 2 2 2 8 2 8 2 1 2 2 2
left_child=1 2 19 8 14 7 23 18 -2 24 13 -11 15 -7 -4 -13 -17 -12 -6 20 22 -22 -1 -3 25 26 -8 29 -29 -19
right_child=3 6 4 -5 5 10 9 -9 -10 11 17 12 -14 -15 -16 16 -18 27 -20 -21 21 -23 -24 -25 -26 -27 -28 28 -30 -31
leaf_value=-0.0031115823875622118 0.01258449144605618 0.0036742489308885348 0.013093582323875664 0.016301603097007684 -0.0060267084148675053 -0.0078580889211505196 -0.01582893197935863 0.0039998180107820285 0.0038909131612240807 0.013610103631285859 -0.0056350147028336982 -0.0093248171452705933 0.0095976460582369721 0.0020653668861112585 -0.00080677671972912183 0.0049965850799183172 -0.0065767294377686867 0.00060322954823259175 -0.013474457456632522 0.0011871112069756701 -0.010556224715857983 0.00075949882013317258 -0.01379944750862727 0.014810228157928552 0.001030596800851357 0.00054300460502597467 -0.0015284277747697442 0.0071769488619630294 -0.0030694369835780307 0.012337940115978352
leaf_weight=69.297998823225498 198.71265938878059 114.95727878063917 63.066995434463024 228.62632224708796 286.72330948710442 264.51017470657825 77.689319536089897 62.463072270154953 411.7326962724328 50.670298464596272 92.809496372938156 64.344061285257339 81.673183605074883 100.99231718480587 79.798018708825111 136.21124812215567 65.375112526118755 76.947844907641411 176.91455719619989 47.804201476275921 73.582521475851536 100.29423996061087 316.87033320218325 69.452828206121922 116.51849704235792 60.854781992733479 48.291447222232819 82.906332276761532 200.11505297571421 81.495002225041389
leaf_count=492 2717 586 304 4201 1369 1358 385 299 4459 259 492 322 404 478 393 664 330 405 918 323 528 664 2351 357 588 295 242 431 1069 420
internal_value=0 -0.00271733 -0.00453861 0.0096075 -0.00281034 -0.00370579 0.00175745 -0.00749299 0.00687807 -8.58486e-05 -0.00143339 0.00305473 0.0011785 -0.00513415 0.00578459 -0.00166132 0.00110988 0.00114616 -0.0090931 -0.00888129 -0.00974646 -0.00434284 -0.0120085 0.00841437 -0.00417502 -0.00730888 -0.0108627 0.00266501 7.45648e-05 0.00701312
internal_weight=0 3062.63 2176.59 839.072 1568.74 1425.88 886.038 526.101 610.445 701.628 899.776 398.274 347.604 365.502 142.865 265.93 201.586 534.274 463.638 607.849 560.045 173.877 386.168 184.41 303.354 186.836 125.981 441.464 283.021 158.443
internal_count=28103 16726 12294 11377 7936 7239 4432 2586 7176 3489 4653 1979 1720 1836 697 1316 994 2817 2287 4358 4035 1192 2843 943 1510 922 627 2325 1500 825
cat_boundaries=0 1
cat_threshold=1
is_linear=0
shrinkage=0.03


Tree=93
num_leaves=31
num_cat=2
split_feature=76 12 21 0 76 70 74 74 83 74 5 40 25 83 66 92 16 86 1 16 86 45 54 89 45 27 81 36 61 37
split_gain=116.269 25.2141 16.7221 13.3528 13.1519 12.7271 12.2681 11.6654 10.1651 12.1152 9.90345 9.20521 8.76318 10.7232 8.08494 7.97399 8.47597 7.89522 7.76355 8.64615 6.14585 6.12455 6.04914 5.9237 5.78914 6.56005 5.69131 5.55248 6.64249 5.655
threshold=9.5000000000000018 1.0000000180025095e-35 0.90454545454545465 0 12.500000000000002 1.0000000180025095e-35 11.500000000000002 13.500000000000002 0.43113000000000007 10.500000000000002 3278.9150000000004 1.0000000180025095e-35 12.002430555555557 0.48331000000000007 0.012850000000000002 0.82628333333333337 719.50000000000011 0.30293000000000009 1 719.50000000000011 0.11271000000000002 0.86345000000000016 0.22075000000000003 0.71965000000000001 0.66985000000000017 0.45115000000000005 0.31107333333333337 0.90055000000000007 2.5000000000000004 1.0000000180025095e-35
decision_type=2 2 2 1 2 10 2 2 2 2 2 8 10 2 2 2 2 2 1 2 2 2 2 2 2 2 2 2 10 8
left_child=1 2 3 10 7 8 20 -2 9 -5 24 -8 13 -10 -13 16 27 22 26 21 -3 -20 -16 -15 25 -1 -11 29 -29 -9
right_child=4 6 -4 5 -6 -7 11 15 12 18 -12 14 -14 23 17 -17 -18 -19 19 -21 -22 -23 -24 -25 -26 -27 -28 28 -30 -31
leaf_value=-0.0098731792739387182 0.013155176494154194 0.0025192772748890424 0.010840358511628958 0.0062935988930029286 0.015935589400587681 -0.013384341406301832 -0.0031488404017015791 0.002545247259938945 0.0085063117641289241 -0.0036722932879053416 0.0021053554236100088 -0.0079275943239477606 0.012756608821966779 0.0011064771169704236 0.0048917248534135309 -0.0053732473312265907 -0.0059968647012317595 0.012303981361601804 -0.0069077439252483832 0.0064892102585677536 0.01596359921018236 0.0045858169288371473 -0.0066661178583585614 -0.012726117216226058 -0.00100918887828042 -0.00052785370964584654 0.010920270985363682 -0.0099330845029915165 0.0085835134504645451 0.012229609433982365
leaf_weight=754.89732203632593 195.67334538325667 60.079500146210194 54.007503889501095 98.830244340002537 225.4592730216682 82.360088720917702 352.89178241044283 85.428285416215658 68.641357004642487 38.979716032743454 87.170388363301754 37.21494796872139 59.42047843337059 51.714550517499447 138.99993897229433 58.514158222824335 39.893287759274244 92.257869467139244 648.40452084690332 43.827967315912247 63.413378022611141 37.852821223437786 46.537981748580933 46.913175240159035 92.34148233383894 75.434272311627865 40.123213641345501 26.858699880540371 23.251832347363234 176.47300528734922
leaf_count=4525 2682 281 269 594 4205 502 1712 899 324 230 456 208 287 250 682 570 421 548 3606 223 360 187 222 235 453 444 208 290 263 1995
internal_value=0 -0.00279816 -0.00439408 -0.00481036 0.00978333 -0.00266047 0.00179894 0.00727326 -0.00177198 -0.0031883 -0.00734992 0.000137435 0.0037962 7.30522e-05 0.00380251 0.00422276 0.00592275 0.00559479 -0.00440906 -0.00537687 0.0101016 -0.00621702 0.00180005 -0.00603896 -0.00825621 -0.00904056 0.00412434 0.00758568 -0.00134258 0.0092805
internal_weight=0 3072.31 2280.92 2226.91 831.552 1217.07 791.395 606.093 1134.71 908.018 1009.84 667.903 226.69 167.269 315.011 410.419 351.905 277.796 809.188 730.085 123.493 686.257 185.538 98.6277 922.673 830.332 79.1029 312.012 50.1105 261.901
internal_count=28131 16806 12793 12524 11325 6646 4013 7120 6144 5048 5878 3372 1096 809 1660 4438 3868 1452 4454 4016 641 3793 904 485 5422 4969 438 3447 553 2894
cat_boundaries=0 1 2
cat_threshold=1 4
is_linear=0
shrinkage=0.03


Tree=94
num_leaves=31
num_cat=2
split_feature=86 37 54 42 4 58 49 45 33 42 25 33 48 48 58 39 42 5 5 69 3 25 74 42 86 63 31 16 37 9
split_gain=84.324 28.1012 18.6473 16.8237 13.946 11.483 10.8808 14.5355 10.0373 9.98184 9.32859 8.6106 8.5759 9.98096 7.5774 11.8342 10.1693 11.1438 9.64869 7.64151 7.47498 9.07028 8.37323 7.33024 7.18028 6.84116 6.63478 6.38467 6.30651 6.26964
threshold=0.24359 1.0000000180025095e-35 0.60255000000000014 0.60705000000000009 0 5.5000000000000009 1.0000000180025095e-35 0.6281500000000001 0.61615000000000009 0.11775000000000001 6.0593750000000002 0.32885000000000003 0.17735000000000004 0.46905000000000002 6.5000000000000009 0.70480000000000009 0.16565000000000002 1357.2700000000002 1023.8750000000001 0.78915000000000013 1 13.002430555555557 13.500000000000002 0.68705000000000016 0.21679000000000001 0.098400000000000015 1.0000000180025095e-35 61.500000000000007 1.0000000180025095e-35 91.500000000000014
decision_type=2 8 2 2 1 8 10 2 2 2 8 2 2 2 10 2 2 2 2 2 1 8 2 2 2 2 8 2 10 2
left_child=3 6 5 4 8 10 9 11 -1 -2 26 -8 20 -14 15 16 24 19 -17 -18 22 -22 -10 -11 25 -6 -3 -4 -16 -13
right_child=1 2 27 -5 14 -7 7 -9 12 23 -12 29 13 -15 28 18 17 -19 -20 -21 21 -23 -24 -25 -26 -27 -28 -29 -30 -31
leaf_value=0.011472797079284641 0.0056773709197566625 -0.013302286771903241 -0.0022056515975535126 0.012610566331676761 0.0028736942430480439 0.01033947881329152 -0.0080484446378866793 0.01383865436972063 0.0099045465676731639 -0.010692238552923153 0.0047960487937744036 -9.4297552604025197e-05 -0.012486919657456963 0.0023081465519975779 -0.0029471553699672547 0.0089863078148202935 -0.0092939545034621835 -0.0044140755889540244 -0.0049960472116271906 -0.021161866332962236 0.0068135905024136424 -0.0088480335021123933 -0.0033324287284210961 -0.0010801209640617416 0.0065847449538258941 -0.0067658500301036387 0.00087827772224993239 0.015228404940647828 0.0086224426900454714 0.014297275223270896
leaf_weight=51.612285278737545 78.404886666685343 39.735172670334578 17.650984615087509 45.313531756401062 66.762434624135494 252.37280486151576 70.323380149900913 88.478204417973757 117.95036385953426 134.6675911732018 343.99374200776219 84.04310055077076 95.782552465796471 62.621218923479319 187.38336216658354 69.898067459464073 133.33541740477085 146.59140955656767 90.416876994073391 107.83400239050388 40.830426573753357 91.339885555207729 58.668376222252846 145.95166156440973 34.877923712134361 795.76561983674765 70.871432825922966 293.01228541508317 44.031061187386513 30.21964805573225
leaf_count=257 422 261 242 240 423 2569 369 952 621 737 3080 560 460 358 974 334 834 839 425 664 191 439 302 990 174 4907 740 4322 202 195
internal_value=0 0.00508671 0.00814822 -0.00382619 -0.00422104 0.00532796 0.000107666 0.00453074 7.8903e-05 -0.00328802 0.00238314 -0.000412747 -0.00139386 -0.00684829 -0.00554395 -0.00634583 -0.00729831 -0.0113559 0.00127001 -0.0152317 0.00153122 -0.00361648 0.00528158 -0.00590211 -0.00543923 -0.00599533 -0.00489661 0.0142 -0.000479838 0.00455618
internal_weight=0 1649.72 1017.64 2241.01 2195.7 706.973 632.088 273.064 518.805 359.024 454.6 184.586 467.193 158.404 1676.9 1445.48 1285.17 387.761 160.315 241.169 308.789 132.17 176.619 280.619 897.406 862.528 110.607 310.663 231.414 114.263
internal_count=28083 15439 11214 12644 12404 6650 4225 2076 2628 2149 4081 1124 2371 818 9776 8600 7841 2337 759 1498 1553 630 923 1727 5504 5330 1001 4564 1176 755
cat_boundaries=0 1 2
cat_threshold=1 5
is_linear=0
shrinkage=0.03


Tree=95
num_leaves=31
num_cat=2
split_feature=12 49 43 21 34 0 21 51 46 48 21 5 46 42 25 66 46 3 48 48 75 48 89 42 9 5 76 64 9 33
split_gain=83.178 30.9663 22.3708 22.3387 11.7885 10.3946 10.0767 9.01871 7.99547 7.5054 6.88803 6.4233 11.0291 6.41287 9.63633 7.8819 6.21642 6.02236 9.08069 7.8508 5.36119 8.97267 6.26594 11.9257 6.34439 5.41776 5.27677 13.8988 7.71114 7.75484
threshold=1.0000000180025095e-35 1.0000000180025095e-35 1.0000000180025095e-35 0.57738095238095244 1.0000000180025095e-35 0 0.43650793650793657 0.71155000000000013 1.0000000180025095e-35 0.6059500000000001 0.57738095238095244 2497.8350000000005 1.0000000180025095e-35 0.11775000000000001 14.078819444444447 0.38905000000000006 1.0000000180025095e-35 1 0.050850000000000006 0.12555000000000002 0.71875000000000011 0.61715000000000009 0.78468333333333351 0.049150000000000006 85.500000000000014 1791.6650000000002 3.5000000000000004 1.0000000180025095e-35 103.50000000000001 0.25125000000000003
decision_type=2 8 8 2 8 1 2 2 8 2 2 2 8 2 8 2 8 1 2 2 2 2 2 2 2 2 2 10 2 2
left_child=3 17 6 4 7 -5 -3 11 10 -6 -4 26 -13 -8 -15 -16 -11 18 -2 -19 -7 22 24 -24 25 -22 -1 28 -28 -30
right_child=1 2 8 5 9 20 13 -9 -10 16 -12 12 -14 14 15 -17 -18 19 -20 -21 21 -23 23 -25 -26 -27 27 -29 29 -31
leaf_value=-0.013381032377757011 -0.012584258186964608 -0.0049429724228189052 -0.0031090652633379849 -0.0033886224445792146 -0.0034305715023299392 0.0094448659634461789 0.013250070370870028 0.0033030571766822698 0.013261673309965163 -0.0036430917156893118 0.011125492587804245 -0.011905439584996588 0.0040640554561784574 0.0082006114230704728 -0.011358389576679602 0.0042453215633019093 0.010712821419879131 0.0046569334679473539 0.0033053678009317398 -0.010491119570839636 -0.012762823921439218 0.0089460288301886799 -0.0078542323130217102 0.0097302096687292075 0.0043475906816046973 0.00040725912076385062 -0.010843270870802599 0.00031434692649578012 0.0079945749709979252 -0.0091866324302585303
leaf_weight=182.54715560376644 27.110430791974068 106.37412260472775 57.419619772583246 343.02643907815218 348.10484528914094 93.434800557792187 63.563859641551971 65.014813590794802 536.47971562668681 36.892853531986475 48.240519367158413 51.335217319428921 97.464868254959583 121.13579416275024 49.737494498491287 49.126741595566273 62.773333866149187 36.096033208072186 247.71205301955342 99.929766517132521 74.191160652786493 101.15596836805344 44.958828926086426 87.185232985764742 41.64763431251049 41.297976691275835 506.01395881548524 163.9701886549592 38.322754383087158 36.318892315030098
leaf_count=1549 202 533 437 1932 1958 474 373 346 7566 189 462 289 558 721 270 299 563 202 1898 558 387 782 235 492 225 237 3006 909 220 212
internal_value=0 0.00562944 0.00838033 -0.00344721 -0.00551784 0.000549589 0.00261885 -0.00712602 0.0117852 -0.0013538 0.00378992 -0.00778081 -0.00184811 0.00552728 0.00281689 -0.003927 0.00555114 -0.0013159 0.00130528 -0.0060158 0.00335355 0.00169639 -0.00105289 0.00361586 -0.0049605 -0.00839615 -0.00870305 -0.00739411 -0.00953936 -0.000463067
internal_weight=0 1442.93 1032.08 2415.66 1588.76 826.898 389.938 1140.99 642.14 447.771 105.66 1075.97 148.8 283.564 220 98.8642 99.6662 410.848 274.822 136.026 483.872 390.437 289.281 132.144 157.137 115.489 927.173 744.626 580.656 74.6416
internal_count=28084 13521 10661 14563 9799 4764 2196 7089 8465 2710 899 6743 847 1663 1290 569 752 2860 2100 760 2832 2358 1576 727 849 624 5896 4347 3438 432
cat_boundaries=0 1 2
cat_threshold=1 3
is_linear=0
shrinkage=0.03


Tree=96
num_leaves=31
num_cat=0
split_feature=76 13 46 21 49 69 33 74 25 25 45 54 77 82 63 78 78 21 37 45 48 21 77 74 63 10 30 37 89 43
split_gain=88.9911 26.6296 15.2489 13.4219 11.051 10.4576 11.4303 9.29149 8.6937 8.48169 8.3313 9.58197 8.19589 8.12281 8.58682 8.44886 7.866 7.73958 7.59194 7.80011 7.4945 7.28836 6.58272 9.63224 8.42945 7.02723 7.02026 7.59464 6.5555 9.83098
threshold=10.500000000000002 1.0000000180025095e-35 1.0000000180025095e-35 0.41428571428571431 1.0000000180025095e-35 1.0000000180025095e-35 0.36935000000000007 14.500000000000002 7.0454861111111127 19.012847222222224 0.14615000000000003 0.37165000000000004 0.6414437500000002 4.5000000000000009 0.7430500000000001 5.5000000000000009 5.5000000000000009 0.72077922077922085 1.0000000180025095e-35 0.71935000000000016 0.81305000000000016 0.69615384615384623 0.26549062500000004 11.500000000000002 0.62525000000000008 18.024652777777781 0.13175000000000003 1.0000000180025095e-35 0.60518333333333352 1.0000000180025095e-35
decision_type=2 2 10 2 8 2 2 2 8 10 2 2 2 2 2 2 2 2 8 2 2 2 2 2 2 2 2 8 2 8
left_child=1 2 3 22 7 -3 20 -2 -4 -6 16 21 -9 14 15 -8 28 -15 19 -10 -7 -12 -1 -24 26 -26 -25 -28 29 -5
right_child=4 5 8 10 9 6 13 12 18 -11 11 -13 -14 17 -16 -17 -18 -19 -20 -21 -22 -23 23 24 25 -27 27 -29 -30 -31
leaf_value=-0.014784847652325558 0.011664582669007375 0.01052999200704993 -0.0068390543724221476 -0.0017369805959263848 0.013930208333715763 -0.0038328383965184382 0.008504233463117284 -0.016961886539465409 0.0092368665342128335 -0.0048186364641627554 -0.0066419256692711428 -0.017582654283490776 0.0038442030097493524 -0.0014105362553694708 0.01551871535360219 -0.0077062877897108063 -0.0038601844986490105 0.011138966579371769 0.010683141539322339 -0.0037986449795907912 0.008275454245370923 0.0032841373238207848 -8.1398130846169805e-06 0.0057573060543376778 -0.0051433541609772543 -0.014971520804250101 -0.011133325311284473 0.0037968693904100554 0.00015771401387050675 0.018153448543021606
leaf_weight=92.16417983174324 34.474254190921783 119.54449126124382 62.127115659415722 38.315593563020229 448.94762013107538 353.21613438427448 70.59320567548275 22.192409552633762 52.608539916574955 18.134711593389511 231.67334876209497 46.909584209322929 29.97582271322608 220.65108025819063 87.372303552925587 35.843712612986565 403.17706508934498 44.82300066947937 108.07548233866692 111.67359026521444 43.158847391605377 84.860631659626961 167.20184060186148 50.899002507328987 122.28107302635908 181.94452033936977 86.870703518390656 38.846272297203541 416.53890130668879 38.835966438055038
leaf_count=781 518 733 354 191 7577 1823 440 256 275 303 1225 232 505 1270 552 227 2220 275 657 581 260 412 1075 309 749 1135 565 213 2167 213
internal_value=0 -0.0015671 -0.00330212 -0.00429129 0.0113248 0.00257854 0.00135883 0.00130796 0.00256687 0.0131165 -0.00237683 -0.00614353 -0.0063114 0.00453569 0.00904371 0.00285218 -0.000799511 0.00103578 0.00487867 0.00066623 -0.00234324 -0.00396173 -0.00747581 -0.00622744 -0.00834584 -0.0113106 -0.00290659 -0.00658009 0.00172703 0.00920945
internal_weight=0 3310.21 2335 2000.52 553.725 975.203 855.658 86.6425 334.485 467.082 1260.31 363.444 52.1682 459.283 193.809 106.437 896.868 265.474 272.358 164.282 396.375 316.534 740.208 648.043 480.842 304.226 176.616 125.717 493.69 77.1516
internal_count=28093 18934 13354 11487 9159 5580 4847 1279 1867 7880 6660 1869 761 2764 1219 667 4791 1545 1513 856 2083 1637 4827 4046 2971 1884 1087 778 2571 404
is_linear=0
shrinkage=0.03


Tree=97
num_leaves=31
num_cat=0
split_feature=12 46 51 78 61 54 49 49 16 91 36 33 16 54 82 83 63 81 60 89 34 5 25 27 89 11 26 5 46 5
split_gain=76.3448 29.1359 19.4056 19.2422 12.8592 10.5525 10.3824 10.3349 11.1251 10.0808 9.19952 8.53343 8.09642 7.57226 8.83263 6.98532 6.70134 6.63719 6.49831 10.7536 7.63531 6.23995 5.70154 6.00125 5.68306 5.53239 5.47259 7.71714 7.18782 5.33269
threshold=1.0000000180025095e-35 1.0000000180025095e-35 0.66375000000000006 5.5000000000000009 3.5000000000000004 0.42935000000000006 1.0000000180025095e-35 1.0000000180025095e-35 113.50000000000001 2.5000000000000004 0.74195000000000011 0.42665000000000003 619.50000000000011 0.61275000000000013 4.5000000000000009 0.20711000000000002 0.69795000000000007 0.26487166666666673 0.67595000000000016 0.7326166666666668 1.0000000180025095e-35 453.35500000000008 15.031597222222224 0.75495000000000012 0.78691666666666682 25.000000000000004 1.0000000180025095e-35 2219.7950000000005 1.0000000180025095e-35 1069.8750000000002
decision_type=2 10 2 2 8 2 8 8 2 2 2 2 2 2 2 2 2 2 2 2 8 2 8 2 2 2 2 2 8 2
left_child=3 2 6 4 5 10 25 8 -3 -6 12 24 26 15 -15 -5 -12 -17 19 20 -8 -20 23 -10 -11 29 -1 -28 -29 -2
right_child=1 7 -4 13 9 -7 18 -9 22 11 16 -13 -14 14 -16 17 -18 -19 21 -21 -22 -23 -24 -25 -26 -27 27 28 -30 -31
leaf_value=0.0050622864874223256 -0.013498961812683343 -0.013384367223379904 0.012226967156529352 -0.01103198291237064 0.012147772135226796 0.0058285466519378427 -0.0048069087313635413 0.013781215543284717 0.01034551114518947 -0.0085352624295344272 0.010586497000105692 0.0073720607603296774 0.0053730411420481392 0.013897075339564814 -0.0059624529914672902 0.0037002845525825139 -0.0024007968699551545 -0.005903978293487204 -0.0052881473221276648 -0.013900934730058183 0.0083630951037464828 0.0067290157805957431 0.014185427809777796 -0.0070113404413815238 0.003151299493146003 0.0016865670491757298 -0.0077529038301794228 -0.0076161650376569872 0.005070170844222825 -0.0026269398915598793
leaf_weight=34.7141616307199 64.045355133712292 19.313817549496889 145.23906190320849 238.37330983579159 96.540938030928373 119.28310077264905 64.190254833549261 389.14113314449787 21.18698999658227 79.675934206694365 58.331436756998301 97.146767057478428 59.721910536289215 28.294079024344683 33.963152732700109 64.525843538343906 68.79745777323842 706.279686242342 36.758436407893896 37.921042121946812 76.509638115763664 311.04516330733895 46.352418158203363 32.199895683676004 57.228725116699934 89.476594854146242 529.49803451821208 57.016768522560596 90.428251571953297 103.88528728485107
leaf_count=211 308 192 1836 1586 566 876 310 5934 240 431 314 670 331 205 254 425 389 4081 242 261 478 2005 451 377 308 446 3175 298 533 506
internal_value=0 0.00574559 0.00253542 -0.00295814 -0.000562875 -0.00223312 0.000608235 0.0114522 0.00336144 0.00449387 -0.00335573 0.000968413 -0.00458539 -0.00593945 0.00373731 -0.00656723 0.00389571 -0.00506289 0.00300838 -0.0015867 0.00243439 0.00534666 0.0075283 0.000422288 -0.00376809 -0.00422925 -0.00548396 -0.0060906 -7.76383e-06 -0.00729894
internal_weight=0 1437.27 929.071 2419.82 1348.38 1017.79 783.832 508.194 119.053 330.592 898.508 234.051 771.379 1071.44 62.2572 1009.18 127.129 770.806 526.425 178.621 140.7 347.804 99.7393 53.3869 136.905 257.407 711.657 676.943 147.445 167.931
internal_count=28239 13586 6392 14653 8102 6127 4556 7194 1260 1975 5251 1409 4548 6551 459 6092 703 4506 3296 1049 788 2247 1068 617 739 1260 4217 4006 831 814
is_linear=0
shrinkage=0.03


Tree=98
num_leaves=31
num_cat=0
split_feature=86 13 40 25 42 37 54 18 46 85 81 5 37 54 25 80 25 25 92 89 92 33 83 33 69 5 15 39 85 36
split_gain=76.9913 22.4737 19.6717 13.5788 12.8674 11.6492 9.83103 15.6538 9.16712 9.82979 8.94059 10.2979 8.01368 7.86204 7.85044 7.6973 7.41512 7.22953 7.05356 6.93051 6.68168 6.63588 7.92584 6.38651 8.85312 5.97474 5.80371 5.50778 5.72335 5.49853
threshold=0.31221000000000004 1.0000000180025095e-35 1.0000000180025095e-35 3.541666666666667 0.70765000000000011 1.0000000180025095e-35 0.47545000000000004 1.5000000000000002 1.0000000180025095e-35 2.5000000000000004 0.75688333333333346 5388.2600000000011 1.0000000180025095e-35 0.60530000000000006 6.0468750000000009 1.0000000180025095e-35 10.069097222222224 18.020486111111115 0.71198333333333352 0.70705000000000007 0.70511666666666672 0.40085000000000004 0.51548000000000016 0.70155000000000012 0.71535000000000015 1791.6650000000002 1.0000000180025095e-35 0.23795000000000002 2.5000000000000004 0.26775000000000004
decision_type=2 2 8 8 2 8 2 2 10 2 2 2 8 2 8 2 8 8 2 2 2 2 2 2 2 2 2 2 2 2
left_child=1 4 5 -3 8 18 7 17 10 -10 11 15 21 14 -7 -1 -17 19 -2 -4 23 -5 -23 24 -14 -21 -8 -12 -29 -18
right_child=2 3 6 12 -6 13 26 -9 9 -11 27 -13 20 -15 -16 16 29 -19 -20 25 -22 22 -24 -25 -26 -27 -28 28 -30 -31
leaf_value=0.0042923207669715311 -0.00033626760361917381 0.014116684362987035 0.00075368219910014911 -0.0069407751238120081 0.011424294420569353 -0.0086303070047019977 0.0048328078091403716 0.0099680408147231128 0.0089982231398290057 -0.007038003994695354 0.0072700505561162114 0.0044793164426699481 0.0092795491110288335 0.012319351261578643 0.0050840166699952574 -0.003038155641487802 -0.01019496149118386 0.008340888150164814 -0.012171693707838636 -0.020382492714856912 -0.0028447923975003222 0.0085324234518641042 -0.0052417528127216475 0.012660779002261006 -0.0046963188685265325 0.00042463188519862015 0.015677924668806183 -0.010157124070226269 0.0037655624197116058 -0.0057989321656407074
leaf_weight=49.699167810380459 146.761733379215 61.83537720516324 72.598013948649168 167.52209901064634 35.254964355379343 41.56220169365406 68.903769887983799 312.90833910554647 76.750539980828762 47.781806856393814 67.108305044472218 72.05865390598774 70.070651818066835 85.253074202686548 129.86772713065147 342.01070892810822 605.75965981930494 39.32138404622674 55.952826421707869 26.146484926342964 95.833778116852045 66.394449174404144 64.684615135192871 79.471887335181236 74.179520927369595 18.311959944665432 226.59606242924929 43.791072208434343 44.744227670133114 539.94797340407968
leaf_count=305 816 333 609 801 182 336 848 3728 389 237 341 351 363 1025 1043 1955 3801 371 361 310 632 310 342 523 394 174 3632 232 212 3133
internal_value=0 -0.00289855 0.00619228 0.00177057 -0.00454859 0.00124431 0.00911004 0.00619185 -0.00490517 0.0027795 -0.00545994 -0.00612075 0.000330498 0.00539798 0.00146664 -0.00664331 -0.00703485 -0.00150919 -0.00402169 -0.00521407 0.00357874 -0.00314901 0.00184543 0.00633432 0.00225404 -0.013308 0.0133901 0.00133034 -0.00345277 -0.00819131
internal_weight=0 2604.9 1224.18 679.992 1924.91 459.398 764.786 469.286 1889.65 124.532 1765.12 1609.48 618.157 256.683 171.43 1537.42 1487.72 156.378 202.715 117.056 319.556 298.601 131.079 223.722 144.25 44.4584 295.5 155.644 88.5353 1145.71
internal_count=28089 14836 13253 3698 11138 3581 9672 5192 10956 626 10330 9545 3365 2404 1379 9194 8889 1464 1177 1093 1912 1453 652 1280 757 484 4480 785 444 6934
is_linear=0
shrinkage=0.03


Tree=99
num_leaves=31
num_cat=0
split_feature=76 28 68 21 77 51 45 16 5 9 21 33 63 60 33 21 5 5 60 79 37 31 48 10 60 48 76 77 9 21
split_gain=85.8168 25.464 19.1805 16.8231 11.8814 8.34139 9.12073 12.0245 10.4138 7.91967 7.72007 8.15991 7.55348 8.38661 8.71725 8.15812 9.89435 8.42039 7.24253 7.09288 7.01039 6.93959 6.87923 6.65399 9.89172 8.67401 6.52868 6.42334 6.91598 6.2056
threshold=10.500000000000002 1.0000000180025095e-35 1.0000000180025095e-35 0.60769230769230786 0.26147187500000008 0.87755000000000016 0.045150000000000003 714.50000000000011 2497.8350000000005 41.500000000000007 0.43650793650793657 0.33305000000000007 0.27825000000000005 0.28010000000000007 0.39715000000000006 0.55050505050505061 955.56000000000006 3517.0750000000003 0.084300000000000014 5.5000000000000009 1.0000000180025095e-35 1.0000000180025095e-35 0.47755000000000009 23.033680555555559 0.78315000000000012 0.050850000000000006 8.5000000000000018 0.67615312500000002 72.500000000000014 0.86607142857142871
decision_type=2 8 2 2 2 2 2 2 2 2 2 2 2 2 2 2 2 2 2 2 8 8 2 2 2 2 2 2 2 2
left_child=1 3 -3 4 -1 6 7 8 20 -10 11 -2 26 14 -14 17 21 -15 -8 -12 -6 -17 29 24 -22 -25 -4 28 -21 -5
right_child=10 2 12 22 5 -7 18 -9 9 -11 19 -13 13 15 -16 16 -18 -19 -20 27 23 -23 -24 25 -26 -27 -28 -29 -30 -31
leaf_value=-0.014952911869032035 -0.013400505397205231 0.012447970680146693 0.0019446573582333035 -0.0023031862912027022 -0.0069784455718266839 0.006871268539037626 -0.018212228174186391 0.012273734554394339 -0.0048798211055696983 0.010172514414450065 0.014373905266462532 0.0065874691080929733 -0.0022930352029420977 -0.0026564835063459828 0.014039692782124033 -0.011682479293508765 0.0047850449019300025 -0.01390229677626453 -0.0065235002223008711 0.0059809790101090577 0.0025644246136830424 0.0020477450172363236 0.0068478033579679578 -0.0031559639269996193 -0.015429130362368369 0.013906441375951853 0.014509015073682191 0.012742363097306459 -0.01256919362042383 0.0071725104947999501
leaf_weight=99.138313040137291 13.384991254657505 126.30037550628185 124.05413547158241 445.90859238803387 478.92485352605581 47.017716929316521 46.775832757353783 35.42275407910347 44.054793030023575 70.023079305887222 360.00339563190937 79.649849038571119 49.976056970655918 256.3415300771594 53.929834261536598 63.212708845734596 222.20989798754454 71.142883591353893 596.48433467745781 32.702855583280325 58.113715998828411 55.836644284427166 113.71586939692497 48.830747909843922 38.453427195549011 42.40024209022522 45.684125557541847 35.132826406508684 21.759680140763521 62.18400639295578
leaf_count=841 195 779 590 2255 3019 259 285 191 239 382 6168 1320 275 1422 324 322 1314 390 3354 505 331 354 619 278 209 235 389 688 329 320
internal_value=0 -0.00186605 0.00192859 -0.00368712 -0.00530107 -0.0045715 -0.00498439 -0.00282497 -0.0036565 0.00443478 0.0109058 0.0026903 0.000402861 -0.000875144 0.00667242 -0.00212887 0.00111213 -0.00543908 -0.00763925 0.0125103 -0.00508602 -0.00558305 0.000498379 -0.000151106 -0.00537616 0.0053643 0.00594537 0.00433063 -0.00223058 -0.00102743
internal_weight=0 3296.14 1068.69 2227.45 1605.64 1506.5 1459.48 816.224 780.801 114.078 542.634 93.0348 942.388 772.65 103.906 668.744 341.259 327.484 643.26 449.599 666.723 119.049 621.808 187.798 96.5671 91.231 169.738 89.5954 54.4625 508.093
internal_count=28181 18976 6159 12817 9623 8782 8523 4884 4693 621 9205 1515 5380 4401 599 3802 1990 1812 3639 7690 4072 676 3194 1053 540 513 979 1522 834 2575
is_linear=0
shrinkage=0.03


Tree=100
num_leaves=31
num_cat=0
split_feature=76 76 89 21 79 83 27 39 83 89 54 74 92 27 45 45 36 92 30 86 5 89 81 83 25 83 42 39 30 42
split_gain=81.1462 28.0621 20.9973 11.779 11.6716 13.5276 8.76211 8.58518 10.8389 9.25949 8.49356 10.76 8.43115 7.78884 9.98372 7.75961 7.05276 7.90634 11.5641 6.89286 6.99083 6.79193 7.07942 6.54302 6.13154 6.04421 6.82104 5.76447 5.7212 5.42988
threshold=10.500000000000002 4.5000000000000009 0.6448166666666667 0.55050505050505061 4.5000000000000009 0.60367000000000004 0.48865000000000008 0.22365000000000004 0.32679000000000008 0.86201666666666676 0.49825000000000003 14.500000000000002 0.7565833333333335 0.12125000000000001 0.11705000000000002 0.45865000000000006 0.71115000000000006 0.72568333333333335 0.39585000000000004 0.21951000000000001 1490.4850000000004 0.81264999999999998 0.3786916666666667 0.32227000000000006 18.026736111111116 0.67867000000000022 0.76085000000000014 0.7218500000000001 0.18575000000000003 0.62365000000000015
decision_type=2 2 2 2 2 2 2 2 2 2 2 2 2 2 2 2 2 2 2 2 2 2 2 2 10 2 2 2 2 2
left_child=1 19 6 12 7 -6 16 9 -9 28 11 24 13 -4 -15 -16 17 23 -19 20 -1 -10 -23 -3 -2 26 -13 -25 -5 -8
right_child=10 2 3 4 5 -7 29 8 21 -11 -12 25 -14 14 15 -17 -18 18 -20 -21 -22 22 -24 27 -26 -27 -28 -29 -30 -31
leaf_value=-0.010137242873144055 0.012820519406793331 0.0075915093345820502 0.0026450972796132678 -0.003276324163677955 -0.0060878728859222403 0.010740814482943345 0.0051622806640230015 -0.0095386079578432485 0.0065570749738057465 0.017848006374775873 0.014614290607153264 0.0026323022662947675 -0.01085873323336028 -0.0012199057312607105 -0.01320768062082131 -0.0027043374162605306 0.0073128495312725422 -0.015167161385501386 0.0039733597884703108 0.0022945946122423506 -0.0031189057192717189 -0.011239117230012191 0.0035777730217017136 -0.0068335762139003367 -0.005817870549837705 0.0052309178246032519 -0.017157795996287788 0.0055586436357756069 0.0071495104463596415 0.014736175835695533
leaf_weight=432.73458532243967 155.60660686343908 94.883324392139912 160.68465428799391 63.446338728070259 310.20767805725336 40.356955803930759 242.06421026587486 75.082376077771187 154.26104485988617 46.982893742620945 259.00932945311069 26.286894373595715 145.33494344353676 347.6192469894886 150.03491304069757 115.20505701750517 109.55336210876703 60.544307023286819 41.862741880118847 59.718368731439114 196.08798779547215 42.16563006490469 57.545698210597038 82.155375547707081 11.885603152215479 61.953926663845778 21.954072710126638 44.218087360262871 134.01213897019625 67.909999437630177
leaf_count=3207 2640 454 879 328 1589 267 1237 373 882 257 4702 342 763 1897 797 665 568 309 211 358 1348 224 342 414 199 967 347 231 727 540
internal_value=0 -0.00178063 -0.000338147 -0.00205373 0.000340852 -0.0039064 0.00388687 0.00295955 -0.000233378 0.00709795 0.0107022 0.0066721 -0.00443956 -0.00311032 -0.00463756 -0.00890963 0.00107902 -0.00118693 -0.00768535 -0.00711612 -0.00803177 0.00277468 -0.00314127 0.00202308 0.0112446 -0.000635287 -0.00777362 -0.00240789 0.00380309 0.00765475
internal_weight=0 3274.67 2586.13 1842.94 924.061 350.565 743.191 573.496 329.055 244.441 536.696 277.687 918.879 773.544 612.859 265.24 433.217 323.664 102.407 688.541 628.823 253.972 99.7113 221.257 167.492 110.195 48.241 126.373 197.458 309.974
internal_count=28064 18867 13954 9990 4989 1856 3964 3133 1821 1312 9197 4495 5001 4238 3359 1462 2187 1619 520 4913 4555 1448 566 1099 2839 1656 689 645 1055 1777
is_linear=0
shrinkage=0.03


Tree=101
num_leaves=31
num_cat=0
split_feature=76 21 6 76 74 51 89 37 86 22 79 74 86 43 36 79 92 33 57 92 46 54 92 33 33 25 39 92 83 51
split_gain=79.3635 17.6531 19.0489 12.5989 14.5968 12.2092 11.8338 10.1447 9.70233 7.29256 6.8414 6.83898 8.70536 11.4563 7.26609 8.73003 6.78041 6.57128 6.39336 6.45072 7.7187 6.15551 6.01836 7.95392 5.84494 5.67121 5.63455 5.56604 5.46624 5.32728
threshold=9.5000000000000018 0.44949494949494956 8.284130599463948 12.500000000000002 14.500000000000002 0.65265000000000006 0.52333333333333343 1.0000000180025095e-35 0.15622000000000003 0.10555555555555557 5.5000000000000009 12.500000000000002 0.16467000000000001 1.0000000180025095e-35 0.66655000000000009 3.5000000000000004 0.76140000000000008 0.64435000000000009 0.9708500000000001 0.70511666666666672 1.0000000180025095e-35 0.017850000000000001 0.61141666666666683 0.28995000000000004 0.24025000000000005 11.065625000000002 0.67075000000000007 0.51045000000000018 0.47169 0.16315000000000004
decision_type=2 2 2 2 2 2 2 8 2 2 2 2 2 8 2 2 2 2 2 2 10 2 2 2 2 10 2 2 2 2
left_child=1 5 6 4 16 7 24 18 -4 27 -6 12 17 -14 15 28 -2 -8 19 20 22 -15 26 -24 -3 -18 -1 -9 -13 -11
right_child=3 2 8 -5 10 -7 11 9 -10 29 -12 14 13 21 -16 -17 25 -19 -20 -21 -22 -23 23 -25 -26 -27 -28 -29 -30 -31
leaf_value=-0.011966697220688261 0.011564448662406591 0.014866486585897029 -0.0030180648803746334 0.014576394293717454 0.0025402259404707001 0.0049469839873788968 -0.0035475222447596847 0.001576863218707575 0.010032173927269662 0.0078018505814268354 -0.0094647254697800744 -0.0038522668258672839 -0.0059981241314866623 0.013863919463713141 0.0010455098861243397 -0.0090234374745164787 0.0065206119548696694 0.005559729823685443 0.0035493360293658875 -0.015237807200024602 0.0025510615781926347 0.00018188540349204789 -0.0091670805985166245 0.0055986052411010016 0.0012685808739527989 -0.0078172978097637777 0.00045391691954597887 -0.0079905913127518245 0.0061540185612305714 -0.0043418099849614851
leaf_weight=295.15668997913599 282.79748373106122 42.751435309648514 62.993035368621349 208.87357696145773 153.59565733000636 89.329864427447319 470.42273405939341 75.05451113730669 196.73943664133549 81.266913719475269 47.871926449239254 226.58693993091583 51.557675316929817 87.813642390072346 172.74486754089594 338.27264029532671 67.290692411363125 74.541239410638809 33.154361888766289 122.70754120498896 58.621610641479492 42.817338086664677 60.189034625887871 52.552321955561638 66.267804637551308 26.988849695771933 36.037605866789818 166.87594296783209 52.524388089776039 42.524246715009212
leaf_count=2108 3877 236 304 4243 1594 486 2615 447 1028 472 495 1142 257 480 847 1736 825 353 206 707 305 241 416 331 360 333 184 904 268 222
internal_value=0 -0.00229377 -0.00051754 0.00835081 0.00589369 -0.00527101 -0.00173258 -0.00620149 0.00687254 -0.00211652 -0.000625022 -0.00243308 -0.00032263 0.00518478 -0.00434702 -0.00584847 0.00930273 -0.00222408 -0.00840489 -0.00908465 -0.00731428 0.00971114 -0.00864449 -0.00238895 0.007402 0.00206013 -0.0106415 -0.00507769 -0.00182151 0.00361758
internal_weight=0 2999.5 1886.03 787.418 578.545 1113.47 1626.3 1024.14 259.732 365.722 201.468 1517.28 727.153 182.189 790.129 617.384 377.077 544.964 658.419 625.265 502.557 130.631 443.936 112.741 109.019 94.2795 331.194 241.93 279.111 123.791
internal_count=28022 16655 9867 11367 7124 6788 8535 6302 1332 2045 2089 7939 3946 978 3993 3146 5035 2968 4257 4051 3344 721 3039 747 596 1158 2292 1351 1410 694
is_linear=0
shrinkage=0.03


Tree=102
num_leaves=31
num_cat=1
split_feature=76 12 46 5 48 43 76 55 58 86 74 11 89 5 86 4 5 89 5 40 39 86 46 30 33 89 89 66 92 16
split_gain=77.9548 23.2253 13.0422 16.2746 14.6221 9.73578 11.9081 10.7062 9.40161 8.85513 8.52497 12.1466 9.21059 7.61193 7.40377 7.08406 9.20642 7.34439 6.81636 6.52603 6.51204 6.48245 6.41062 6.13083 5.95278 5.79092 8.06781 7.17928 5.7725 6.67653
threshold=9.5000000000000018 1.0000000180025095e-35 1.0000000180025095e-35 2497.8350000000005 0.6291000000000001 1.0000000180025095e-35 4.5000000000000009 1.0000000180025095e-35 5.5000000000000009 0.34037000000000006 13.500000000000002 25.000000000000004 0.68058333333333343 1097.6950000000004 0.12817000000000003 0 931.16500000000008 0.45208333333333339 2964.1400000000008 1.0000000180025095e-35 0.27035000000000003 0.19077000000000002 1.0000000180025095e-35 0.33405000000000007 0.39325000000000004 0.7689166666666668 0.48951666666666677 0.23615000000000003 0.55418333333333336 318.50000000000006
decision_type=2 2 8 2 2 8 2 8 8 2 2 2 2 2 2 1 2 2 2 8 2 2 8 2 2 2 2 2 2 2
left_child=1 2 8 4 5 25 20 -8 -1 14 12 -12 13 -3 -9 16 -2 -17 -5 28 -7 -20 -21 -23 -10 26 -4 -27 -19 -30
right_child=15 10 3 18 -6 6 7 9 24 -11 11 -13 -14 -15 -16 17 -18 19 21 22 -22 23 -24 -25 -26 27 -28 -29 29 -31
leaf_value=-0.0090303095300460819 -0.014017262303199104 0.0026139700154098468 -0.013547650474449318 0.012841429941383011 0.0065663473105632784 -0.0030190369761690741 -0.0085756080438912866 0.0010297419481966222 -0.0059743098375272105 -0.0055792061617954162 -0.0055878253916936751 0.0064176294887295674 0.00082170506311116196 0.014192869090263727 0.010471231893020006 -0.0044297740479195408 0.0059191489444134033 0.013073229918889947 -0.0042210244785508009 0.0044027315765917466 -0.013590450822230538 0.013740931243764323 0.013118966930801871 -0.00082364233324275357 0.0037752795654475788 -0.0036672796923461828 -0.0020528400969616681 -0.016713990223988139 -0.0057073615674477045 0.0075425607159785631
leaf_weight=541.43089728057384 20.151074048131704 96.126233488321304 64.547826670110226 60.917660437524319 109.79890214651823 127.09850791841745 82.975125998258591 176.61082275211811 110.30925465375185 81.003177560865879 212.86464062333107 105.34441582113504 251.71206821501255 114.13704203814268 122.82404637336731 28.480968542397022 57.571190346032381 36.064620666205883 81.471198573708534 108.43283707648516 89.48021737486124 44.025851130485535 420.35739162564278 48.110313728451729 96.794750057160854 67.061477422714233 227.74473979324102 104.8747703358531 63.52502678334713 54.082850612699986
leaf_count=3152 240 512 476 331 549 937 420 962 584 406 1013 509 1337 613 571 391 658 475 448 1075 658 227 7121 267 463 385 1354 562 799 690
internal_value=0 -0.00222273 -0.0037729 -0.00212395 -0.00348248 -0.00449529 -0.00215646 0.000587116 -0.00698079 0.002754 0.0022137 -0.00153893 0.00477635 0.00925834 0.00511575 0.00831395 -0.000258447 0.00924169 0.00498552 0.00986797 -0.0077937 0.00167968 0.0114465 0.00679978 -0.00145361 -0.00780345 -0.00495546 -0.0121066 0.00406866 0.000499302
internal_weight=0 3017.26 2237.08 1488.54 1254.02 1144.22 679.992 463.413 748.535 380.438 780.184 318.209 461.975 210.263 299.435 788.666 77.7223 710.944 234.525 682.463 216.579 173.607 528.79 92.1362 207.104 464.229 292.293 171.936 153.672 117.608
internal_count=28185 16736 12752 8553 7280 6731 3954 2359 4199 1939 3984 1522 2462 1125 1533 11449 898 10551 1273 10160 1595 942 8196 494 1047 2777 1830 947 1964 1489
cat_boundaries=0 1
cat_threshold=2
is_linear=0
shrinkage=0.03


Tree=103
num_leaves=31
num_cat=1
split_feature=4 76 82 55 5 52 57 43 86 85 49 85 51 33 85 75 36 77 46 40 48 63 72 67 52 46 42 49 81 36
split_gain=66.4007 25.0268 15.3334 15.2265 11.0686 10.9061 10.119 9.75507 11.58 20.4367 9.25207 9.00695 9.48149 8.76726 8.46579 7.73687 7.507 7.35563 7.13392 7.03163 9.7107 6.981 6.9504 7.38401 7.32439 6.746 8.68718 7.37558 6.45669 6.32912
threshold=0 10.500000000000002 3.5000000000000004 1.0000000180025095e-35 2250.5450000000005 13.057986111111113 0.76185000000000014 1.0000000180025095e-35 0.15860000000000005 2.5000000000000004 1.0000000180025095e-35 4.5000000000000009 0.62975000000000014 0.66075000000000006 2.5000000000000004 0.71875000000000011 0.25265000000000004 0.33333125000000002 1.0000000180025095e-35 1.0000000180025095e-35 0.17735000000000004 0.10675000000000003 0.67765000000000009 1.0000000180025095e-35 13.014236111111112 1.0000000180025095e-35 0.054150000000000011 1.0000000180025095e-35 0.34127000000000002 0.61375000000000013
decision_type=1 2 2 10 2 10 2 8 2 2 8 2 2 2 2 2 2 2 8 10 2 2 2 8 10 8 2 8 2 2
left_child=1 2 6 4 7 -5 -1 19 15 -10 11 12 14 -12 -4 17 -11 28 -3 -2 -21 -6 -15 -24 29 26 -23 -28 -9 -25
right_child=3 18 10 5 21 -7 -8 8 9 16 13 -13 -14 22 -16 -17 -18 -19 -20 20 -22 25 23 24 -26 -27 27 -29 -30 -31
leaf_value=0.0012588749331939411 -0.0087197132506020378 0.00067545717544105271 0.0018483253903639578 0.0090269851213829067 0.010408481528178026 -0.008205777750109439 0.01991895791905058 -0.0085554068453412273 0.0096382759264247095 -0.011011315695962212 0.010373417666555284 0.0068460605498529541 0.0069154103464636723 0.005821396703427701 -0.011491009513077171 -0.009016096351662747 0.0005677285666914083 0.0039336321094456863 0.012271087693564371 0.0058611651590390109 -0.0088527660524986614 -0.013344633006339009 0.0027973625663323043 0.0042021131958237638 -0.016345499515787388 0.0020083633606704731 -0.0083990929125279997 0.0058731055564268126 0.0032542251851536102 -0.010305977686739584
leaf_weight=44.513940133154392 641.91284815222025 55.602575100958347 54.342901185154915 135.6574346832931 43.626703329384327 34.259100083261728 58.777104794979095 142.55120695382357 147.2161525413394 83.796187788248062 111.22953353077173 55.933120593428612 37.5907177105546 173.11707748472691 155.87627948075533 266.21155381947756 106.89557236805558 111.160340718925 389.43307905644178 74.524119235575199 67.523020140826702 64.580087512731552 151.64292854815722 59.476276740431786 36.744136102497578 261.4796214401722 46.333337411284447 67.317464396357536 51.203766912221909 34.633378721773624
leaf_count=283 3863 741 278 1098 232 301 366 1039 760 481 671 285 262 1081 794 1680 743 595 7281 354 326 355 904 336 218 1597 223 334 340 220
internal_value=0 0.00505374 0.00231285 -0.00314291 -0.00382245 0.00528949 0.0126982 -0.00495965 -0.00279737 0.00157754 0.000950467 -0.00320857 -0.00565552 0.00319608 -0.00811537 -0.00536839 -0.00481562 -0.00199853 0.010869 -0.00740009 -0.00125542 0.000180613 0.00125871 -0.00164079 -0.0066175 -0.00104305 -0.00538859 -0.000154106 -0.00542793 -0.0016141
internal_weight=0 1418.91 973.877 2346.25 2176.33 169.917 103.291 1692.99 909.035 337.908 870.586 303.743 247.81 566.843 210.219 571.127 190.692 304.915 445.036 783.96 142.047 483.337 455.614 282.497 130.854 439.711 178.231 113.651 193.755 94.1097
internal_count=28041 13720 5698 14321 12922 1399 649 10181 5638 1984 5049 1619 1334 3430 1072 3654 1224 1974 8022 4543 680 2741 2759 1678 774 2509 912 557 1379 556
cat_boundaries=0 1
cat_threshold=1
is_linear=0
shrinkage=0.03


Tree=104
num_leaves=31
num_cat=0
split_feature=76 13 21 49 92 16 89 76 48 74 82 51 48 57 57 27 54 42 21 68 92 36 5 30 36 45 43 27 77 48
split_gain=56.2115 23.432 17.5328 13.144 9.96474 8.43054 7.75117 7.68341 7.0852 9.03555 6.79997 6.634 6.05132 7.96764 10.4382 9.85594 6.61968 6.53955 5.91357 7.46614 7.21911 6.5822 6.90679 7.02833 7.25526 6.42078 5.76512 5.54902 5.44713 5.9328
threshold=10.500000000000002 1.0000000180025095e-35 0.41428571428571431 1.0000000180025095e-35 0.80236666666666678 283.50000000000006 0.6359166666666668 5.5000000000000009 0.39155000000000006 14.500000000000002 3.5000000000000004 0.84165000000000012 0.68995000000000006 0.61135000000000017 0.95895000000000008 0.24315000000000003 0.048200000000000007 0.13865000000000002 0.57738095238095244 1.0000000180025095e-35 0.61461666666666681 0.71445000000000014 1984.8150000000003 0.82385000000000008 0.26035000000000003 0.013150000000000002 1.0000000180025095e-35 0.13245000000000004 0.5492625000000001 0.61715000000000009
decision_type=2 2 2 8 2 2 2 2 2 2 2 2 2 2 2 2 2 2 2 2 2 2 2 2 2 2 8 2 2 2
left_child=1 2 12 8 10 -6 -4 -8 9 -2 -3 -11 13 15 -15 27 -17 -14 19 -12 -21 22 23 24 -20 -22 -5 -1 29 -9
right_child=3 4 6 26 5 -7 7 28 -10 11 18 -13 17 14 -16 16 -18 -19 21 20 25 -23 -24 -25 -26 -27 -28 -29 -30 -31
leaf_value=-0.0017121216339272107 0.006321712208250084 0.011726935991539898 0.0035863591602570857 7.5392893922315212e-05 0.0026655818089303088 -0.013468267309115069 -0.0048555713095342371 -0.00048974447045342651 0.011501866745439982 -0.0022539782227332188 0.0096281704990952722 -0.025419268037168166 -0.0065275863971016529 -0.010278495022724004 0.0021869994638647307 0.0082505963645655607 -0.0067579722643813572 0.0087343813187516755 0.011227099187505174 -0.0043482131411211678 0.010542109018145073 0.012303082743013595 0.0090595519832595249 -0.0089304444477496404 -0.0047948068462709209 -0.00093084627236797912 0.012457242491564735 -0.016733569229165766 -0.0075175773443522387 0.0064283260452412932
leaf_weight=50.166246563196182 25.523678075522184 80.710098631680012 289.29416523873806 36.992503486573696 52.020081095397472 49.193263538181782 448.54659441113472 518.00938478112221 18.352113731205463 25.078513100743294 61.591875657439232 13.703190863132475 39.455924056470394 491.9187528938055 65.149775415658951 81.4998684450984 28.589507810771465 41.998737826943398 44.776648715138435 223.53400956094265 62.679129347205162 93.912150785326958 88.294489771127701 53.35159807652235 39.499264165759087 107.21163151413202 403.67094146460295 33.636074736714363 65.495213463902473 131.77911201119423
leaf_count=377 406 520 1590 362 290 279 2708 2456 286 377 366 208 200 3166 411 586 183 232 238 1263 331 637 523 301 223 578 7638 256 430 672
internal_value=0 -0.00108433 -0.00273146 0.00942365 0.00283789 -0.00568197 -0.000729848 -0.00182414 -0.00141285 -0.00615048 0.00389979 -0.0139721 -0.00617549 -0.00700914 -0.00880778 -0.00166293 0.00411478 0.00143622 0.00294547 0.000711649 -0.00088832 0.00600553 0.00297721 -0.00127425 0.00400573 0.00365269 0.0114426 -0.0088825 0.00011757 0.000989427
internal_weight=0 3242.31 2285.54 523.321 956.774 101.213 1453.12 1163.83 82.6575 64.3054 855.561 38.7817 832.415 750.96 557.069 193.892 110.089 81.4547 774.851 455.017 393.425 319.834 225.922 137.628 84.2759 169.891 440.663 83.8023 715.284 649.788
internal_count=28093 18816 13267 9277 5549 569 7856 6266 1277 991 4980 585 5411 4979 3577 1402 769 432 4460 2538 2172 1922 1285 762 461 909 8000 633 3558 3128
is_linear=0
shrinkage=0.03


Tree=105
num_leaves=31
num_cat=1
split_feature=28 43 0 83 18 36 42 32 49 25 60 79 86 45 54 30 46 30 69 89 14 63 45 37 30 60 74 30 25 27
split_gain=60.4614 28.421 13.5622 13.3941 12.3234 10.8927 10.0039 9.10166 8.59432 8.67178 8.5155 8.40503 8.15985 8.95987 7.88348 7.5948 7.36025 6.69893 8.96537 6.58458 6.58895 7.58837 7.23437 6.25137 6.19776 10.7476 6.7768 5.98599 5.78359 6.51724
threshold=1.0000000180025095e-35 1.0000000180025095e-35 0 0.20711000000000002 2.5000000000000004 0.33295000000000002 0.34395000000000003 1.0000000180025095e-35 1.0000000180025095e-35 19.007291666666671 0.85605000000000009 2.5000000000000004 0.093830000000000011 0.092750000000000013 0.46505000000000007 0.8176500000000001 1.0000000180025095e-35 0.39585000000000004 0.81695000000000007 0.44651666666666673 1.0000000180025095e-35 0.77265000000000017 0.072950000000000015 1.0000000180025095e-35 0.12395000000000002 0.68215000000000015 13.500000000000002 0.27335000000000004 13.020486111111113 0.37565000000000004
decision_type=8 10 1 2 2 2 2 2 8 10 2 2 2 2 2 2 8 2 2 2 2 2 2 8 2 2 2 2 10 2
left_child=2 6 3 -1 7 28 11 -4 -3 -10 23 27 -9 -14 19 16 17 18 -5 -13 21 -21 -23 -8 -15 -26 -27 -2 29 -6
right_child=1 8 4 15 5 -7 10 12 9 -11 -12 14 13 24 -16 -17 -18 -19 -20 20 -22 22 -24 -25 25 26 -28 -29 -30 -31
leaf_value=-0.011784780800286131 0.0014171329686231858 0.003292258810964475 0.007600922040684582 -0.01587772180900679 0.0041100226596771363 0.0079493410605228979 -0.0063455631822344439 -0.0082097816957392624 0.013493471951313483 -0.005716742972706185 -0.013076527114793896 0.010176389966162864 0.0029063035260430263 0.0027476237908873203 0.010725648502606069 -0.011482990737232248 -0.00024506505855506345 0.00059191637829697507 -0.00067181998785053047 -0.008015525194620475 0.002956931577162297 -0.0054041573027874606 0.0079199825957022296 0.0055736320615707765 -0.00010070980326141192 -0.0035282324852672037 -0.018427648497153788 0.014550347089914465 -0.010221262973562788 -0.0079088831479556618
leaf_weight=222.27306151390076 50.981166485697031 126.64886976778507 58.8266208358109 87.410334978252649 147.85341104492545 212.936364389956 63.703520618379116 247.39745203405619 384.102155379951 17.058885235339403 55.089940838515759 48.837984602898359 218.43851877748966 66.720838587731123 69.600262176245451 84.873418152332306 477.47233790904284 72.803002152591944 55.805149957537651 146.51019717380404 261.80674309283495 59.967966392636299 67.768192738294601 75.595704644918442 104.75372917577624 50.213295936584473 71.031043387949467 81.545062072575092 41.402410339564085 44.801792539656162
leaf_count=1501 278 1421 352 531 819 1371 311 1602 6406 275 305 260 1241 399 832 503 2955 410 331 735 1847 302 355 433 657 281 466 517 236 245
internal_value=0 0.00489015 -0.00283884 -0.00543027 -0.000761451 0.00319952 0.00183194 -0.00294004 0.0104368 0.0125574 -0.00411843 0.00333488 -0.00384576 -0.0016166 0.00186538 -0.00348918 -0.00236153 -0.00682179 -0.0103832 0.000648464 -0.000390058 -0.00357685 0.00172652 6.28846e-05 -0.00497628 -0.00727639 -0.0129961 0.00995207 -0.00127035 0.00106269
internal_weight=0 1509.22 2265.01 1000.64 1264.38 446.994 981.407 817.381 527.81 401.161 194.389 787.018 758.555 511.157 654.491 778.364 693.491 216.018 143.215 584.891 536.053 274.246 127.736 139.299 292.719 225.998 121.244 132.526 234.058 192.655
internal_count=28177 14277 13900 6231 7669 2671 6175 4998 8102 6681 1049 5126 4646 3044 4331 4730 4227 1272 862 3499 3239 1392 657 744 1803 1404 747 795 1300 1064
cat_boundaries=0 1
cat_threshold=1
is_linear=0
shrinkage=0.03


Tree=106
num_leaves=31
num_cat=0
split_feature=28 45 77 37 49 43 63 79 39 89 30 83 74 83 89 86 49 11 25 40 77 63 63 60 57 48 83 11 27 25
split_gain=59.4339 25.8757 15.3848 14.4403 12.0544 10.1181 8.37404 7.96106 10.7671 10.434 10.3945 9.76829 10.2198 7.62309 8.71773 7.59425 6.97178 10.5853 7.47231 6.95117 6.91815 7.87398 10.346 10.2107 6.91518 6.71512 6.69735 6.84298 6.69072 6.58772
threshold=1.0000000180025095e-35 0.49875000000000008 0.26549062500000004 1.0000000180025095e-35 1.0000000180025095e-35 1.0000000180025095e-35 0.67675000000000007 3.5000000000000004 0.16735000000000003 0.83345000000000014 0.13175000000000003 0.20441000000000001 12.500000000000002 0.26549000000000006 0.68991666666666684 0.092280000000000015 1.0000000180025095e-35 25.000000000000004 4.0413194444444454 1.0000000180025095e-35 0.50306250000000008 0.89605000000000012 0.69385000000000008 0.74195000000000011 0.62955000000000017 0.16755000000000003 0.60921000000000014 17.000000000000004 0.23935000000000003 11.05451388888889
decision_type=8 2 2 8 8 10 2 2 2 2 2 2 2 2 2 2 8 2 10 8 2 2 2 2 2 2 2 2 2 10
left_child=2 5 6 7 24 16 -1 8 10 11 -4 -9 13 28 -15 -5 17 25 26 29 -7 22 -22 -24 -3 -2 27 -18 -13 -6
right_child=1 4 3 15 19 20 -8 9 -10 -11 -12 12 -14 14 -16 -17 18 -19 -20 -21 21 -23 23 -25 -26 -27 -28 -29 -30 -31
leaf_value=-0.017849305360679212 0.0011621890410801379 -0.011171810703243789 0.012922508564693262 -0.0045726539941056635 0.010308350881562074 0.017073163380700859 -0.00073975369477350544 -0.01212073445899577 -0.0047344856264058613 -0.013586990896788916 -0.00069165761704239736 -0.00054727089530022196 -0.0060759723433951801 -0.008772428518484544 0.0062593755015569507 0.0023358020997498344 -0.011367894562241432 0.0043996949612382132 0.0055536406384170357 0.015480690362283106 0.0086286906484974515 0.015892248498050588 -0.02032079706722523 0.0030044580869198587 0.0051318655361442022 -0.010934366618652647 0.0069528660335822839 0.00010023341547796238 0.017065319861028504 -0.0043598500426312026
leaf_weight=83.184370391070843 56.143001295626163 19.568824399262667 60.80694292485714 175.08344847708941 74.411033015698195 46.138315744698048 36.807640828192234 111.10500554740429 400.91125903651118 139.09700994193554 172.54919446632266 31.537957765161991 274.74889458343387 64.097462818026543 55.835543945431709 625.45815956965089 63.736297711730003 96.990957297384739 293.12089528888464 262.46076910942793 50.957257505506277 27.007188975811005 22.946833167225122 30.128007095307112 105.61032198742032 129.467474732548 55.773796636611223 127.84657487645745 38.094011157751083 34.083433318883181
leaf_count=702 268 175 356 968 884 304 310 716 2314 804 993 208 1609 399 310 4022 325 488 1778 4643 748 436 339 488 1156 642 425 656 255 420
internal_value=0 0.00466104 -0.0030186 -0.00240003 0.0101925 0.00184366 -0.0130616 -0.00428355 -0.00179539 -0.006437 0.0032411 -0.00450605 -0.00246681 0.00280651 -0.00183114 0.000787106 0.000406853 -0.00334035 0.00239125 0.0128514 0.00813999 0.00400715 -0.000201362 -0.00870304 0.00194527 -0.00740307 -0.0014264 -0.00408968 0.0100212 0.00572129
internal_weight=0 1496.39 2269.32 2149.32 496.134 1000.26 119.992 1348.78 634.267 714.516 233.356 575.419 464.314 189.565 119.933 800.542 823.079 282.601 540.478 370.955 177.178 131.039 104.032 53.0748 125.179 185.61 247.357 191.583 69.632 108.494
internal_count=28141 14175 13966 12954 7278 6897 1012 7964 3663 4301 1349 3497 2781 1172 709 4990 4582 1398 3184 5947 2315 2011 1575 827 1331 910 1406 981 463 1304
is_linear=0
shrinkage=0.03


Tree=107
num_leaves=31
num_cat=2
split_feature=76 76 68 21 72 81 70 48 25 30 16 86 4 60 33 5 21 40 10 0 16 16 37 9 66 5 46 72 66 9
split_gain=60.4059 20.4049 14.8694 15.397 10.6848 8.64872 9.48504 9.49456 8.98606 8.51808 12.7813 6.77106 6.78166 6.7396 9.30951 7.77289 6.5503 7.24247 7.89673 6.57955 6.66338 6.40694 6.31455 7.12368 7.56515 8.13349 7.143 8.18549 6.78025 6.49067
threshold=10.500000000000002 3.5000000000000004 1.0000000180025095e-35 0.73030303030303034 1.0000000180025095e-35 0.83925833333333355 1.0000000180025095e-35 0.65485000000000015 6.0093750000000012 0.096850000000000006 347.50000000000006 0.29027000000000008 0 0.80585000000000007 0.79905000000000015 3959.5200000000004 0.43650793650793657 1.0000000180025095e-35 26.071875000000002 1 283.50000000000006 124.50000000000001 1.0000000180025095e-35 72.500000000000014 0.82785000000000009 1476.5150000000001 1.0000000180025095e-35 0.69555000000000011 0.75355000000000005 58.500000000000007
decision_type=2 2 2 2 2 2 10 2 8 2 2 2 1 2 2 2 2 8 2 1 2 2 10 2 2 2 8 2 2 2
left_child=1 -1 11 4 -4 6 7 22 -9 -10 21 12 -3 14 -5 -15 19 18 -18 -2 -21 -11 23 -6 25 26 -25 -28 29 -24
right_child=16 2 3 13 5 -7 -8 8 9 10 -12 -13 -14 15 -16 -17 17 -19 -20 20 -22 -23 28 24 -26 -27 27 -29 -30 -31
leaf_value=-0.0094931964183404775 0.010223245439772695 -0.0054095674988944758 0.0035590634845292573 0.0098452826521934367 -0.0068920344131424578 0.0054107231641076078 -0.011568858935120349 -0.0086557939277796779 -0.0063265238644105697 0.0015507077395633545 -0.0033672612002479626 0.011356303255324473 0.0058327729604612478 -0.003520881866371112 -0.0055246169569188684 0.0099436769455421362 -0.0048390332833071837 0.012899196202067505 0.012173032202964482 -0.011759075303825138 0.0072612331744026726 0.016206859027113638 0.0022897373130187186 -0.010567124269656461 -0.011830408083472915 0.0046781552704336874 -0.0083477813722506958 0.0040810986200096296 0.0073480853266424308 -0.0066398418039932457
leaf_weight=251.49169447273016 36.072607256472111 64.787590079009533 231.37340665608644 186.95137304067612 702.57941446453333 92.841429002583027 116.15987467765808 49.736558489501476 46.270106174051762 39.747037500143051 66.806030414998531 103.30727207660675 128.70238319039345 152.86690656095743 36.436523981392384 40.578478671610355 48.627002108842134 344.52029644325376 32.886974733322859 32.765630319714546 18.571395970880985 90.4772974178195 129.89899630844593 82.353625223040581 52.640467196702957 154.06379540264606 64.049236960709095 124.03151310235262 70.174573212862015 147.23373885452747
leaf_count=2156 630 331 1318 1012 3995 509 695 277 256 220 385 704 654 819 216 234 792 6465 547 557 322 520 694 474 277 844 366 705 367 787
internal_value=0 -0.00145743 -0.000748379 -0.00146037 -0.00243848 -0.00313648 -0.00357201 -0.00300121 0.00189375 0.00430692 0.00698902 0.00551244 0.00198757 0.00377665 0.00720902 -0.000346526 0.00952726 0.0110344 0.0026047 0.0018026 -0.00481635 0.0121631 -0.00394676 -0.00498583 -0.00209511 -0.00064338 -0.00373372 -0.000359202 -0.000376554 -0.00252035
internal_weight=0 3225.56 2974.07 2677.27 2260.44 2029.06 1936.22 1820.06 293.037 243.3 197.03 296.797 193.49 416.833 223.388 193.445 513.444 426.034 81.514 87.4096 51.337 130.224 1527.03 1179.72 477.139 424.498 270.434 188.081 347.307 277.133
internal_count=28128 18815 16659 14970 12689 11371 10862 10167 1658 1381 1125 1689 985 2281 1228 1053 9313 7804 1339 1509 879 740 8509 6661 2666 2389 1545 1071 1848 1481
cat_boundaries=0 1 2
cat_threshold=2 2
is_linear=0
shrinkage=0.03


Tree=108
num_leaves=31
num_cat=1
split_feature=12 49 45 49 79 16 36 46 36 36 83 16 11 36 30 81 4 48 52 92 30 48 69 69 69 86 30 45 63 86
split_gain=49.9416 24.5104 15.6938 13.3717 12.0203 12.3527 12.2887 9.32752 8.57251 9.84622 8.40269 7.75278 7.71978 9.25096 7.52905 7.22524 7.14499 7.47172 7.012 6.84293 6.54154 6.42314 7.78721 6.6576 6.32697 8.01713 11.1778 6.42239 6.22325 7.08333
threshold=1.0000000180025095e-35 1.0000000180025095e-35 0.65305000000000013 1.0000000180025095e-35 4.5000000000000009 619.50000000000011 0.49675000000000008 1.0000000180025095e-35 0.37685000000000007 0.30295000000000005 0.20711000000000002 374.50000000000006 25.000000000000004 0.69385000000000008 0.15015000000000003 0.26487166666666673 0 0.87695000000000012 8.0114583333333353 0.56055000000000021 0.018650000000000003 0.014250000000000002 0.88775000000000015 0.93475000000000008 0.66175000000000017 0.32389000000000007 0.23415000000000002 0.26165000000000005 0.76125000000000009 0.25608000000000003
decision_type=2 8 2 10 2 2 2 8 2 2 2 2 2 2 2 2 1 2 10 2 2 2 2 2 2 2 2 2 2 2
left_child=3 12 16 4 5 6 8 19 9 24 -6 18 13 -2 -11 -12 17 -3 -8 -5 -17 22 -22 -24 -1 26 -26 -28 -9 -30
right_child=1 2 -4 7 10 -7 11 28 -10 14 15 -13 -14 -15 -16 20 -18 -19 -20 -21 21 -23 23 -25 25 -27 27 -29 29 -31
leaf_value=-0.0087708147547355762 -0.0080436210874584978 0.0092566598039038606 0.012845654361677184 0.0047593572123473191 -0.011789762412363005 0.0073933475899171886 -0.004336473290312109 0.01040150138928801 -0.010522724493324122 0.015748657279726026 0.005210459629056992 0.013406432750252249 0.0041070107044125868 0.0036097695224569203 -0.0003809321644079296 0.0059165332705502643 0.00088053616152407625 -0.00093238971164738072 0.0081224143788598963 -0.0083582021457590371 -0.005790390400607982 -0.0095852799558242101 0.012635220663579933 -0.0029882478883672937 -0.0060868116108464439 -0.013100651041723714 0.00092803525872120062 0.012681097365295794 -0.010184743297222921 0.0054467239250502279
leaf_weight=172.09050963446498 183.48362327739596 304.19906190410256 302.65905278921127 50.051832374185324 177.25187500566244 118.71958934143186 96.160222847014666 129.79823505505919 143.76668595895171 31.712124280631542 55.784456923604012 47.759974308311939 136.70027935132384 82.756261348724365 68.132291872054338 35.643188510090113 281.21032980456948 79.424233820289373 55.924242086708546 82.595522556453943 254.13985275477171 263.5909923017025 35.585584633052349 46.678892228752375 158.88881615549326 40.820460062474012 149.97884341329336 49.025036409497261 28.115257568657398 72.820251621305943
leaf_count=1069 1141 3006 5010 252 1243 657 520 999 879 196 378 273 989 733 402 207 1627 928 326 422 1537 1549 210 271 979 237 898 265 135 701
internal_value=0 0.00469332 0.00726122 -0.00248203 -0.00344185 -0.00138556 -0.00247528 0.00275561 -0.00410568 -0.00259568 -0.0060775 0.00404804 -0.00149896 -0.00442181 0.00570941 -0.00446591 0.00456628 0.00717705 0.000463357 -0.00342189 -0.00538267 -0.00613989 -0.00324147 0.00440704 -0.00412168 -0.00194955 -0.000356153 0.00429163 0.00630164 0.000567041
internal_weight=0 1370.43 967.493 2365.03 2001.65 1132.98 1014.26 363.381 814.415 670.648 868.675 199.844 402.94 266.24 99.8444 691.423 664.834 383.623 152.084 132.647 635.639 599.995 336.404 82.2645 570.804 398.713 357.893 199.004 230.734 100.936
internal_count=28039 13434 10571 14605 12096 6701 6044 2509 4925 4046 5395 1119 2863 1874 598 4152 5561 3934 846 674 3774 3567 2018 481 3448 2379 2142 1163 1835 836
cat_boundaries=0 1
cat_threshold=1
is_linear=0
shrinkage=0.03


Tree=109
num_leaves=31
num_cat=3
split_feature=54 21 86 46 86 72 5 74 36 10 40 83 5 9 39 40 4 10 83 31 25 36 72 68 0 3 54 25 72 27
split_gain=44.6909 24.7339 16.2098 10.9082 11.3936 9.85553 10.9842 10.0147 9.69058 8.60791 7.9063 7.22119 12.36 7.80021 6.48509 6.48413 13.2376 6.32493 6.2843 6.15194 6.10199 6.52843 6.23738 6.02682 6.01875 5.87357 5.48158 5.37821 7.24738 6.36491
threshold=0.60255000000000014 0.55050505050505061 0.39471000000000006 1.0000000180025095e-35 0.13591000000000003 0.061500000000000006 1275.7150000000004 11.500000000000002 0.85655000000000014 15.009375000000002 1.0000000180025095e-35 0.25906000000000001 964.65500000000009 74.500000000000014 0.68405000000000016 1.0000000180025095e-35 0 21.020486111111115 0.26117000000000007 1.0000000180025095e-35 1.005902777777778 0.48905000000000004 0.73425000000000007 1.0000000180025095e-35 1 2 0.17715000000000003 9.0510416666666682 0.66915000000000013 0.09445000000000002
decision_type=2 2 2 8 2 2 2 2 2 2 8 2 2 2 2 8 1 2 2 8 10 2 2 2 1 1 2 8 2 2
left_child=1 3 5 8 11 -3 7 9 14 -7 20 -5 -13 25 -1 16 -8 -18 -11 -4 22 -22 -2 -6 -9 -14 -26 28 -25 -29
right_child=10 2 19 4 23 6 15 24 -10 18 -12 12 13 -15 -16 -17 17 -19 -20 -21 21 -23 -24 27 26 -27 -28 29 -30 -31
leaf_value=-0.0095467556415079376 -0.0010161215132877936 0.007679688286391856 0.001286581141716021 -0.0087041683600645684 0.0083560501660523059 -0.0071406088015653528 0.0084620371216351346 0.00056285201658451368 0.0035894917765266527 -0.00026913602524779654 0.011500071678838914 -0.0079402533799839276 0.0049799736845962499 0.010546493340085459 -0.0019325467557708865 0.0059648305093414032 0.00069703235822406292 -0.010687312976014801 0.015811263800647041 0.011767802359285932 -0.0074357082909993514 0.0062148707320471295 0.016944859566463424 0.0035724966997574934 -0.0055400342718728585 -0.0068403061631983637 -0.015003956276979808 -0.0064566804080484113 -0.0088791635239126778 0.0029811170822263032
leaf_weight=485.87086490169168 27.170685347169638 121.48021024465561 76.116197261959314 262.73014812916517 69.56926180049777 37.396330259740353 78.454637922346592 89.390772547572851 67.231651440262794 38.225730404257774 273.70699379220605 158.98476997390389 51.723281897604465 67.809819616377354 133.72883180528879 214.6850520670414 75.785035461187363 90.812034033238888 40.120034672319889 156.55810414627194 59.529739908874035 47.992552939802408 33.611062381416559 56.863951288163662 236.36773775145411 62.228897854685783 73.440283931791782 68.066421020776033 114.16895499825478 361.80310734733939
leaf_count=2991 201 660 704 1985 488 202 420 513 367 208 4460 976 281 392 711 1301 386 455 205 2385 490 660 246 410 1352 378 391 405 905 2600
internal_value=0 -0.00163578 0.0015176 -0.00376971 -0.00209881 -3.52642e-05 -0.00106505 -0.00403823 -0.00679432 0.00350752 0.00842297 -0.00505372 -0.00207116 0.00320882 -0.00796017 0.00228021 -0.00105511 -0.00576235 0.00882308 0.00853332 0.00305448 -0.0013324 0.0099067 0.000596025 -0.00625827 -0.00165621 -0.00818247 -0.000424465 -0.00477065 0.0013739
internal_weight=0 3289.61 1328.83 1960.78 1273.95 1096.16 974.678 514.941 686.831 115.742 442.011 603.477 340.747 181.762 619.6 459.737 245.052 166.597 78.3458 232.674 168.304 107.522 60.7817 670.472 399.199 113.952 309.808 600.902 171.033 429.87
internal_count=28128 22071 9182 12889 8820 6093 5433 2871 4069 615 6057 4012 2027 1051 3702 2562 1261 841 413 3089 1597 1150 447 4808 2256 659 1743 4320 1315 3005
cat_boundaries=0 1 2 3
cat_threshold=1 4 5
is_linear=0
shrinkage=0.03


Tree=110
num_leaves=31
num_cat=1
split_feature=12 43 46 21 57 5 57 21 21 60 86 86 77 89 36 46 45 89 25 16 25 5 48 75 30 3 16 42 27 55
split_gain=46.4697 20.0147 18.1321 16.8517 10.7597 17.2355 10.2264 8.01065 7.94623 7.76742 7.72547 7.49352 8.97308 7.34918 7.61805 7.1893 9.96913 6.89992 6.5985 9.39693 6.08637 6.44163 5.72447 5.65307 5.03089 4.93947 7.22801 6.32732 5.42182 8.80393
threshold=1.0000000180025095e-35 1.0000000180025095e-35 1.0000000180025095e-35 0.41428571428571431 0.83155000000000012 987.6600000000002 0.64075000000000015 0.90454545454545465 0.63961038961038974 0.67235000000000011 0.29027000000000008 0.24957000000000004 0.51523437500000013 0.52333333333333343 0.79820000000000013 1.0000000180025095e-35 0.79775000000000007 0.70885000000000009 11.047569444444447 72.500000000000014 17.025347222222226 8207.7900000000027 0.48955000000000004 0.90625000000000011 0.014950000000000001 0 248.50000000000003 0.08295000000000001 0.15545000000000003 1.0000000180025095e-35
decision_type=2 8 8 2 2 2 2 2 2 2 2 2 2 2 2 10 2 2 10 2 10 2 2 2 2 1 2 2 2 8
left_child=3 4 6 15 5 17 -3 13 -8 -7 -11 -6 -13 -5 20 -1 -17 -2 22 -20 21 24 23 -4 -15 26 27 -26 29 -27
right_child=1 2 18 7 11 9 8 -9 -10 10 -12 12 -14 14 -16 16 -18 -19 19 -21 -22 -23 -24 -25 25 28 -28 -29 -30 -31
leaf_value=-0.0069243897043187149 -0.0038538187805965442 0.012150276210240559 0.0097661847025886147 0.0066925101311914844 0.0098608556083979882 -0.0053327976903484392 -0.011540197317166942 0.0090846599669077623 0.003434919159815098 0.00062448701782003479 0.014463157465011554 -0.011762783565638953 0.0054057075317364423 -0.0085898105133722941 0.004414083830853093 0.0080240029591861044 -0.0070177961237427467 -0.018508209210794921 -0.011767996564453593 0.0070150987835958063 -0.0098021977475614332 0.0086471359192053631 0.015478635821106222 -0.0029055655656906221 -0.0051463367014289475 -0.0053644310527913592 -0.0091652600530301338 0.0081790690694358639 -0.0020806877753435653 0.006849538518928556
leaf_weight=724.25998377427459 62.057314842939377 26.725548408925533 201.45377007126808 94.44903327152133 123.296093352139 79.002432100474834 71.512320891022682 64.794705726206303 46.311504051089287 99.115764051675797 48.182340875267982 33.310763068497181 64.789513148367405 92.47456194832921 158.72940821573138 68.867344137281179 69.798652902245522 57.833237737417221 18.070450387895107 190.9355890378356 82.936146307736635 41.420877069234848 206.86474785581231 32.618526104837656 63.325790777802467 66.297705795615911 150.51690394803882 47.091091390699148 462.55275494605303 173.06549935787916
leaf_count=4954 328 199 1921 549 612 402 535 382 413 501 306 155 437 526 1082 431 420 322 249 2923 503 273 3660 478 359 363 836 267 2688 1046
internal_value=0 0.00450947 0.00755292 -0.00242766 0.000192336 -0.00308306 -0.00194771 -0.000493135 -0.00584588 0.00184092 0.00578292 0.00522588 -0.000972846 -0.000986209 -0.00157369 -0.00574101 0.00048983 -0.0118035 0.00966339 0.00492795 -0.0024097 -0.00176716 0.0117489 0.00795365 -0.00225325 -0.00156263 -0.00491784 0.000744022 -0.000192009 0.00338711
internal_weight=0 1362.08 794.492 2360.58 567.587 346.191 144.549 1497.65 117.824 226.301 147.298 221.396 98.1003 1432.86 1338.41 862.926 138.666 119.891 649.943 209.006 1179.68 1096.75 440.937 234.072 1055.32 962.85 260.934 110.417 701.916 239.363
internal_count=28120 13441 10378 14679 3063 1859 1147 8874 948 1209 807 1204 592 8492 7943 5805 851 650 9231 3172 6861 6358 6059 2399 6085 5559 1462 626 4097 1409
cat_boundaries=0 1
cat_threshold=8
is_linear=0
shrinkage=0.03


Tree=111
num_leaves=31
num_cat=3
split_feature=55 13 37 4 15 48 79 43 0 16 5 5 16 74 4 79 82 77 33 51 5 51 60 5 77 51 57 10 68 92
split_gain=39.6262 21.4337 16.3375 11.5091 9.07131 8.63762 8.81579 8.09506 6.97097 6.6378 6.60373 9.97488 6.17146 6.07792 7.40715 6.8457 5.9987 6.32351 5.97012 5.41631 5.35541 6.07936 6.18917 5.29517 5.08963 5.76979 5.52072 4.95405 4.84046 4.8347
threshold=1.0000000180025095e-35 1.0000000180025095e-35 1.0000000180025095e-35 0 1.0000000180025095e-35 0.64585000000000015 2.5000000000000004 1.0000000180025095e-35 1 262.50000000000006 786.66000000000008 1395.3500000000001 548.50000000000011 12.500000000000002 2 4.5000000000000009 4.5000000000000009 0.45025937500000007 0.93265000000000009 0.69530000000000014 1179.1550000000004 0.23765000000000003 0.87055000000000016 7773.8950000000013 0.48656250000000006 0.23305000000000003 0.76685000000000014 17.060763888888889 1.0000000180025095e-35 0.67816666666666681
decision_type=10 2 8 1 2 2 2 10 1 2 2 2 2 2 1 2 2 2 2 2 2 2 2 2 2 2 2 2 2 2
left_child=1 5 4 16 7 6 8 -2 -1 19 -5 29 23 14 -14 -15 18 -18 -3 -6 21 22 -10 -8 25 26 -13 -26 -19 -12
right_child=2 3 -4 10 9 -7 12 -9 20 -11 11 24 13 15 -16 -17 17 28 -20 -21 -22 -23 -24 -25 27 -27 -28 -29 -30 -31
leaf_value=0.008704929018370864 0.0046662156544981315 0.010185530040453514 0.012464895941862975 -0.0061543614072392897 -0.011053349416971198 0.0018016310271705112 -0.0059557342287289167 -0.013901085369341223 -0.0031994172685991715 0.013503823714379776 0.011838442898489792 -0.0087714625074633585 -0.0043243687790397679 0.0026976403721277161 0.011823313564318604 -0.011225950212222001 -0.007660750497318387 0.013879994723352678 -0.0025448030385248803 0.0071714337427482063 0.0024265268582602329 0.0055026951559071328 -0.015755430980613272 0.0042288172829525184 0.0016403768714199627 0.0091381463541670392 0.0042484614789707062 -0.011927231173728684 0.0023472297402165696 -0.00089277958529921687
leaf_weight=60.862180285155773 28.411238618195057 219.23958088085055 284.63293664902449 151.05890178307891 19.158176012337208 296.62018629163504 1188.5625455901027 43.516210477799177 135.76379135623574 45.0851817317307 78.381713133305311 52.719878643751144 35.834838733077049 57.033201485872269 53.664156869053841 53.914287488907576 40.438610672950745 28.393316734582186 34.644867885857821 20.033367332071066 166.92119024321437 36.542560771107674 41.66003954410553 41.010134495794773 33.484802361577749 44.405445218086243 46.574950158596039 60.859692387282848 274.40932463109493 36.650614153593779
leaf_count=345 162 2069 4644 848 167 1846 7309 354 871 502 416 253 211 311 302 301 181 309 334 238 1002 209 244 223 262 207 217 465 3052 211
internal_value=0 -0.00117939 0.00830637 0.00221584 0.000434701 -0.00290598 -0.00365761 -0.00689266 4.86517e-05 0.00675615 -0.00111452 0.00115182 -0.00479491 8.48073e-05 0.00557307 -0.00443719 0.00499961 0.00230459 0.00841775 -0.00217341 -0.00152185 -0.0045729 -0.00683096 -0.00558467 -0.0023643 0.0012191 -0.00283443 -0.00741609 0.0038378 0.00803515
internal_weight=0 3269.65 440.837 1101.26 156.204 2168.39 1871.77 71.9274 441.75 84.2767 504.136 353.077 1430.02 200.446 89.499 110.947 597.126 343.241 253.884 39.1915 380.888 213.966 177.424 1229.57 238.045 143.7 99.2948 94.3445 302.803 115.032
internal_count=28065 21998 6067 8824 1423 13174 11328 516 2671 907 2879 2031 8657 1125 513 612 5945 3542 2403 405 2326 1324 1115 7532 1404 677 470 727 3361 627
cat_boundaries=0 1 2 3
cat_threshold=1 4 4
is_linear=0
shrinkage=0.03


Tree=112
num_leaves=31
num_cat=0
split_feature=76 21 70 77 70 89 37 74 48 60 89 33 63 51 51 45 45 92 52 23 45 15 58 83 67 92 16 83 54 51
split_gain=49.597 19.1 12.1681 10.0928 13.0397 9.63359 8.64668 8.6148 11.3854 8.7855 8.61008 8.57441 8.32613 8.29889 7.27169 8.48761 7.61962 8.82281 7.17054 6.85729 6.78969 11.6255 11.4866 6.85145 7.1325 6.72707 7.62934 6.68477 6.08059 5.91861
threshold=10.500000000000002 0.59166666666666679 1.0000000180025095e-35 0.26147187500000008 1.0000000180025095e-35 0.64755000000000018 1.0000000180025095e-35 14.500000000000002 0.38650000000000007 0.72705000000000009 0.55241666666666678 0.21195000000000003 0.61425000000000007 0.16815000000000002 0.88005000000000011 0.013150000000000002 0.49875000000000008 0.57155000000000011 18.063541666666669 0.095454545454545472 0.28055000000000008 1.0000000180025095e-35 5.5000000000000009 0.42466000000000009 1.0000000180025095e-35 0.75871666666666682 485.50000000000006 0.35599000000000008 0.096650000000000014 0.12135000000000001
decision_type=2 2 10 2 8 2 8 2 2 2 2 2 2 2 2 2 2 2 10 2 2 2 8 2 8 2 2 2 2 2
left_child=1 2 3 -1 6 -3 14 18 9 -9 -6 27 13 -8 15 25 -17 -18 -2 20 23 22 -22 28 -25 26 -5 -7 -13 -26
right_child=7 5 -4 4 10 11 12 8 -10 -11 -12 19 -14 -15 -16 16 17 -19 -20 -21 21 -23 -24 24 29 -27 -28 -29 -30 -31
leaf_value=-0.01180789488608786 0.014070218796691503 0.0073896466546777752 -0.010824698889725259 -0.0021741973443432558 0.015745319305667128 -0.0060832140875046415 0.0096458376267380529 -0.018570860540380874 0.0082222640445072208 0.0029584412015307916 0.0016112625453923383 0.0061325418176190437 -0.0023177199731097193 -0.0014373773845479361 0.0079665955179071962 -0.010085269446847723 -0.010288802208292352 0.004386592103635319 -0.0050910645082395366 0.012424996107353715 0.0080134703876536678 0.013002642707113255 -0.011365842320113784 0.001256694379745069 -0.018187419126418164 -0.0097480183501841133 0.0083729346571628036 0.0027894086345637658 -0.0051017951764264248 -0.0025231929784013001
leaf_weight=82.591614678502083 240.51241182908416 227.83902925252914 147.86954781413078 381.38789526373148 45.584670029580593 222.70304339379072 124.54795255511999 19.806755136698484 177.04262585565448 34.562000151723623 137.49551043659449 141.56408826261759 407.57401259243488 106.77897790819407 33.775358907878399 321.96209216862917 51.057036221027374 83.697327598929405 14.020466111600397 49.660734437406063 46.778131142258644 94.360644601285458 43.648501016199589 82.054392099380493 37.696672342717648 74.960603795945644 63.315858528017998 106.64202710241079 52.086048938333988 46.800719223916531
leaf_count=742 4634 1305 1017 2412 265 1171 697 311 3366 567 816 738 2305 635 186 1901 280 450 263 275 263 605 239 473 222 420 372 587 261 275
internal_value=0 -0.0010794 -0.00280269 -0.00213015 -0.00163216 0.00200408 -0.00248304 0.00911128 0.00462369 -0.00655136 0.00576368 0.000611209 0.000249888 0.00468233 -0.00419706 -0.00469434 -0.00763873 -0.00150042 0.0128622 0.00274719 0.00165733 0.00617183 -0.00154113 -0.000762804 -0.00506998 -0.00201124 -0.000521407 -0.00321272 0.0030087 -0.0106966
internal_weight=0 3214.43 2062.6 1914.73 1832.14 1151.83 1649.06 485.944 231.411 54.3688 183.08 923.995 638.901 231.327 1010.16 976.381 456.716 134.754 254.533 594.65 544.989 184.787 90.4266 360.202 166.552 519.664 444.704 329.345 193.65 84.4974
internal_count=28053 18912 12498 11481 10739 6414 9658 9141 4244 878 1081 5109 3637 1332 6021 5835 2631 730 4897 3351 3076 1107 502 1969 970 3204 2784 1758 999 497
is_linear=0
shrinkage=0.03


Tree=113
num_leaves=31
num_cat=0
split_feature=76 37 46 5 39 70 58 42 63 48 5 42 60 27 39 69 60 61 40 10 54 25 55 72 63 86 66 42 21 55
split_gain=52.961 14.6094 11.2223 19.0362 10.514 9.82429 9.72738 9.71177 9.11904 8.92915 10.337 9.52627 8.74735 7.5238 7.08889 6.54689 6.0215 8.78257 7.61446 5.92225 6.75764 6.86333 5.84282 7.48954 5.75885 5.74574 5.80314 5.53643 5.46371 5.21398
threshold=10.500000000000002 1.0000000180025095e-35 1.0000000180025095e-35 2497.8350000000005 0.7218500000000001 1.0000000180025095e-35 2.5000000000000004 0.054150000000000011 0.81985000000000008 0.28905000000000008 773.19000000000017 0.48455000000000004 0.66435000000000011 0.15905000000000002 0.65905000000000014 0.74495000000000011 0.74945000000000006 2.5000000000000004 1.0000000180025095e-35 28.047569444444445 0.22075000000000003 6.0670138888888898 1.0000000180025095e-35 0.84805000000000008 0.8509500000000001 0.21065000000000003 0.33005000000000007 0.026850000000000002 0.57738095238095244 1.0000000180025095e-35
decision_type=2 8 8 2 2 10 10 2 2 2 2 2 2 2 2 2 2 10 8 2 2 10 8 2 2 2 2 2 2 8
left_child=1 2 4 7 -1 9 -5 12 14 10 16 19 25 -10 15 -9 18 -18 -3 20 21 27 23 24 -2 26 -4 -11 -8 -14
right_child=22 5 3 6 -6 -7 28 8 13 11 -12 -13 29 -15 -16 -17 17 -19 -20 -21 -22 -23 -24 -25 -26 -27 -28 -29 -30 -31
leaf_value=-0.0080446454797071607 0.013674601041797463 -0.0067305659438576648 -0.012236387976855797 0.014361598629906958 0.0020753342297886034 -0.0088899508414410251 -0.0045977575346112061 -0.00022037934564822314 -0.000977222168284208 0.0010476923647654679 0.0018836018251170933 0.013022522174059739 -0.0040191619891332573 -0.015331367651446572 0.0062797125460551254 -0.0089278494171214275 -0.017386651037160774 -0.00031808012845100774 0.007592111815387742 0.0072280594351720566 0.0068389354819387007 0.002912435810094479 0.010657792309828728 -0.0075807762956655676 -0.0033842187528171442 0.0047393830926894392 -0.0009717003360143312 -0.012906654721497178 0.0064665981055499833 0.004688778742102123
leaf_weight=533.39750635623932 40.741454545408487 71.207514397799969 88.211236983537674 76.050124019384384 106.99889033287764 75.338349290192127 64.711101993918419 144.81350787729025 45.872970223426819 36.908614300191402 509.83835688978434 90.111683018505573 72.254123605787754 120.17973592877388 51.84675020724535 159.02290247380733 58.94197428971529 45.3617889508605 46.858776688575745 145.3917071968317 76.302712395787239 84.424294210970402 389.71102058142424 35.278966996818781 22.322711482644081 36.273052148520947 74.060364194214344 64.195693925023079 77.649726629257202 255.96989610046148
leaf_count=3148 663 421 646 457 517 473 372 874 274 218 2891 742 404 684 288 944 337 247 273 815 445 468 7655 546 345 190 506 333 452 1473
internal_value=0 -0.00147395 -0.00314104 -0.00148304 -0.00634786 0.000968132 0.00638809 -0.00316751 -0.00602777 0.00163902 -0.000474268 0.00469835 -0.000275063 -0.0116467 -0.00315779 -0.00491698 -0.00572868 -0.0106408 -0.000897147 0.00258838 -0.000159102 -0.00323977 0.00903771 0.00222656 0.00799957 -0.00510263 -0.00745005 -0.00817675 0.00146555 0.00270969
internal_weight=0 3212.19 1907.31 1266.92 640.396 1304.88 218.411 1048.5 521.736 1229.54 732.208 497.335 526.769 166.053 355.683 303.836 222.37 104.304 118.066 407.223 261.831 185.529 488.054 98.3431 63.0642 198.545 162.272 101.104 142.361 328.224
internal_count=28101 18892 11229 7564 3665 7663 1281 6283 3064 7190 4169 3021 3219 958 2106 1818 1278 584 694 2279 1464 1019 9209 1554 1008 1342 1152 551 824 1877
is_linear=0
shrinkage=0.03


Tree=114
num_leaves=31
num_cat=1
split_feature=28 43 36 54 46 33 36 21 89 25 86 21 77 57 21 72 21 74 92 39 63 22 25 51 27 33 92 72 21 3
split_gain=33.5252 16.5792 15.5382 13.5731 9.64194 7.79069 9.97863 7.64927 7.50826 8.64362 7.03902 6.81524 6.77847 6.68636 6.6128 6.56631 6.4687 8.49199 6.32541 6.01386 6.43147 9.07822 5.83952 5.70738 7.87815 5.6341 6.0962 7.78294 5.59242 5.5903
threshold=1.0000000180025095e-35 1.0000000180025095e-35 0.70365000000000011 0.79690000000000005 1.0000000180025095e-35 0.38945000000000007 0.068950000000000025 0.43650793650793657 0.5552666666666668 6.0593750000000002 0.092280000000000015 0.63961038961038974 0.36196562500000001 0.83155000000000012 0.48076923076923084 0.71165000000000012 0.41428571428571431 12.500000000000002 0.47265000000000007 0.70145000000000013 0.12475000000000001 0.35416666666666669 13.032986111111112 0.30275000000000007 0.77375000000000016 0.81825000000000014 0.74204999999999999 0.72725000000000006 0.41428571428571431 0
decision_type=8 8 2 2 8 2 2 2 2 10 2 2 2 2 2 2 2 2 2 2 2 2 10 2 2 2 2 2 2 1
left_child=2 7 3 5 11 19 -7 23 -9 13 -4 28 14 -10 -8 -6 17 -17 -14 20 21 -1 -22 24 -2 26 27 -12 -3 -20
right_child=1 4 10 -5 15 6 12 8 9 -11 25 -13 18 -15 -16 16 -18 -19 29 -21 22 -23 -24 -25 -26 -27 -28 -29 -30 -31
leaf_value=0.0089058160145525627 0.004696946106609895 0.002748308733193133 -0.0048970501959457007 0.0095642702390736738 0.011376661059118774 0.0045940415601155747 -0.003887294115328769 0.012925033999823343 -0.0081511191932313355 0.0048732992084265696 0.009689681440802015 0.0074562510566227903 -0.013476558455458943 0.0023970042611198379 0.0092873440704216766 0.0091220460661035983 0.0074259734983063283 -0.0069126828521499069 0.00070972095430677613 0.00074554456857486059 -0.0056453653692869815 -0.0083221361728706578 -0.012420521316931053 -0.013695893023290839 -0.0093748052307814998 -0.0028996278682637804 0.015578896676992965 -0.0022569452070632578 -0.010159306453876813 -0.0073926529620294591
leaf_weight=52.485224157571793 69.684786036610603 47.952402908354998 65.295458972454071 61.764788661152124 279.72082039341331 184.95179847255349 62.771606251597404 39.644440650939941 116.25989425554872 199.12452138215303 97.911278016865253 56.106346681714058 63.214729372411966 88.271883133798838 56.113783463835716 37.314784809947014 293.59353403747082 70.245732177048922 154.52743948623538 131.26136209070683 808.16987356543541 39.40568645298481 136.56815339252353 43.055922500789165 55.518569320440292 53.564042586833239 53.158026490360498 84.317932084202766 58.449446130543947 132.46471457928419
leaf_count=323 376 316 327 487 3805 1115 481 205 636 1143 586 499 342 482 329 255 4589 920 922 678 5189 288 841 216 275 456 390 524 441 689
internal_value=0 0.0036075 -0.00222507 -0.0033086 0.00630925 -0.00379482 -0.00114929 -0.000159946 0.00191304 0.000545199 0.00346921 -0.000250552 -0.00346238 -0.00369923 0.00256923 0.00785588 0.00518388 -0.00104717 -0.00552442 -0.00525404 -0.00601359 0.00142624 -0.00674459 -0.00542242 -0.00177472 0.00546034 0.00740335 0.0043321 -0.00460584 -0.00337805
internal_weight=0 1454.94 2237.95 1883.7 843.383 1821.93 654.044 611.56 443.301 403.656 354.247 162.508 469.092 204.532 118.885 680.875 401.154 107.561 350.207 1167.89 1036.63 91.8909 944.738 168.259 125.203 288.951 235.387 182.229 106.402 286.992
internal_count=28125 14158 13967 11684 10825 11197 3878 3333 2466 2261 2283 1256 2763 1118 810 9569 5764 1175 1953 7319 6641 611 6030 867 651 1956 1500 1110 757 1611
cat_boundaries=0 1
cat_threshold=5
is_linear=0
shrinkage=0.03


Tree=115
num_leaves=31
num_cat=0
split_feature=76 49 39 39 81 25 74 45 73 89 22 81 37 49 89 5 76 69 89 60 55 10 5 30 9 36 33 10 66 13
split_gain=32.6361 11.8715 11.2021 13.7616 12.5526 10.645 9.97242 11.774 9.33147 8.19002 7.75605 9.95366 7.58272 10.391 9.79474 8.57162 7.89452 7.18321 8.53929 7.15985 6.85054 6.78989 7.1642 6.48082 6.41453 6.1901 6.08191 5.73496 5.51937 5.36283
threshold=10.500000000000002 1.0000000180025095e-35 0.60755000000000015 0.28055000000000008 0.74545000000000006 19.012847222222224 14.500000000000002 0.61995000000000011 1.0000000180025095e-35 0.46356666666666674 0.14835164835164838 0.19182000000000002 1.0000000180025095e-35 1.0000000180025095e-35 0.72621666666666684 948.0150000000001 3.5000000000000004 0.70725000000000016 0.74148333333333338 0.39615000000000006 1.0000000180025095e-35 27.017013888888894 2086.0700000000002 0.24905000000000002 34.500000000000007 0.76475000000000015 0.48285000000000006 21.005208333333339 0.11185000000000002 1.0000000180025095e-35
decision_type=2 8 2 2 2 10 2 2 8 2 2 2 8 8 2 2 2 2 2 2 8 2 2 2 2 2 2 2 2 2
left_child=2 17 3 4 6 20 7 10 9 -4 -1 -12 13 -5 16 25 -15 -2 -19 -9 -3 26 -23 -18 -16 -14 -17 -13 -6 -11
right_child=1 5 8 12 28 -7 -8 19 -10 29 11 27 15 14 24 21 23 18 -20 -21 -22 22 -24 -25 -26 -27 -28 -29 -30 -31
leaf_value=-0.0026366685299962353 -0.01338734754648789 0.0025461655838876036 0.0095851641768815842 -0.011868614371952413 -0.0022199955539387211 -0.0099568400448209401 -0.0089008293243081054 -0.0034049032268082865 0.0086530949456407567 -0.003183332324912714 -0.0041008343991078547 0.0012671796321628433 -0.010973156906124736 -0.0087865711171612407 0.00063902860104417681 -0.0063406475815845744 0.012078016017272241 -0.0093701875484055435 0.011521945738191281 0.010001231557746369 0.012706100141923235 0.016751752733141057 -0.00026784744770352642 -0.0007904233989408689 -0.0115678875347395 0.0022874482563574189 0.0070427512302104053 0.012680963072271885 0.010136516023871334 0.0029396938655331583
leaf_weight=872.21231552958488 25.236229915171862 80.823138084262609 70.532932303845882 210.60079936683178 37.966297425329685 16.202843088656664 118.84200301021338 42.002875812351704 161.9481812864542 305.43237087875605 95.941037617623806 73.252897188067436 85.383922725915909 38.097225725650787 52.957554712891579 76.561495080590248 56.847725234925747 19.970675073564053 34.189795076847076 135.46741365641356 306.07080133631825 39.930418074131012 39.60619018226862 72.032696969807148 124.79528693109751 42.966254122555256 37.602261908352375 83.084203518927097 133.71485141664743 207.87051060795784
leaf_count=5192 411 1322 411 1280 219 300 603 252 959 1599 664 461 504 338 302 425 336 310 558 831 6323 226 226 400 711 222 216 536 727 1319
internal_value=0 0.00760006 -0.000691507 -0.00166409 4.12884e-06 0.00964999 -0.0009391 -0.000150055 0.00250885 0.00068751 -0.00129984 0.00324635 -0.00465789 -0.00675242 -0.00338039 -0.000951587 0.00180779 -0.00272267 0.0035586 0.00681595 0.0107013 0.00299229 0.00919328 0.00534667 -0.00809077 -0.00668958 -0.00172035 0.00773065 0.00743216 -0.00069492
internal_weight=0 482.493 3215.65 2469.87 1592.48 403.097 1420.8 1301.96 745.784 583.836 1124.49 252.278 877.382 555.331 344.73 322.051 166.978 79.3967 54.1605 177.47 386.894 193.7 79.5366 128.88 177.753 128.35 114.164 156.337 171.681 513.303
internal_count=28183 9224 18959 14671 9485 7945 8539 7936 4288 3329 6853 1661 5186 3367 2087 1819 1074 1279 868 1083 7645 1093 452 736 1013 726 641 997 946 2918
is_linear=0
shrinkage=0.03


Tree=116
num_leaves=31
num_cat=0
split_feature=40 45 43 45 36 92 52 89 57 12 81 46 33 42 69 77 7 63 89 54 17 63 16 92 57 57 57 54 39 54
split_gain=35.7059 30.9592 11.7472 13.3002 10.9113 10.486 9.03907 11.8331 8.96651 8.20623 8.14084 11.231 9.96194 7.86001 7.35676 7.32609 10.801 7.63757 7.24129 7.15694 6.95641 9.58561 7.8132 6.91144 6.83195 8.08798 6.72524 6.94253 6.67739 9.08074
threshold=1.0000000180025095e-35 0.60155000000000014 1.0000000180025095e-35 0.049250000000000009 0.66655000000000009 0.70511666666666672 15.026041666666668 0.86368333333333347 0.88305000000000011 1.0000000180025095e-35 0.57163333333333333 1.0000000180025095e-35 0.39715000000000006 0.77535000000000009 0.83835000000000015 0.27549062500000004 1179.1550000000004 0.34175000000000005 0.78791666666666671 0.21355000000000005 6.5000000000000009 0.70205000000000006 181.50000000000003 0.57905000000000018 0.64455000000000007 0.87115000000000009 0.81105000000000016 0.42565000000000003 0.23065000000000002 0.044750000000000005
decision_type=8 2 8 2 2 2 8 2 2 2 2 8 2 2 2 2 2 2 2 2 2 2 2 2 2 2 2 2 2 2
left_child=4 2 6 26 5 10 8 18 -2 13 11 12 -1 -3 -15 16 -13 -17 -8 20 21 -6 -23 -14 -5 -26 27 -4 29 -12
right_child=1 9 3 24 19 -7 7 -9 -10 -11 28 15 23 14 -16 17 -18 -19 -20 -21 -22 22 -24 -25 25 -27 -28 -29 -30 -31
leaf_value=-0.012133396930721973 0.004462253004097346 0.0080401331622586749 6.4138714298764493e-05 0.0077940387480447855 0.0032129303856346745 -0.0081858872645665763 -0.004464311020353706 0.0086746345828545828 -0.0066369031969434906 0.012510645966080081 0.015207200972832929 -0.016675702226752617 -0.0065179155713320069 -0.012190320319644036 0.0080431235835483755 0.0067362494254440391 0.0027730016310578902 -0.0017639677373027815 -0.01519283129376852 0.0072560562640101387 0.0081450637298339217 -0.018784062787993373 -0.0028454379271367421 0.0072614274284797812 -0.010817328480988948 0.0033870663440980935 0.011581962122084156 0.012285197672944417 -0.0018945677642134267 -0.0025319612755770066
leaf_weight=198.53116330504417 227.51150760054588 117.4299829415977 161.79156231880188 33.261255335062742 98.801940638571978 369.40275659784675 206.44950586557388 36.985383979976177 80.764753110706806 303.03647106140852 55.323888186365366 53.173651017248631 72.078971780836582 33.843776542693377 17.078739114105701 104.54943788424134 39.125991515815258 551.81260771304369 76.31186980009079 128.83640114217997 48.343081090599298 36.930367730557919 78.427865765988827 44.683053441345692 89.85894363000989 50.447110906243324 153.81656633317471 46.475430656224489 121.20733155682683 38.965071015059948
leaf_count=1343 1234 965 1211 249 569 2210 1154 203 443 5456 334 467 420 390 196 619 318 3307 420 1142 331 227 506 248 683 393 1396 608 772 265
internal_value=0 0.00320683 0.00055489 0.00378238 -0.00272687 -0.00379156 -0.00221403 -0.00567114 0.00143724 0.00960589 -0.00246918 -0.00354272 -0.00820213 0.00396901 -0.00519795 -0.0014982 -0.00896619 -0.000329229 -0.00777978 0.00174173 -0.00113165 -0.00349565 -0.00903937 -0.00108792 -0.00293238 -0.00582457 0.00699345 0.00322921 0.00275319 0.0083366
internal_weight=0 1635.06 1163.67 535.651 2040.19 1648.85 628.023 319.747 308.276 471.389 1279.45 1063.95 315.293 168.352 50.9225 748.662 92.2996 656.362 282.761 391.34 262.503 214.16 115.358 116.762 173.567 140.306 362.084 208.267 215.496 94.289
internal_count=28079 15001 7994 4540 13078 10303 3454 1777 1677 7007 8093 6722 2011 1551 586 4711 785 3926 1574 2775 1633 1302 733 668 1325 1076 3215 1819 1371 599
is_linear=0
shrinkage=0.03


Tree=117
num_leaves=31
num_cat=1
split_feature=55 83 36 79 39 46 14 76 53 21 39 25 60 57 72 27 58 83 39 36 36 10 36 21 89 28 89 57 39 0
split_gain=34.1981 20.3355 10.9915 11.1339 9.34993 9.24375 11.7758 9.04988 12.2364 8.54401 10.3881 8.24123 8.34077 7.99099 7.20202 7.15541 7.60755 7.06796 7.02976 6.84865 9.04335 9.96451 7.58846 7.06455 6.77952 8.03005 6.42371 6.33488 5.90785 5.79277
threshold=1.0000000180025095e-35 0.34645000000000009 0.068950000000000025 4.5000000000000009 0.70145000000000013 1.0000000180025095e-35 1.0000000180025095e-35 3.5000000000000004 1.0000000180025095e-35 0.48076923076923084 0.6482500000000001 9.0315972222222243 0.69795000000000007 0.66015000000000013 0.7007500000000001 0.39115000000000005 4.5000000000000009 0.59448000000000012 0.35405000000000003 0.27995000000000009 0.17995000000000003 29.003819444444449 0.38095000000000007 0.55050505050505061 0.56196666666666684 1.0000000180025095e-35 0.79801666666666671 0.60255000000000014 0.14365000000000003 0
decision_type=10 2 2 2 2 8 2 2 2 2 2 8 2 2 2 2 8 2 2 2 2 2 2 2 2 8 2 2 2 1
left_child=1 4 -3 9 5 6 18 -7 13 10 -4 -11 -13 27 -12 16 -2 -16 29 20 21 -15 -21 28 25 -5 -23 -9 -24 -1
right_child=15 2 3 24 -6 7 -8 8 -10 11 14 12 -14 19 17 -17 -18 -19 -20 22 -22 26 23 -25 -26 -27 -28 -29 -30 -31
leaf_value=-0.011082910982218979 0.0078226382003568733 0.0069787780756439457 -0.006357111864214433 -0.004117199192005397 0.0069184534611028414 -0.0088691818539813495 0.0044019826654210824 0.0036292106304714714 -0.0074298593442874393 0.0095231092920771334 0.014026966458816809 -0.004437244831336941 0.0044284505810751884 0.0069191829200425199 -0.0098312693316096773 0.010745541120697194 -0.005204061333398389 0.0079178854299154274 -0.016700571965576175 0.013806535479769596 -0.0083258422119934783 -0.010290017024644943 -0.011648873619330015 0.010531320484096586 -0.0046145580734817324 0.010250166653008671 0.0046336872314417885 -0.0096966221179373389 0.0042064169084421454 -0.0026528377576382958
leaf_weight=140.45523721724749 85.238668110221624 249.3229146040976 173.18267153948545 62.345004834234715 65.527413465082645 150.8242097273469 58.563851684331894 41.315730981528759 197.69803541898727 178.33484791964293 38.270103938877583 123.00517148897052 335.10539134964347 169.76015574485064 31.304664961993694 280.44434339180589 60.975172325968742 29.682648491114378 86.853979989886284 75.325545020401478 77.920314554125071 58.327108897268772 33.386389158666134 37.813146077096462 454.6768189817667 59.537955068051815 34.412907615303993 88.067726381123066 33.671693425625563 159.56361892819405
leaf_count=985 714 1813 1031 349 334 1341 295 236 1112 1507 271 919 2504 989 166 4745 627 292 588 448 451 337 200 200 3356 412 199 512 203 987
internal_value=0 -0.000933425 0.00127967 0.000282841 -0.0034685 -0.0039842 -0.00753784 -0.00233992 -0.00108836 0.00234233 -0.00205107 0.00422563 0.00200403 0.000923765 0.00535624 0.00800773 0.00240477 -0.00129424 -0.00941063 0.00259015 4.13536e-05 0.00273945 0.00714988 0.00158294 -0.00294831 0.0031461 -0.00484029 -0.00548623 -0.00417479 -0.00682961
internal_weight=0 3244.26 1734.77 1485.45 1509.49 1443.96 445.437 998.523 847.699 908.885 272.44 636.445 458.111 650.001 99.2574 426.658 146.214 60.9873 386.873 520.617 340.42 262.5 180.197 104.871 576.56 121.883 92.74 129.383 67.0581 300.019
internal_count=28123 22037 12620 10807 9417 9083 2855 6228 4887 6690 1760 4930 3423 3775 729 6086 1341 458 2560 3027 1976 1525 1051 603 4117 761 536 748 403 1972
cat_boundaries=0 1
cat_threshold=1
is_linear=0
shrinkage=0.03


Tree=118
num_leaves=31
num_cat=0
split_feature=76 49 76 57 21 66 82 5 67 5 61 9 10 25 86 61 10 25 43 46 46 54 77 40 72 81 25 39 91 69
split_gain=31.7594 17.6023 16.9723 10.406 11.1777 10.4381 10.0854 9.11777 8.3634 7.89799 7.44415 8.91605 7.84319 7.44258 8.16391 7.40836 7.39337 7.14302 10.4909 9.34658 7.49071 6.97621 7.81744 6.69143 6.61388 7.39814 7.37597 6.36339 6.32671 8.03811
threshold=11.500000000000002 1.0000000180025095e-35 4.5000000000000009 0.60065000000000013 0.5634920634920636 0.23955000000000001 3.5000000000000004 1061.0650000000003 1.0000000180025095e-35 1939.7 5.5000000000000009 91.500000000000014 26.056597222222226 19.049652777777784 0.13193000000000002 3.5000000000000004 19.043402777777782 15.014236111111112 1.0000000180025095e-35 1.0000000180025095e-35 inf 0.46175000000000005 0.53729062500000013 1.0000000180025095e-35 0.84805000000000008 0.71076666666666666 5.0545138888888896 0.099950000000000025 2.5000000000000004 0.74495000000000011
decision_type=2 8 2 2 2 2 2 2 8 2 10 2 2 8 2 8 2 8 8 8 8 2 2 8 2 2 10 2 2 2
left_child=1 6 7 -4 5 9 8 28 -1 -5 11 17 -13 -7 -15 21 -17 20 -19 -20 -6 -8 -23 -22 -2 26 -26 -12 29 -3
right_child=24 2 3 4 10 13 15 -9 -10 -11 27 12 -14 14 -16 16 -18 18 19 -21 23 22 -24 -25 25 -27 -28 -29 -30 -31
leaf_value=0.012181881652390907 0.01215590925113999 -0.0084498101614483897 0.009859543613567591 -0.0080663712797163761 0.011581230530411291 -0.0015223070091044326 -0.0068039443055327997 -2.2627400085263678e-05 -0.0043129975694282691 0.0021409509022535262 0.0073413933553588724 0.018060065884039151 0.0029793571221171547 -0.00033879664970472631 0.010470783318222703 0.0051459625032152486 -0.00424783108436377 -0.0061498626255242876 -0.00663875638564223 0.010184732865739479 -0.0081739113888234603 0.0090570813139916901 -0.0080565045817124724 0.0084787463509361713 0.0077003414964781046 0.0096733032945038044 -0.012366524693631639 -0.0054484001782994732 -0.012921687118443969 0.0090545909955463532
leaf_weight=53.891441605985165 201.70279983058572 52.636875919997692 132.82232666388154 226.12317065894604 128.51437220349908 303.23824173212051 758.9142154417932 198.40296966582537 41.750594824552536 90.929233741015196 39.949642598628998 74.798852998763323 56.286240294575691 117.1300905495882 124.26563518866897 118.93119323253632 171.71720764786005 118.72758501768112 33.277833081781864 96.798316910862923 36.992401521652937 48.968156453222036 30.988576121628284 30.407405514270067 18.339639157056808 52.524269312620163 32.708158724009991 109.11428425461054 125.06191595643759 28.20356734842062
leaf_count=337 4539 391 837 1380 878 1898 4526 1434 246 572 259 485 382 655 779 687 981 626 202 742 214 267 268 242 408 1181 716 757 1004 210
internal_value=0 -0.000860647 0.000792213 0.00209534 0.00138765 -0.00092077 -0.00370891 -0.00466635 0.00525471 -0.005163 0.00410698 0.00563392 0.0122548 0.00159736 0.00542092 -0.00450736 -0.00036065 0.00345578 3.37877e-05 0.00571404 0.00758889 -0.00592292 0.00226614 -0.000536275 0.00909787 0.0025965 -0.00507679 -0.00177465 -0.00893265 -0.0020184
internal_weight=0 3348.84 2123.68 1719.38 1586.55 861.686 1225.16 404.305 95.642 317.052 724.867 575.803 131.085 544.634 241.396 1129.52 290.648 444.718 248.804 130.076 195.914 838.871 79.9567 67.3998 305.275 103.572 51.0478 149.064 205.902 80.8404
internal_count=28103 21259 13947 10908 10071 5284 7312 3039 583 1952 4787 3771 867 3332 1434 6729 1668 2904 1570 944 1334 5061 535 456 6844 2305 1124 1016 1605 601
is_linear=0
shrinkage=0.03


Tree=119
num_leaves=31
num_cat=1
split_feature=4 54 77 54 22 21 5 48 33 48 13 33 51 76 5 83 10 89 79 49 69 27 33 33 10 55 33 80 72 89
split_gain=32.5392 16.0036 13.3653 12.3505 9.89657 9.79879 9.91508 9.55141 9.36917 8.95579 7.51244 9.77358 7.09752 7.07449 7.86904 6.98311 6.88111 6.54413 8.23814 6.69079 8.41515 6.53049 6.39672 8.47537 6.56309 8.98569 6.45061 7.33027 6.35705 6.31446
threshold=0 0.47545000000000004 0.26147187500000008 0.25735000000000002 0.14835164835164838 0.35416666666666669 6068.2200000000012 0.28465000000000007 0.92985000000000007 0.12965000000000002 1.0000000180025095e-35 0.60875000000000012 0.33460000000000006 3.5000000000000004 446.32000000000005 0.42815000000000003 15.025347222222225 0.7161833333333335 4.5000000000000009 1.0000000180025095e-35 0.78055000000000008 0.34925000000000006 0.10455000000000002 0.45595000000000008 19.028819444444448 1.0000000180025095e-35 0.064450000000000021 0.81666666666666676 0.85715000000000008 0.72768333333333335
decision_type=1 2 2 2 2 2 2 2 2 2 2 2 2 2 2 2 2 2 2 8 2 2 2 2 2 8 2 2 2 2
left_child=1 3 -2 8 5 12 22 9 10 21 11 -1 15 -6 -15 -4 -5 19 -19 -13 -21 -3 26 24 25 -24 27 -7 -29 -27
right_child=2 7 4 16 13 6 -8 -9 -10 -11 -12 17 -14 14 -16 -17 -18 18 -20 20 -22 -23 23 -25 -26 29 -28 28 -30 -31
leaf_value=0.014439179628926171 -0.011783751877425114 -0.0049991274690821723 -0.0056323199178487954 0.0033494295163372175 -0.0053363287213933856 0.0035414877310907772 0.0073506502458021558 0.014190246336912685 -0.0030441417606927772 -0.011065399889216775 0.0080558782748406926 -0.0036123090459289852 -0.012551362716191139 0.0147486519681154 0.0024118803618762403 0.0051557425182083162 -0.0080018127495274927 0.0014619431849562398 -0.011298635438077905 -4.6119491718137775e-05 0.017138322826204404 0.012208721024194106 -0.0044344589336329093 -0.0084720773008531147 -0.0017007637177879156 -0.0017195726809814617 -0.0118205217755419 -0.01099291520417206 0.00304733872748838 0.0094235052491290165
leaf_weight=38.879841431975365 106.68405472487211 21.953959546983242 303.60087100416422 65.037089660763741 75.674863122403622 96.848056774586439 106.93982507660985 179.95507195219398 144.375333879143 23.136518519371748 375.99498774856329 52.031831357628107 106.68902182579041 45.402279138565063 332.23126802965999 57.037002678960562 135.02628064528108 106.83700525015593 66.894412841647863 48.298773366957903 44.555476024746895 55.436671793460846 79.464065242558718 94.181085541844368 441.18486498296261 56.79650267213583 89.157317455857992 88.8664191365242 35.915971167385578 178.48421150073409
leaf_count=226 958 215 2104 493 652 554 720 3435 1205 262 3999 273 694 254 1842 279 1014 681 408 307 269 899 430 555 2599 337 531 528 227 1096
internal_value=0 0.00395674 -0.00188331 0.00224873 -0.00134928 -0.00237897 -0.000991055 0.0102175 0.0037794 0.00246534 0.00514537 0.00194835 -0.00604466 0.00255843 0.00423733 -0.00383305 -0.00432794 3.11293e-05 -0.00379898 0.00457254 0.00906429 0.00731378 -0.00181569 -0.000448074 0.000649194 0.00389412 -0.00542601 -0.00245437 -0.00702546 0.00677314
internal_weight=0 1358.41 2295.16 1077.93 2188.47 1735.17 1267.84 280.482 877.868 100.527 733.492 357.497 467.327 453.308 377.634 360.638 200.063 318.617 173.731 144.886 92.8542 77.3906 1160.9 850.111 755.93 314.745 310.788 221.63 124.782 235.281
internal_count=28046 13686 14360 8875 13402 10654 7577 4811 7368 1376 6163 2164 3077 2748 2096 2383 1507 1938 1089 849 576 1114 6857 5017 4462 1863 1840 1309 755 1433
cat_boundaries=0 1
cat_threshold=1
is_linear=0
shrinkage=0.03


Tree=120
num_leaves=31
num_cat=3
split_feature=76 3 92 40 42 60 27 83 9 0 4 74 5 27 16 60 92 27 81 92 77 48 81 66 80 46 16 52 74 83
split_gain=36.5799 13.4519 9.78103 8.61445 8.7365 10.7622 8.12031 7.35112 9.7801 8.18927 7.27842 7.13315 6.91391 7.41863 6.83306 6.43507 6.1012 6.0875 6.0223 6.00124 5.97088 6.7719 6.46281 6.42461 17.8762 8.81363 9.04286 7.09274 6.97312 6.65603
threshold=10.500000000000002 0 0.69131666666666669 1.0000000180025095e-35 0.84135000000000015 0.75535000000000008 1.0000000180025095e-35 0.20941000000000001 110.50000000000001 1 2 15.500000000000002 676.42500000000007 0.47735000000000005 179.50000000000003 0.26935000000000003 0.34878333333333339 0.95385000000000009 0.75953666666666686 0.63331666666666686 0.56671250000000017 0.63205000000000011 0.3059183333333334 0.31985000000000002 0.91666666666666685 1.0000000180025095e-35 124.50000000000001 17.007291666666671 12.500000000000002 0.32921000000000006
decision_type=2 1 2 8 2 2 2 2 2 1 1 2 2 2 2 2 2 2 2 2 2 2 2 2 2 8 2 8 2 2
left_child=1 2 6 4 11 -6 -1 8 9 -3 -5 18 14 -14 -8 -4 -11 -12 -2 -15 21 23 -23 25 -25 -9 27 -27 -26 -28
right_child=3 7 15 10 5 -7 12 20 -10 16 17 -13 13 19 -16 -17 -18 -19 -20 -21 -22 22 -24 24 28 26 29 -29 -30 -31
leaf_value=0.015564155539872766 0.015564026352377034 0.0012838730707501035 0.0070232176685262448 -0.0042457805640155237 -0.024912226251883763 0.0045916328603292644 0.0051585210764346582 -0.0089825840368159774 0.0075264746752849885 0.00081757913575966114 0.011724847361219686 -0.01007224607543219 0.00055785813499521937 0.005298717614854182 -0.0072129084479615269 -0.0053680320741283944 -0.010628206076007752 -0.001545119498321957 -0.0052783465062048642 0.017874747482788646 -0.010983030374227968 -0.0050614257273289163 0.0058642157130685451 0.0042145746710643087 0.00063157373983483594 0.001002443335074038 0.0037261908701954746 -0.014308831575830119 -0.0080603354221830213 -0.0039487760275477689
leaf_weight=35.957029387354851 36.349609091877937 79.519921593368053 36.137388743460178 27.593178171664476 14.004374645650389 15.87830691039562 53.553540289402008 230.73922643810511 35.886044047772884 46.53888576477766 317.3331789188087 11.700167685747145 259.06296028196812 204.0086830817163 103.26539019867778 221.04359479993582 315.49654274433851 31.976599395275116 11.425513021647928 36.016982510685921 52.675593681633472 57.201590284705162 177.99224632233381 376.17524747550488 125.29174627363682 39.418183907866478 214.90378180891275 69.92513932287693 228.74929466098547 175.67454345524311
leaf_count=237 631 498 208 465 239 294 311 1369 234 350 6499 195 1400 1373 607 1239 2124 684 206 221 359 272 979 2125 746 235 1355 448 1223 972
internal_value=0 -0.00151498 0.0014618 0.00739932 -0.000900309 -0.0120147 0.00332367 -0.00277898 -0.00605801 -0.00730428 0.00933945 0.00560956 0.00242899 0.00413801 -0.0029321 -0.0034292 -0.00917445 0.0105009 0.0105287 0.00782525 -0.00187018 -0.00152444 0.00310893 -0.00228646 -0.000285576 -0.00425527 -0.00194 -0.00916764 -0.0050515 0.00026174
internal_weight=0 3175.23 949.046 466.261 89.358 29.8827 691.865 2226.19 477.441 441.555 376.903 59.4753 655.908 499.089 156.819 257.181 362.035 349.31 47.7751 240.026 1748.75 1696.07 235.194 1460.88 730.216 730.661 499.922 109.343 354.041 390.578
internal_count=28098 18885 5596 9213 1565 533 4149 13289 3206 2972 7648 1032 3912 2994 918 1447 2474 7183 837 1594 10083 9724 1251 8473 4094 4379 3010 683 1969 2327
cat_boundaries=0 1 2 3
cat_threshold=1 4 2
is_linear=0
shrinkage=0.03


Tree=121
num_leaves=31
num_cat=3
split_feature=54 21 83 37 39 72 89 69 30 83 4 82 69 33 81 46 69 1 39 30 54 77 25 25 83 13 33 16 1 86
split_gain=25.7225 15.078 14.7537 9.72698 12.0081 8.3064 9.31555 7.60335 7.46668 7.29583 9.68006 8.50027 8.88885 7.00493 8.27861 6.76779 6.70251 8.03055 9.32322 11.4251 6.64722 6.50518 6.33881 8.47513 6.27594 6.09591 6.06135 5.96793 5.95188 6.12871
threshold=0.60255000000000014 0.44949494949494956 0.6326400000000002 1.0000000180025095e-35 0.13975000000000001 0.061500000000000006 0.5552666666666668 1.0000000180025095e-35 0.077850000000000016 0.5498900000000001 0 4.5000000000000009 0.74495000000000011 0.86595000000000011 0.24107500000000001 inf 0.64115000000000011 1 0.40025000000000005 0.066950000000000023 0.81345000000000012 0.49889062500000009 9.0385416666666689 5.0295138888888902 0.40705000000000008 1.0000000180025095e-35 0.033650000000000006 132.50000000000003 2 0.10617000000000001
decision_type=2 2 2 8 2 2 2 2 2 2 1 2 2 2 2 8 2 1 2 2 2 2 8 10 2 2 2 2 1 2
left_child=1 7 5 4 -2 -3 -7 24 25 10 22 -12 15 14 -4 -13 -9 18 19 -18 -6 -11 23 -10 -1 -8 -21 -20 -14 -30
right_child=3 2 13 -5 20 6 8 16 9 21 11 12 28 -15 -16 -17 17 -19 27 26 -22 -23 -24 -25 -26 -27 -28 -29 29 -31
leaf_value=-0.0020009405845033299 0.012059282940790006 0.0052942306759122442 -0.0057012387666008106 0.010341268811977366 -0.011166322853723508 0.0055580823422791666 -0.0079914895800297092 -0.009600064376862262 -0.0049903475384592945 -0.015781974898698807 0.0062584014430815803 -0.010686942445248286 0.010609824299574119 0.00037790346137194056 0.01304912626559499 0.0010729989615996362 0.0080344598748096144 -0.006685880512124107 0.012437151668943614 0.0049485894918214609 0.0030540068162617949 -0.0023215778296041241 -0.0052442607130401006 0.012086867120875918 0.011511759672857235 0.0035716665067446491 -0.0077611601558436267 0.0008148920117405262 -0.0079143775207695284 0.0043459984432493923
leaf_weight=69.877425376325846 46.548332534730434 208.77874286472797 18.681829005479813 271.36870476603508 55.22561676427722 168.65894002839923 229.14329129830003 174.05344834178686 45.098521213978529 39.278091952204704 286.26488501951098 89.580726161599159 61.888460081070662 88.022619355469942 149.64365401118994 75.97720891982317 53.423389416188002 336.55108999460936 51.149463400244713 32.07832346111536 47.873828180134296 106.79657169431448 323.37064988911152 41.249277852475643 42.274769317358732 43.483207002282143 240.51752022281289 118.14208534732461 46.884393014013767 93.387882087379694
leaf_count=491 370 1231 134 4668 556 984 1303 1242 252 193 1792 489 333 1145 2058 413 371 2261 351 219 470 1047 1787 225 270 323 1601 825 248 506
internal_value=0 -0.000747246 0.000742775 0.00705323 0.000816479 -0.000201863 -0.000924539 -0.00354902 -0.00169439 -0.000662933 0.000223737 0.00247601 -0.000556279 0.00734652 0.0107651 -0.00553641 -0.00437584 -0.00318171 -0.000715517 -0.00365011 -0.00487698 -0.00672023 -0.00334462 0.00357541 0.00361798 -0.00608608 -0.00614333 0.00482425 0.00359088 -5.8626e-06
internal_weight=0 3234.26 2116.19 421.016 149.648 1859.84 1651.06 1118.07 1482.4 1209.78 1063.7 653.984 367.719 256.348 168.325 165.558 1005.92 831.862 495.311 326.019 103.099 146.075 409.718 86.3478 112.152 272.626 272.596 169.292 202.161 140.272
internal_count=28158 22094 14463 6064 1396 11126 9895 7631 8911 7285 6045 3781 1989 3337 2192 902 6870 5628 3367 2191 1026 1240 2264 477 761 1626 1820 1176 1087 754
cat_boundaries=0 1 2 3
cat_threshold=4 1 2
is_linear=0
shrinkage=0.03


Tree=122
num_leaves=31
num_cat=2
split_feature=4 13 86 52 46 86 48 33 48 83 33 27 57 10 16 79 16 9 83 77 60 52 52 48 5 5 86 4 92 77
split_gain=32.9643 14.8265 14.5548 12.7733 11.4109 8.86455 8.38885 8.19235 8.52851 8.16245 7.79397 7.77474 7.77311 6.67965 6.64873 7.441 7.10065 6.8946 6.52273 8.88913 6.47216 7.65396 6.4232 6.37409 5.8296 5.82143 5.75496 5.67842 5.61911 5.50919
threshold=0 1.0000000180025095e-35 0.13993000000000003 14.061458333333336 1.0000000180025095e-35 0.42447000000000007 0.094150000000000025 0.60875000000000012 0.47755000000000009 0.25051000000000007 0.36565000000000009 0.78255000000000008 0.70595000000000008 30.035069444444449 305.50000000000006 5.5000000000000009 152.50000000000003 69.500000000000014 0.6169300000000002 0.38845937500000005 0.89175000000000015 9.0510416666666682 13.007986111111114 0.91355000000000008 1408.7350000000004 2497.8350000000005 0.063020000000000007 1 0.6825500000000001 0.26147187500000008
decision_type=1 2 2 10 8 2 2 2 2 2 2 2 2 2 2 2 2 2 2 2 2 8 10 2 2 2 2 1 2 2
left_child=1 7 10 4 9 6 -3 -1 18 -4 29 12 -5 27 15 16 -12 -16 19 26 21 -6 -23 -10 -7 -22 -9 -11 -14 -2
right_child=2 5 3 11 20 24 -8 8 23 13 14 -13 28 -15 17 -17 -18 -19 -20 -21 25 22 -24 -25 -26 -27 -28 -29 -30 -31
leaf_value=0.010106991952206072 -0.01352764271006578 0.0084581114759287538 -0.010592747266430379 -0.016891566309657668 -4.4663380591708013e-05 0.0059835875922131946 -5.3225776749770167e-06 -0.0059399302133355519 0.0072102956130300688 -0.008858807549685873 0.0072701054752521335 0.0044373090417366839 0.00070284384146088738 0.0057084910857678793 0.011065211079143473 -0.013179288170966847 -0.006627699036698579 -0.0037603258928779874 0.0071168604384081379 -0.0080340794340173442 -0.0054326566362829145 0.008852730370991135 -0.0039071992097724087 -0.0059267781702443097 0.014540250789573392 0.0076110434140407163 0.007140706078626457 0.0013911403973361088 -0.012282793024122463 -0.0054525016373252813
leaf_weight=54.250895146280527 83.08420018106699 162.71715766936541 85.604339949786663 63.60031196475029 179.88674775511026 189.28780863806605 270.41235630214214 40.60809451341629 132.63645454496145 86.359570730477571 55.09502774477005 40.805180225521326 81.253969423472881 94.484037850052118 59.976405002176762 45.558375783264637 57.296216115355492 40.679520539939404 36.685658168047667 241.08948988094926 107.47143021598458 315.56069104745984 34.173238515853882 35.067947216331959 137.22388672456145 32.190343990921974 66.833860471844673 93.523360766470432 36.629882514476776 705.12739368528128
leaf_count=369 758 1194 550 387 1253 3856 2034 212 1209 454 366 298 478 479 363 325 364 244 346 1347 672 1904 231 334 2525 249 357 482 222 4382
internal_value=0 0.00346179 -0.00240345 -0.000212691 0.00121056 0.00622692 0.00329332 -4.25352e-05 -0.00120023 -0.00304316 -0.00499585 -0.00657109 -0.00914871 -0.000397969 -0.000451439 -0.00419763 0.000222472 0.0052752 -0.00363592 -0.00493467 0.00350952 0.00500542 0.00753198 0.00428432 0.00990494 -0.00211857 0.00211202 -0.00373712 -0.00397711 -0.0064625
internal_weight=0 1366.81 2298.36 1251.54 1029.25 759.641 433.13 607.172 552.922 359.971 1046.82 222.289 181.484 274.367 258.606 157.95 112.391 100.656 385.217 348.531 669.282 529.621 349.734 167.704 326.512 139.662 107.442 179.883 117.884 788.212
internal_count=28244 13783 14461 7659 6274 9609 3228 4174 3805 1965 6802 1385 1087 1415 1662 1055 730 607 2262 1916 4309 3388 2135 1543 6381 921 569 936 700 5140
cat_boundaries=0 1 2
cat_threshold=1 2
is_linear=0
shrinkage=0.03


Tree=123
num_leaves=31
num_cat=2
split_feature=12 49 46 5 43 21 11 5 36 39 79 81 43 36 39 79 9 9 11 3 55 9 66 33 51 61 4 36 39 5
split_gain=27.9493 13.1987 10.8727 16.0274 10.0987 9.05708 8.02893 7.98947 7.65341 7.42996 7.37905 8.89843 6.92929 7.93629 7.93611 6.78912 6.53737 6.33198 6.20956 10.0097 5.9171 9.73921 5.78824 5.74337 5.51937 5.47889 5.38434 5.35947 5.29401 5.03639
threshold=1.0000000180025095e-35 1.0000000180025095e-35 1.0000000180025095e-35 2250.5450000000005 1.0000000180025095e-35 0.79285714285714304 25.000000000000004 3082.2300000000005 0.49675000000000008 0.64245000000000008 5.5000000000000009 0.33257166666666677 1.0000000180025095e-35 0.087550000000000003 0.22005000000000002 3.5000000000000004 41.500000000000007 22.500000000000004 17.000000000000004 0 1.0000000180025095e-35 21.500000000000004 0.12145000000000002 0.41545000000000004 0.96115000000000006 3.5000000000000004 1 0.64055000000000006 0.39675000000000005 5209.7000000000007
decision_type=2 8 8 2 8 2 2 2 2 2 2 2 8 2 2 2 2 2 2 1 8 2 2 2 2 10 1 2 2 2
left_child=2 10 6 5 7 12 8 9 18 28 11 -2 13 23 -14 -8 -9 -5 -1 -20 21 -6 -15 -4 -22 -19 -23 -12 -3 -13
right_child=1 4 3 17 20 -7 15 16 -10 -11 27 29 14 22 -16 -17 -18 25 19 -21 24 26 -24 -25 -26 -27 -28 -29 -30 -31
leaf_value=-0.0084585181500785814 -0.0054789498184334108 -0.001353820617715814 -0.003122671098008865 -0.002668361652056877 0.017691908324663431 0.0066311716113945148 -0.0031774039570128709 -0.0017616616694082386 0.0037032635645853841 0.0050050153261932745 -0.014965509190629523 0.0070119382577405985 0.0028534391798746145 -0.00085290371541457959 -0.0034454763773309549 -0.013453095792381133 0.013330047274266857 0.0099855171716185815 0.0056302018450266758 -0.0070720882644337933 0.010825502808594324 -0.012843109845290872 -0.010081512983421994 0.0099273539709297098 -0.0026667453542067528 -0.00012573215242355602 0.0018373161520431362 0.00074663646975841875 -0.012969502819057586 -0.0032983251883010197
leaf_weight=177.16604193300009 110.45336108282208 127.83510035276413 87.067059338092804 62.157377805560827 19.410888381302357 95.129042632877827 111.14146766811609 35.200955100357533 127.7877855040133 107.78306175023317 40.323896933346987 167.43948867172003 308.48545392602682 83.172083146870136 404.7416196167469 131.92015249282122 69.149031963199377 194.76872951164842 94.564881935715675 89.178710866719484 393.01243200153112 19.34291023761034 243.86153458803892 34.285440146923065 25.485118769109249 62.768738485872746 88.418786890804768 30.452195376157761 40.335844874382019 49.505663730204105
leaf_count=1089 554 662 569 414 244 608 640 205 656 728 229 1438 1940 519 2773 804 397 1285 550 591 6404 136 1471 191 488 469 1120 267 230 385
internal_value=0 0.003735 -0.00171532 -0.000304009 0.00568177 -0.00183567 -0.00471064 0.00185881 -0.00240623 -0.000874018 -0.000820609 0.00114988 -0.00257973 -0.00545882 -0.000719281 -0.0090657 0.00853023 0.00559011 -0.00461095 -0.000656012 0.00826478 0.00236423 -0.00782941 0.00103941 0.00996081 0.00760855 -0.00166461 -0.00894967 -0.0047114 0.00461753
internal_weight=0 1324.15 2308.2 1576.44 925.974 1256.74 731.759 380.304 488.697 275.954 398.175 327.399 1161.61 448.386 713.227 243.062 104.35 319.695 360.91 183.744 545.67 127.173 327.034 121.352 418.498 257.537 107.762 70.7761 168.171 216.945
internal_count=28056 13487 14569 10239 10614 8071 4330 2222 2886 1620 2873 2377 7463 2750 4713 1444 602 2168 2230 1141 8392 1500 1990 760 6892 1754 1256 496 892 1823
cat_boundaries=0 1 2
cat_threshold=9 2
is_linear=0
shrinkage=0.03


Tree=124
num_leaves=31
num_cat=3
split_feature=55 21 0 37 49 25 70 6 25 92 92 33 30 33 63 3 68 16 48 6 6 21 57 61 9 1 25 57 92 63
split_gain=23.8324 17.5948 10.5921 9.67333 9.45379 11.0211 8.05892 7.43187 10.7256 7.04041 7.07972 9.26662 6.9936 7.46395 8.57498 6.76828 6.40663 6.38435 6.77207 6.99238 6.00425 5.79041 7.95458 6.01189 5.51068 5.43147 5.26092 5.07027 10.1014 4.9455
threshold=1.0000000180025095e-35 0.43650793650793657 0 1.0000000180025095e-35 1.0000000180025095e-35 13.032986111111112 1.0000000180025095e-35 6.5362857114051964 6.0795138888888891 0.71198333333333352 0.65988333333333349 0.21965000000000004 0.063250000000000015 0.13555000000000003 0.67675000000000007 1 1.0000000180025095e-35 353.50000000000006 0.25435000000000008 6.8963504901002421 8.0552735976681245 0.73030303030303034 0.66315000000000013 4.5000000000000009 26.500000000000004 2 7.0392361111111121 0.86115000000000008 0.5928500000000001 0.85265000000000013
decision_type=10 2 1 8 8 8 10 2 10 2 2 2 2 2 2 1 2 2 2 2 2 2 2 10 2 1 10 2 2 2
left_child=1 6 17 24 15 7 9 25 -9 10 12 -12 13 -1 -15 20 -14 -3 -19 -20 -4 -7 -23 -24 -2 26 -6 29 -29 -17
right_child=3 2 4 -5 5 21 -8 8 -10 -11 11 -13 16 14 -16 27 -18 18 19 -21 -22 22 23 -25 -26 -27 -28 28 -30 -31
leaf_value=-0.0073267863176466408 -0.0094887397094192919 0.0014263657302807349 -0.0026042871181628973 0.0099368747315057224 0.0011304480995316202 -0.0027706810582562844 -0.012637296579135933 0.0012104673962204284 0.012872628669468526 -0.0075269794838796825 -0.0055329210712919885 0.011310959708545364 0.002874245319915719 -0.0015114432486435061 0.017336098220811776 -0.0061050847210118685 -0.0056139032933302958 0.0025906302952298844 0.0009236377439013955 0.017912037329317461 0.0073327704632449777 -0.0084635931433325456 0.01269314194645335 -0.00032105544555012571 0.0033649928228493544 0.0061566933270125451 -0.014982408296347109 0.0075797835133507687 -0.010242662725562649 -0.0177826313964266
leaf_weight=29.039514131844044 29.17389552667737 304.07014575600624 239.6879471540451 264.00077521428466 34.086171329021454 506.2258553057909 81.248277742415667 134.06614715978503 146.48230712860823 248.94785564020276 39.836204789578915 66.87783894315362 89.389747306704521 37.928282134234905 36.616090323776007 119.17114318534732 474.94352189078927 110.02428890019655 31.1857122592628 72.438974250108004 60.117002755403519 28.790216412395239 64.892034113407135 54.869349360466003 118.59840941056609 37.518594086170197 26.261823642998934 47.20225965231657 47.53771910071373 47.849651329219341
leaf_count=199 268 2077 1451 4659 259 3404 622 1088 1198 1660 263 458 613 273 248 675 3242 661 282 587 353 208 468 424 1122 315 219 271 253 264
internal_value=0 -0.00098288 0.000623536 0.00660007 -0.000592094 0.00111103 -0.00403246 0.0051178 0.00753308 -0.00323378 -0.0017757 0.00508784 -0.00293117 0.00395889 0.00870194 -0.00369019 -0.00424276 0.00430837 0.00816292 0.0133306 -0.000425594 -0.00124675 0.00379362 0.00716537 0.000386771 -0.00186244 -0.00701445 -0.00700267 -0.0014871 -0.0102661
internal_weight=0 3217.3 2112.48 411.773 1594.76 1033.19 1104.83 378.415 280.548 1023.58 774.631 106.714 667.917 103.584 74.5444 561.566 564.333 517.719 213.649 103.625 299.805 654.777 148.552 119.761 147.772 97.8666 60.348 261.761 94.74 167.021
internal_count=28084 22035 14457 6049 10850 7583 7578 3079 2286 6956 5296 721 4575 720 521 3267 3855 3607 1530 869 1804 4504 1100 892 1390 793 478 1463 524 939
cat_boundaries=0 1 2 3
cat_threshold=4 3 1
is_linear=0
shrinkage=0.03


Tree=125
num_leaves=31
num_cat=0
split_feature=54 21 83 79 70 16 12 74 6 24 74 42 63 60 54 57 10 69 69 6 63 64 27 42 72 42 16 60 79 21
split_gain=30.1489 20.8311 9.29173 8.66277 8.19294 8.03551 6.84202 14.0274 8.2246 6.40236 6.77432 6.6404 7.96421 6.47097 5.81321 5.71317 6.72016 5.52091 6.70739 7.30365 5.36286 5.76594 5.59623 7.33362 6.27561 6.19102 6.12342 5.82163 5.65997 8.33067
threshold=0.60255000000000014 0.59166666666666679 0.63017000000000012 5.5000000000000009 1.0000000180025095e-35 678.50000000000011 1.0000000180025095e-35 13.500000000000002 6.5851504438457722 1.0000000180025095e-35 14.500000000000002 0.6986500000000001 0.96335000000000015 0.63455000000000006 0.44695000000000007 0.71085000000000009 31.051736111111115 0.60255000000000014 0.86995000000000011 7.0375371508929074 0.080350000000000019 3.5000000000000004 0.15545000000000003 0.0089500000000000014 0.79675000000000007 0.29385000000000006 67.500000000000014 0.85975000000000013 2.5000000000000004 0.35416666666666669
decision_type=2 2 2 2 10 2 2 2 2 8 2 2 2 2 2 2 2 2 2 2 2 8 2 2 2 2 2 2 2 2
left_child=1 4 9 -2 5 6 14 17 -9 -3 11 12 13 -11 20 -5 -17 -8 19 -19 21 -1 24 -24 25 28 -25 -26 -22 -30
right_child=3 2 -4 15 -6 -7 7 8 -10 10 -12 -13 -14 -15 -16 16 -18 18 -20 -21 22 -23 23 26 27 -27 -28 -29 29 -31
leaf_value=0.0091266739741188898 0.0097317319155905465 0.0071658687667716147 0.0084729934756552945 -0.010210171922056414 -0.0095588937064462788 0.0059677661725361332 0.013728812341906392 0.0046871381695466289 -0.0075424400649171646 0.0068461355745217719 -0.006167611510588031 0.0084679811755296128 0.010701393014887024 -0.0018485053736355245 -0.014020441034327554 0.01095137311022487 -0.0089803569519360561 -0.0070015886052835746 0.009865260120947893 0.0054446454721115501 0.0072414124752769211 -0.0047477729158001249 -0.0020996946109961062 0.0021005605966274341 -0.0087080555970203751 0.0095702353714832485 -0.0093974101691644621 0.004560530261041423 -0.010978328570019668 0.0034315721884948152
leaf_weight=52.746367290616035 336.42135161906481 128.74666568264365 175.00736424699426 27.928964573889971 135.8291577026248 94.827635318040848 43.88190957531333 57.801661752164364 194.07333992049098 78.770783636718988 118.00111539289355 90.723755862563848 49.9363116286695 576.76045431941748 39.147097386419773 35.268644250929356 14.044499967247246 75.632296830415726 69.136986542493105 74.299001760780811 45.352097451686859 38.917734708636999 340.73188389092684 43.327517852187157 112.17482189461589 60.899515103548765 357.6495874710381 32.359481398016214 64.523512288928032 62.984344772994518
leaf_count=348 4998 828 2384 369 983 622 307 510 1542 422 729 893 273 3114 225 498 203 505 458 493 303 244 2239 268 726 395 2223 186 460 374
internal_value=0 -0.000808634 0.00227191 0.00770386 -0.00269004 -0.00214013 -0.00260674 0.000301896 -0.00466412 0.00116077 0.000246675 0.00126203 0.000229932 -0.00071656 -0.00379682 -0.00123147 0.00471777 0.00505535 0.00279446 -0.000879027 -0.00335445 0.00334843 -0.0039278 -0.00542679 -0.000924721 0.00209904 -0.00813412 -0.0056345 -0.00091253 -0.00412844
internal_weight=0 3214.24 1217.95 413.663 1996.3 1860.47 1765.64 514.825 251.875 1042.94 914.192 796.191 705.468 655.531 1250.81 77.2421 49.3131 262.95 219.068 149.931 1211.67 91.6641 1120 741.709 378.294 233.759 400.977 144.534 172.86 127.508
internal_count=28122 22054 8643 6068 13411 12428 11806 3815 2052 6259 5431 4702 3809 3536 7991 1070 701 1763 1456 998 7766 592 7174 4730 2444 1532 2491 912 1137 834
is_linear=0
shrinkage=0.03


Tree=126
num_leaves=31
num_cat=2
split_feature=76 69 40 21 30 63 77 69 9 9 5 49 51 69 86 71 51 9 30 9 54 4 4 86 74 80 86 25 89 9
split_gain=25.3253 13.86 10.4514 12.5043 10.432 8.08548 9.36105 8.04066 7.91699 7.67602 7.22149 7.17243 8.26177 8.26728 7.15398 7.02216 6.9239 12.9761 6.42181 6.96046 11.345 9.64604 6.16189 5.40333 12.3465 7.73567 7.36952 6.67286 5.29625 5.13034
threshold=10.500000000000002 1.0000000180025095e-35 1.0000000180025095e-35 0.57738095238095244 0.47355000000000008 0.26925000000000004 0.28650000000000003 0.63605000000000012 26.500000000000004 81.500000000000014 987.6600000000002 1.0000000180025095e-35 0.87755000000000016 0.68735000000000013 0.29027000000000008 1.0000000180025095e-35 0.033100000000000011 38.500000000000007 0.0073500000000000015 53.500000000000007 0.007150000000000001 0 1 0.097110000000000016 12.500000000000002 0.81666666666666676 0.17973000000000003 7.0725694444444454 0.59608333333333341 84.500000000000014
decision_type=2 2 8 2 2 2 2 2 2 2 2 8 2 2 2 2 2 2 2 2 2 1 1 2 2 2 2 10 2 2
left_child=1 14 5 7 22 6 -3 28 -8 -10 23 12 13 -2 29 -9 18 -18 -12 -20 21 -21 -5 -7 26 27 -25 -26 -4 -1
right_child=11 2 3 4 -6 10 8 15 9 -11 16 -13 -14 -15 -16 -17 17 -19 19 20 -22 -23 -24 24 25 -27 -28 -29 -30 -31
leaf_value=-0.00099993881302904743 -0.0099258029463331378 -0.008958761739143048 0.00014972570184396868 0.0070717959246258139 0.010350870454651726 -0.0097138245568880073 -0.0056141880365640781 0.0083423803278243561 0.011634705066293391 -0.00057557273127883761 -0.0099964142722807261 0.0084645104588520238 -0.014602084031895619 0.011122016208038417 0.011342948552275335 -0.0014872329107851444 0.0032477181502017179 -0.0081934563432380144 -0.0023704138246753784 0.00027703345789597996 -0.0046362125221585219 0.015804172499091496 -0.0022132425626885479 -0.0020421264426058539 -0.0056218327724128899 -0.010358512840167783 0.013062253420761389 0.0089472165680902563 -0.013484380202630297 0.0081810657860566863
leaf_weight=166.37751369550824 16.085907585918903 50.208506762981415 38.20817045122385 87.490552730858326 170.02823795005679 234.34065511077642 49.361897990107536 65.148868184536695 112.5903734639287 73.03879888355732 33.845861382782459 377.48045609146357 19.263319090008736 40.50321888178587 99.199740007519722 494.98329316079617 123.99393513053656 271.73083201795816 165.7468990162015 57.636328414082527 61.029742494225502 87.596252337098122 180.00701697543263 60.526973135769367 65.078896649181843 190.19950935989618 42.170009180903435 35.407176859676838 66.641676783561707 70.370228618383408
leaf_count=960 268 434 254 455 1132 1575 274 391 628 412 209 7942 327 682 705 2889 707 1535 1006 362 342 525 1003 362 353 1090 233 202 402 413
internal_value=0 -0.000700044 -0.00139158 0.000882687 0.00476475 -0.00285068 0.00171357 -0.00170427 0.00426644 0.00704654 -0.00376699 0.00681001 -0.00145053 0.0045469 0.00497126 -0.000217682 -0.00184358 -0.00461686 0.000906475 0.00213415 0.00569612 0.0100569 0.000969024 -0.0061557 -0.00384783 -0.00694939 0.00476883 -0.000143124 -0.00893556 0.00194996
internal_weight=0 3152.96 2817.01 1102.51 437.526 1714.5 285.2 664.982 234.991 185.629 1429.3 453.333 75.8524 56.5891 335.947 560.132 801.58 395.725 405.855 372.009 206.262 145.233 267.498 627.723 393.383 290.686 102.697 100.486 104.85 236.748
internal_count=28072 18853 16775 6526 2590 10249 1748 3936 1314 1040 8501 9219 1277 950 2078 3280 4686 2242 2444 2235 1229 887 1458 3815 2240 1645 595 555 656 1373
cat_boundaries=0 1 2
cat_threshold=4 2
is_linear=0
shrinkage=0.03


Tree=127
num_leaves=31
num_cat=2
split_feature=54 21 40 72 0 72 51 74 51 81 39 92 6 6 58 21 10 66 83 6 66 60 74 10 1 6 16 25 66 86
split_gain=24.7666 12.2936 10.2982 9.61738 9.92073 8.48177 7.96486 7.82729 8.26633 7.70451 7.65292 9.37499 7.62943 8.41471 6.84765 6.82982 6.82323 8.31099 7.78255 7.55253 6.64857 6.28958 6.20361 6.26369 6.09033 6.02034 5.90266 6.52773 6.39457 5.81572
threshold=0.60255000000000014 0.44949494949494956 1.0000000180025095e-35 0.021750000000000002 0 0.61115000000000008 0.66125000000000012 14.500000000000002 0.81935000000000013 0.16450000000000004 0.65555000000000008 0.51715000000000011 7.5497328412979261 7.6685867963681362 3.5000000000000004 0.73030303030303034 19.043402777777782 0.73045000000000015 0.22570000000000001 6.6690665245852072 0.31615000000000004 0.6029500000000001 14.500000000000002 28.074652777777782 1 6.6153420313468496 191.50000000000003 11.028819444444446 0.17685000000000003 0.12591000000000002
decision_type=2 2 8 2 1 2 2 2 2 2 2 2 2 2 8 2 2 2 2 2 2 2 2 2 1 2 2 10 2 2
left_child=1 7 15 9 5 -5 -6 8 10 -3 12 -12 29 -14 -15 25 -7 18 -18 -20 21 -4 -8 -24 -11 -2 -21 28 -28 -1
right_child=2 3 20 4 6 16 22 -9 -10 24 11 -13 13 14 -16 -17 17 -19 19 26 -22 -23 23 -25 -26 -27 27 -29 -30 -31
leaf_value=-0.0087125132657826752 0.0071603739898927843 -0.0056721105661785114 -0.0094639460144288652 -0.010418351007541266 0.00055373155286514506 0.0021288342476290093 0.011101742161316231 -0.010100897417498421 0.0086153057461830253 0.00026994872267761051 0.012383413517878361 -0.0024199920015880953 0.0129882765415942 0.0018844978191521636 -0.011324872037807642 0.011145993042059403 -0.010186615102670686 -0.012251766089485328 -0.0062463094777181231 -0.004086393356855701 0.014563340010363131 0.0074672356663959012 -0.0092691747338951077 0.0098553395652278431 0.011892392114491225 -0.0060709001680373346 0.001236239428323883 -0.002795152976426503 0.01847442218465328 -0.0026154407610537028
leaf_weight=305.50694999843836 34.427132949233055 33.821834333240986 16.115022130310535 103.46219042316079 979.57226372137666 266.49592278897762 113.37475241720676 126.64727148786187 48.633547633886337 57.26266011968255 50.230437453836203 99.758176859468222 31.8449567258358 111.09941651672125 40.346979465335608 35.101256128400564 61.721610523760319 76.709028836339712 73.502637475728989 41.349214725196362 148.91743732243776 80.384718395769596 27.70497115701437 16.257298324257135 133.32184766978025 95.139087274670601 31.570052362978458 30.674291536211967 47.251991100609303 276.10477532073855
leaf_count=2432 306 186 209 684 5850 1781 1420 859 394 390 298 618 219 711 237 420 389 584 509 289 2829 1427 442 258 922 890 198 226 314 1769
internal_value=0 -0.00078641 0.00696209 0.000560116 -0.000157221 -0.00285758 0.0015929 -0.00335446 -0.00237305 0.00628837 -0.003044 0.00300174 -0.00425294 0.00104264 -0.00211811 0.00104498 -0.00147096 -0.00410152 -0.00157605 0.00112645 0.0107359 0.00401666 0.00764299 -0.00168116 0.00858789 -0.00229407 0.00488397 0.00832994 0.0124866 -0.00591122
internal_weight=0 3184.23 410.085 2094.05 1869.65 732.737 1136.91 1090.17 963.525 224.406 914.892 149.989 764.903 183.291 151.446 164.667 629.275 362.779 286.07 224.348 245.417 96.4997 157.337 43.9623 190.585 129.566 150.846 109.496 78.822 581.612
internal_count=28060 21979 6081 14442 12944 4974 7970 7537 6678 1498 6284 916 5368 1167 948 1616 4290 2509 1925 1536 4465 1636 2120 700 1312 1196 1027 738 512 4201
cat_boundaries=0 1 2
cat_threshold=1 2
is_linear=0
shrinkage=0.03


Tree=128
num_leaves=31
num_cat=0
split_feature=40 45 79 48 42 66 52 60 39 60 79 51 51 69 60 39 57 66 57 57 27 9 52 48 72 42 48 42 45 42
split_gain=24.8795 18.1512 12.5361 10.3764 9.63738 9.33998 7.06136 8.86398 6.53451 7.1342 7.53622 6.37335 9.29043 8.41605 7.04539 6.34373 6.03081 7.4698 7.49089 7.15853 6.5043 6.19161 6.28481 6.18759 6.31935 5.96366 13.5768 5.88219 8.9459 5.79292
threshold=1.0000000180025095e-35 0.6119500000000001 2.5000000000000004 0.38650000000000007 0.91275000000000006 0.22595000000000001 8.0774305555555568 0.64235000000000009 0.38385000000000008 0.96795000000000009 3.5000000000000004 0.70045000000000013 0.20575000000000002 0.66995000000000016 0.71525000000000005 0.32805000000000006 0.72155000000000014 0.63440000000000007 0.94485000000000008 0.91505000000000014 0.25170000000000009 24.500000000000004 12.045486111111112 0.0052500000000000003 0.80385000000000006 0.68705000000000016 0.0052500000000000003 0.33125000000000004 0.33020000000000005 0.76335000000000008
decision_type=8 2 2 2 2 2 8 2 2 2 2 2 2 2 2 2 2 2 2 2 2 2 10 2 2 2 2 2 2 2
left_child=3 2 -2 8 6 15 7 -4 9 25 -11 12 13 -7 -14 -5 20 18 19 -18 -8 -22 -23 -19 -25 27 -27 -1 -29 -13
right_child=1 -3 4 5 -6 11 16 -9 -10 10 -12 29 14 -15 -16 -17 17 23 -20 -21 21 22 -24 24 -26 26 -28 28 -30 -31
leaf_value=-0.0026300579153238192 0.0072938393371941492 0.007754510878554389 0.011254007546863693 0.010299299319408995 0.013221965589370421 0.0094980414037722314 -0.013186980598802718 -0.00075721040168084226 -0.0071249394600191567 0.014606971449401589 -0.0033734250087924106 0.013655768107109851 -0.018692206385510359 -0.0037460909840588961 -0.0027069095022895181 -0.001184078369407656 0.0019661614478984728 0.0030432555308753679 -0.0066000243903186224 0.015834760849776874 -0.012679310673973702 0.0054420834238452171 -0.0072424912717837216 -0.0028263514769450151 -0.017420593416015522 0.012326526819198533 -0.0076028821306621287 -0.0036290336600432304 -0.017444631699692317 -0.0037448305120138746
leaf_weight=776.24601713940501 198.27827431261539 434.55808261409402 67.798071414232254 120.20204204320908 32.192905474454165 53.645480528473854 81.081174876540899 187.31075483188033 361.99991358444095 34.036459878087044 34.250383179634809 31.562884073704481 41.329149439930916 124.45605708658695 55.861735053360462 62.023584540933371 190.83304151520133 42.900266773998737 61.457099307328463 31.689123898744583 33.344011399894953 78.381489116698503 48.40186296030879 63.437183186411858 42.990577213466167 57.483860041946173 47.470463786274195 132.37224482744932 57.444348629564047 23.477796856313944
leaf_count=4901 1258 6788 461 832 479 320 486 1395 2270 190 217 380 263 755 385 400 1244 277 395 211 230 554 374 480 329 422 306 800 346 342
internal_value=0 0.00259964 0.000618918 -0.00240219 -0.000818008 0.00126493 -0.00143975 0.002739 -0.00365426 -0.0024991 0.00630967 -0.00174743 -0.00363457 0.000536002 -0.0106141 0.00653247 -0.00303713 -0.000871424 0.00198446 0.00453723 -0.00673804 -0.00288941 0.000424061 -0.00608617 -0.00971149 -0.00311391 0.00343528 -0.00385333 -0.00847385 0.00679889
internal_weight=0 1594.65 1160.1 2013.86 961.818 512.559 929.625 255.109 1501.3 1139.3 68.2868 330.333 275.292 178.102 97.1909 182.226 674.516 433.307 283.979 222.522 241.209 160.127 126.783 149.328 106.428 1071.02 104.954 966.063 189.817 55.0407
internal_count=28090 14961 8173 13129 6915 3677 6436 1856 9452 7182 407 2445 1723 1075 648 1232 4580 2936 1850 1455 1644 1158 928 1086 809 6775 728 6047 1146 722
is_linear=0
shrinkage=0.03


Tree=129
num_leaves=31
num_cat=2
split_feature=40 12 37 33 77 16 66 43 45 21 39 75 66 81 57 5 0 39 61 4 25 60 60 57 60 60 25 72 72 5
split_gain=24.6419 16.7737 11.0565 7.32708 8.59401 8.26857 9.49961 7.64432 7.15898 9.20608 7.09596 7.13506 7.74526 8.193 7.0928 7.03407 6.9592 7.52592 6.84966 6.76607 6.75409 7.23398 7.71241 6.79319 7.78492 6.70503 8.23504 6.53938 6.10356 6.04915
threshold=1.0000000180025095e-35 1.0000000180025095e-35 1.0000000180025095e-35 0.40455000000000008 0.50882812500000008 445.50000000000006 0.66000000000000014 1.0000000180025095e-35 0.60155000000000014 0.43650793650793657 0.23385000000000003 0.84375000000000011 0.45845000000000008 0.33257166666666677 0.61615000000000009 560.60500000000013 0 0.87325000000000008 3.5000000000000004 1 12.039236111111114 0.67235000000000011 0.47495000000000004 0.67735000000000012 0.90845000000000009 0.66215000000000013 1.0649305555555559 0.84805000000000008 0.76255000000000006 409.68500000000006
decision_type=8 2 10 2 2 2 2 10 2 2 2 2 2 2 2 2 1 2 8 1 8 2 2 2 2 2 10 2 2 2
left_child=2 16 3 4 7 10 18 -1 20 -10 11 12 13 -5 -12 29 -2 25 -7 -4 23 22 -22 -3 -25 26 -18 -16 -19 -11
right_child=1 8 19 5 -6 6 -8 -9 9 15 14 -13 -14 -15 27 -17 17 28 -20 -21 21 -23 -24 24 -26 -27 -28 -29 -30 -31
leaf_value=-0.0050548936972877488 -0.003686491827448961 0.015399230287648117 0.0070778979396288553 -0.0089192339257505009 -0.016562223340441329 0.01668346572986348 -0.0061781902828101903 0.0046428540469245173 0.00030115343206125821 0.010150109301756954 0.005215954446781748 -0.0060760081965346921 0.014736719583476955 0.0082045652837233543 -0.012130843112379325 0.015311424851211073 0.00048679747113857273 0.0021251382738106004 0.00031445269983446469 -0.00063778479856009995 0.0019097720202044951 0.0036971744806351824 -0.014485361251049836 0.0068265310151808065 -0.0085040268556752056 0.001017020609885475 0.015873915645057777 0.00018002022881291377 -0.012003812650082666 -0.008919446577918334
leaf_weight=892.64643745869398 322.434267077595 58.093545250594616 136.31183292716742 39.043912567198277 46.070342998951674 53.042822394520044 35.374185092747211 71.906772650778294 72.067992154508829 20.955867230892181 33.257102493196726 63.185898531228304 41.302616436034441 41.612302623689175 126.6430556550622 165.98591210693121 54.880869951099157 48.855246927589178 36.844228617846966 335.23460598289967 48.691401440650225 186.38640744239092 40.485939998179674 129.68070053309202 28.794084310531616 261.0028512775898 64.935673877596855 53.846674110740423 46.288656905293465 19.095888964831829
leaf_count=5846 2070 489 752 247 312 313 229 336 1124 460 220 390 243 249 776 3412 354 332 207 2612 295 1611 350 1197 265 1723 433 333 317 409
internal_value=0 0.00270719 -0.00229759 -0.00352677 -0.00500787 -0.000630766 0.00581225 -0.00429171 0.00583549 0.0096284 -0.00274669 0.00152388 0.00562338 -0.000154183 -0.00634858 0.0127259 -0.000345619 0.00194689 0.0106771 0.00169328 0.00354304 0.000374189 -0.00624356 0.00738063 0.00370161 0.0038297 0.0094064 -0.00864142 -0.00523666 0.00109259
internal_weight=0 1568.64 2006.32 1534.78 1010.62 524.153 125.261 964.553 770.238 278.106 398.892 185.145 121.959 80.6562 213.747 206.038 798.398 475.963 89.8871 471.546 492.132 275.564 89.1773 216.568 158.475 380.819 119.817 180.49 95.1439 40.0518
internal_count=27906 14841 13065 9701 6494 3207 749 6182 9612 5405 2458 1129 739 496 1329 4281 5229 3159 520 3364 4207 2256 645 1951 1462 2510 787 1109 649 869
cat_boundaries=0 1 2
cat_threshold=1 4
is_linear=0
shrinkage=0.03


Tree=130
num_leaves=31
num_cat=1
split_feature=54 21 46 7 39 72 72 81 46 25 72 39 79 57 89 9 57 27 9 83 89 3 43 33 7 33 66 51 30 76
split_gain=26.4716 12.9053 10.5986 10.4305 12.0573 9.41026 8.66308 8.13366 9.26829 9.24918 8.93162 8.33552 7.97118 7.53503 7.32841 7.23909 6.99052 7.20394 6.67475 8.92697 6.66425 6.62053 6.39446 8.48641 8.70903 6.33798 5.99798 7.36372 6.53899 5.73548
threshold=0.60255000000000014 0.59166666666666679 1.0000000180025095e-35 2250.5450000000005 0.79665000000000008 0.081050000000000025 0.64765000000000017 0.62974666666666679 1.0000000180025095e-35 12.051736111111113 0.8519500000000001 0.47275000000000006 5.5000000000000009 0.80105000000000015 0.70705000000000007 23.500000000000004 0.17455000000000001 0.045350000000000008 31.500000000000004 0.47734000000000004 0.78243333333333343 0 1.0000000180025095e-35 0.17055000000000003 1332.0550000000001 0.79265000000000008 0.13535000000000003 0.8720500000000001 0.03425000000000001 3.5000000000000004
decision_type=2 2 8 2 2 2 2 2 8 8 2 2 2 2 2 2 2 2 2 2 2 1 8 2 2 2 2 2 2 2
left_child=1 2 16 4 29 20 -6 8 9 11 21 -7 26 -8 -14 -11 -1 -18 -5 -20 -3 25 -10 24 -24 -9 27 -2 -28 -4
right_child=12 5 3 18 6 7 13 10 22 15 -12 -13 14 -15 -16 -17 17 -19 19 -21 -22 -23 23 -25 -26 -27 28 -29 -30 -31
leaf_value=0.0049683435352472771 0.0066787852456063014 0.0023364270225800406 -0.0091460801715832086 -0.0030732387262905527 0.018027006456329209 -0.0044612299472847105 -0.0066621870027311902 0.015725145085024289 -0.0027116769039723389 0.0019992407623070671 -0.0023980566504429516 0.011276849297905775 -0.010950700029469945 0.010202414981320141 0.0059000073106733946 -0.012126429685847923 0.0028031446745177733 -0.0072413287189785295 0.01125980281648184 -0.0024264348608783698 0.015041763488777905 -0.0004021152126548863 -0.010029297323386067 0.0077649206900968189 0.0077664069835311801 0.0014169722685243409 -0.0016184154009391734 -0.011540234260585792 0.013234881028141623 -0.0022630410414845935
leaf_weight=47.69057185575366 63.08588520810008 84.31987202167511 118.88933029770851 70.761392381042242 31.360126662999392 70.841958481818438 44.06290439888835 98.578624580055475 186.18341390416026 38.163335550576448 106.80457615852356 38.671078573912382 30.47538610547781 32.734283227473497 44.85384701192379 144.23547902330756 66.912414468824863 575.02536058798432 134.92635619267821 56.537954527884722 63.34740075096488 68.651638574898243 53.131197784096003 188.60998520255089 31.54863978177309 40.338432915508747 27.962567050009966 17.649046905338764 214.14688232168555 797.84050312265754
leaf_count=319 856 567 1155 487 249 356 369 908 978 204 964 230 364 310 707 781 415 3467 799 537 433 414 337 1724 227 523 403 279 3404 5278
internal_value=0 -0.00087402 -0.00236444 -0.000742727 -0.00211191 0.00155345 0.00695188 0.000536258 -0.00116381 -0.00525264 0.00451021 0.00157474 0.00723852 0.000873481 -0.00140158 -0.00922062 -0.00533732 -0.00616741 0.00448963 0.00729852 0.00839518 0.0080117 0.00149045 0.00434789 -0.00327924 0.0111929 0.00923605 0.0018631 0.0115232 -0.00324475
internal_weight=0 3190.17 1976.74 1287.11 1024.89 1213.43 108.157 1065.76 751.385 291.912 314.373 109.513 398.174 76.7972 75.3292 182.399 689.628 641.938 262.226 191.464 147.667 207.569 459.473 273.29 84.6798 138.917 322.844 80.7349 242.109 916.73
internal_count=28044 22031 13385 9184 7361 8646 928 7646 4837 1571 2809 586 6013 679 1071 985 4201 3882 1823 1336 1000 1845 3266 2288 564 1431 4942 1135 3807 6433
cat_boundaries=0 1
cat_threshold=3
is_linear=0
shrinkage=0.03


Tree=131
num_leaves=31
num_cat=1
split_feature=13 21 92 4 52 71 89 46 45 52 33 92 79 89 61 81 83 33 89 16 77 52 57 77 30 57 45 30 86 63
split_gain=20.4208 8.79784 8.86998 8.07508 9.76226 7.81947 7.8025 9.84382 7.79919 9.27001 7.81592 7.61187 7.9796 8.63512 6.80633 6.41096 6.99948 6.28946 5.98761 5.80708 7.59162 5.79046 6.57925 6.44703 5.70344 5.78904 7.60313 6.72178 5.61078 11.2927
threshold=1.0000000180025095e-35 0.41428571428571431 0.79768333333333341 0 16.032291666666669 1.0000000180025095e-35 0.63893333333333346 1.0000000180025095e-35 0.6150500000000001 11.047569444444447 0.75145000000000006 0.68906666666666672 4.5000000000000009 0.62480000000000013 1.0000000180025095e-35 0.62685833333333341 0.47734000000000004 0.22825000000000004 0.78351666666666675 362.50000000000006 0.51958750000000009 6.0670138888888898 0.7601500000000001 0.51081562500000011 0.063250000000000015 0.68415000000000015 0.045150000000000003 0.33405000000000007 0.13591000000000003 0.68715000000000015
decision_type=2 2 2 1 10 2 2 8 2 10 2 2 2 2 8 2 2 2 2 2 2 10 2 2 2 2 2 2 2 2
left_child=1 5 6 4 21 -1 24 18 11 14 17 12 19 -14 -10 16 -15 -11 -8 20 -5 22 -2 -23 -3 26 -26 -27 -7 -30
right_child=3 2 -4 8 -6 28 7 -9 9 10 -12 -13 13 15 -16 -17 -18 -19 -20 -21 -22 23 -24 -25 25 27 -28 -29 29 -31
leaf_value=0.0042831044199525842 -0.0089423100714432179 -0.0051681166205447028 0.0059399389523863083 -0.00015123955795398042 -0.014737732932631965 -0.0079451114358608417 -0.010500643398084663 -0.00037692691242625855 -0.001125718974666255 -0.0046223533878247125 -0.0069615548975865355 -0.0022334652712276372 0.0087367182445557134 -0.00012320744425971448 0.013230261821365415 0.0037890287140088237 -0.01745609760643483 0.0135068011230173 -0.002580219417173089 0.012898001671577267 0.012447885891866734 0.011780447428827662 0.0027474224417200887 -0.0037420800849224983 -0.0082046197143880017 0.013877699783997928 0.0078180682133150627 -5.5173071639169039e-05 0.0026795575067743928 -0.0075073636956524588
leaf_weight=77.955024726688862 71.004368741065264 50.294873405247927 162.47802796587348 134.37503079324961 33.482705589383841 358.87398168444633 164.31355101615191 703.70501239225268 33.122249409556389 20.240789365023375 54.052182197570801 228.12020753324032 48.454804603010416 37.198561254888773 191.19978972896934 40.871064223349094 38.486207779496908 39.315677523612976 186.6609650850296 99.617894724011421 53.164174098521471 56.762941159307957 85.657260671257973 31.601526591926813 46.263878345489502 81.375600196421146 40.705295141786337 47.172627057880163 181.68174410611391 192.98875584453344
leaf_count=544 434 297 1038 711 224 2805 911 4596 359 264 1085 2026 311 187 3504 467 255 735 1024 817 662 277 554 328 264 485 258 284 1135 1224
internal_value=0 -0.00184795 -0.000464997 0.00284675 -0.00163451 -0.00433879 -0.0012918 -0.00244848 0.00407646 0.00774233 0.000650526 0.00216968 0.00439134 -0.000849892 0.011153 -0.00521069 -0.0099457 0.00756671 -0.00647645 0.00733039 0.00386974 0.00066372 -0.00276942 0.0064131 0.00321999 0.00531987 -0.000672443 0.00912988 -0.00530033 -0.00262637
internal_weight=0 2294.47 1482.97 1296.73 278.509 811.5 1320.49 1054.68 1018.22 337.931 113.609 680.288 452.168 165.011 224.322 116.556 75.6848 59.5565 350.975 287.157 187.539 245.026 156.662 88.3645 265.812 215.517 86.9692 128.548 733.544 374.67
internal_count=28065 14865 9157 13200 1817 5708 8119 6531 11383 5947 2084 5436 3410 1220 3863 909 442 999 1935 2190 1373 1593 988 605 1588 1291 522 769 5164 2359
cat_boundaries=0 1
cat_threshold=2
is_linear=0
shrinkage=0.03


Tree=132
num_leaves=31
num_cat=1
split_feature=54 0 40 30 12 92 70 72 61 92 54 89 30 48 7 25 7 86 25 25 54 86 16 72 30 36 82 30 16 45
split_gain=25.1405 13.9559 9.933 10.5968 9.65848 9.58864 9.21168 10.3485 8.60194 6.99821 6.91952 7.25591 6.9168 9.66143 8.18416 7.95288 7.00385 6.90246 6.89454 7.93619 6.54233 6.86654 9.42023 6.53526 6.34533 6.03604 6.76668 8.9849 7.13046 5.90453
threshold=0.60255000000000014 0 1.0000000180025095e-35 0.13545000000000004 1.0000000180025095e-35 0.30836666666666673 1.0000000180025095e-35 1.0000000180025095e-35 2.5000000000000004 0.50818333333333354 0.014600000000000002 0.5552666666666668 0.24175000000000002 0.15845000000000004 2666.2900000000004 2.052430555555556 1275.7150000000004 0.30293000000000009 2.0725694444444449 7.0177083333333341 0.011150000000000002 0.11487000000000001 312.50000000000006 0.81245000000000012 0.014950000000000001 0.72865000000000013 4.5000000000000009 0.28895000000000004 75.500000000000014 0.026850000000000002
decision_type=2 1 8 2 2 2 10 2 10 2 2 2 2 2 2 10 2 2 10 10 2 2 2 2 2 2 2 2 2 2
left_child=1 4 3 24 9 -6 7 -4 25 -1 11 -7 15 14 -14 16 -9 29 20 -20 21 22 -11 -10 -3 26 27 -5 -28 -15
right_child=-2 2 6 8 5 10 -8 12 23 18 -12 -13 13 17 -16 -17 -18 -19 19 -21 -22 -23 -24 -25 -26 -27 28 -29 -30 -31
leaf_value=-0.0088308818036994235 0.0067778353078273247 -0.0025188306882023971 0.013030295786968965 -0.011705679319458319 0.015634986980048032 0.012310217067424483 -0.0091541171104498591 -0.014433369876817049 0.0046593439223448878 -0.0069909336176016404 -0.0057145154010274438 -0.00054626822057606223 0.012731026839753135 0.002708821377908982 -0.0014313441810767341 0.0030544615438778972 0.00046414124353663416 0.0049709966564440286 -0.014991271726006774 -0.0034770914230390386 -0.0072947007587728114 0.0075785707929390284 0.0064790188603218724 -0.0044948548696374154 0.0069668648812235313 0.0016658469183715697 0.0027508351539681192 0.0046841584461574269 -0.010906981259555467 -0.0091831480961455242
leaf_weight=302.42083683982491 394.91792071610689 91.737740900367498 84.198731709271669 34.794023640453815 24.701282974332571 42.742334555834532 44.484892670065165 52.067212991416454 166.10283925384283 110.31558641046286 143.12939084693789 154.36667467281222 146.16136401891708 61.908021826297045 45.553158923983574 130.28020358085632 51.251080732792616 161.13171701878309 67.909047238528728 205.34882955625653 85.860727805644274 102.08205215632915 66.869644939899445 107.04627564921975 169.29186669737101 83.805413354188204 35.234276972711086 81.959391590207815 266.28939677402377 73.319847323000431
leaf_count=2078 5993 550 638 226 175 298 323 317 989 785 1077 1447 1047 381 317 857 310 2189 408 1261 513 585 412 638 1005 494 224 502 1662 414
internal_value=0 -0.00115605 0.000495382 -0.00147106 -0.00352777 0.000605364 0.00288098 0.00364939 -0.00322448 -0.00512052 -0.00090104 0.00270139 0.00239177 0.00439477 0.00946178 -0.00180186 -0.00765463 0.000915077 -0.00325373 -0.00676678 -0.00051431 0.00175043 -0.00183283 0.0010398 0.00366322 -0.00551938 -0.00696428 -0.000738379 -0.00927394 -0.00392729
internal_weight=0 3192.36 1886.62 1036.26 1305.75 364.94 850.356 805.871 775.232 940.807 340.238 197.109 721.673 488.074 191.715 233.598 103.318 296.36 638.386 273.258 365.128 279.267 177.185 273.149 261.03 502.083 418.277 116.753 301.524 135.228
internal_count=28115 22122 13083 6290 9039 2997 6793 6470 4735 6042 2822 1745 5832 4348 1364 1484 627 2984 3964 1669 2295 1782 1197 1627 1555 3108 2614 728 1886 795
cat_boundaries=0 1
cat_threshold=1
is_linear=0
shrinkage=0.03


Tree=133
num_leaves=31
num_cat=1
split_feature=21 46 40 57 55 5 85 81 3 57 30 57 33 69 57 69 63 60 15 58 52 10 48 10 63 39 45 33 9 54
split_gain=17.8303 13.7306 11.2973 8.69549 7.80938 6.77585 6.40038 7.40903 7.64405 11.4477 8.25858 6.2664 6.18334 5.96663 5.8927 7.53996 8.59504 6.28423 5.88954 9.30667 7.19791 5.87783 5.48905 5.45363 5.41987 8.82296 8.6422 7.62058 6.22063 6.20356
threshold=0.73030303030303034 1.0000000180025095e-35 1.0000000180025095e-35 0.17455000000000001 1.0000000180025095e-35 3857.8900000000003 4.5000000000000009 0.31107333333333337 0 0.90455000000000008 0.12395000000000002 0.95085000000000008 0.0033500000000000001 0.73415000000000008 0.83155000000000012 0.68385000000000007 0.88375000000000015 0.79085000000000016 1.0000000180025095e-35 3.5000000000000004 9.0128472222222236 15.009375000000002 0.40060000000000001 6.0406250000000012 0.64765000000000017 0.67725000000000013 0.35255000000000009 0.29725000000000007 63.500000000000007 0.007150000000000001
decision_type=2 8 8 2 10 2 2 2 1 2 2 2 2 2 2 2 2 2 2 8 10 2 2 2 2 2 2 2 2 2
left_child=1 3 6 -1 5 -2 7 12 9 -9 -10 -12 -3 -7 15 18 21 -18 -4 -20 -21 -17 -8 -16 26 -26 27 -5 -28 -27
right_child=4 2 14 24 -6 13 22 8 10 -11 11 -13 -14 -15 23 16 17 -19 19 20 -22 -23 -24 -25 25 29 28 -29 -30 -31
leaf_value=0.0063829335410887601 0.0010336255847076291 0.0055880341866659019 -0.0096016920464103792 0.0070732396297378142 0.01199120790648797 0.00043823308168340928 -0.021047324971443553 -0.0093351154899085683 0.010529112518535865 0.0083197019024601627 -0.00068434081993520347 0.010451281791406473 -0.0051221624587542416 0.015906159166925823 -0.0035262304354254548 -0.00062104224092145014 -0.012203037644971149 0.0042582046385160601 0.0094999178941114204 0.0020772106515834811 -0.018777035595932377 0.0085857952922092761 -0.0015165959755491835 0.0075304682182951522 -0.0086893348975653519 -0.0065112573938866563 -0.0010268049163634331 -0.0031851163588588554 -0.015999928527765821 0.0050500873162011468
leaf_weight=57.181253273040056 413.7659970484674 46.071523174643517 80.90122939646244 102.61222096160054 90.574034728109837 37.375413551926613 18.278726182878017 116.31614882126451 88.855778008699417 36.110878653824329 340.97676924616098 42.315326064825058 443.10114493966103 48.4582893922925 40.931177984923124 89.717237044125795 39.793572660535574 29.084604650735855 46.904855217784643 28.796995047479868 17.402391124516726 185.84051018953323 27.015835586935282 265.93857988715172 446.34840846806765 66.953762970864773 48.273412849754095 145.42107375711203 45.212945390492678 81.381278689950705
leaf_count=374 3077 295 575 631 1618 275 130 724 563 224 2388 292 2856 335 442 920 444 367 540 384 282 1956 384 2949 2669 420 305 867 272 530
internal_value=0 -0.0013436 0.000102058 -0.00420365 0.00432313 0.00272493 -0.0018023 -0.00129534 0.000869702 -0.00461382 0.00273787 0.000779508 -0.00402171 0.00991935 0.00276604 0.000779945 0.00332448 -0.00559347 -0.00416379 0.00103434 -0.00772155 0.00567142 -0.0117793 0.00599095 -0.00491088 -0.00662321 -0.00182562 0.00116845 -0.00911462 -0.000249991
internal_weight=0 2977.74 1984.35 993.384 590.174 499.6 1159.04 1113.75 624.575 152.427 472.148 383.292 489.173 85.8337 825.311 518.441 344.436 68.8782 174.005 93.1042 46.1994 275.558 45.2946 306.87 936.203 594.683 341.52 248.033 93.4864 148.335
internal_count=28088 22783 16715 6068 5305 3687 7856 7342 4191 948 3243 2680 3151 610 8859 5468 3687 811 1781 1206 666 2876 514 3391 5694 3619 2075 1498 577 950
cat_boundaries=0 1
cat_threshold=8
is_linear=0
shrinkage=0.03


Tree=134
num_leaves=31
num_cat=0
split_feature=55 21 57 89 33 27 86 10 30 45 69 89 33 57 81 77 27 5 5 83 30 89 42 81 57 77 60 86 42 33
split_gain=21.2593 11.7143 8.19338 8.13711 8.24676 7.996 7.54322 6.88067 6.66907 9.58754 7.42352 6.42369 6.28806 7.09479 5.93448 5.92722 5.91343 5.68429 7.78857 6.32862 5.57558 5.49757 5.42927 7.48386 5.94331 6.34275 5.38765 5.30503 8.02561 5.65709
threshold=1.0000000180025095e-35 0.44949494949494956 0.60435000000000005 0.63893333333333346 0.18625000000000003 0.25605000000000006 0.13993000000000003 43.029513888888893 0.27685000000000004 0.31710000000000005 0.97105000000000008 0.45801666666666674 0.15525000000000003 0.66655000000000009 0.23719166666666666 0.48454062500000006 0.89645000000000008 1984.8150000000003 907.19000000000017 0.61425000000000007 0.94905000000000006 0.41863333333333341 0.61265000000000014 0.68851000000000007 0.6583500000000001 0.5492625000000001 0.98065000000000013 0.35082000000000008 0.47600000000000003 0.029950000000000001
decision_type=10 2 2 2 2 2 2 2 2 2 2 2 2 2 2 2 2 2 2 2 2 2 2 2 2 2 2 2 2 2
left_child=1 2 5 4 6 21 -3 8 16 10 26 -7 13 -2 -11 -16 -5 18 -17 -20 -4 -1 -14 24 25 -24 27 28 29 -10
right_child=12 3 20 7 -6 11 -8 -9 9 14 -12 -13 22 -15 15 17 -18 -19 19 -21 -22 -23 23 -25 -26 -27 -28 -29 -30 -31
leaf_value=-0.0098098362419951433 0.011203751099470983 0.0011918235568336879 -0.0052990861810704587 -0.0015085675718013269 0.0013422141908894926 0.0087065875947095871 0.016143891524582687 -0.0092683121249968643 0.0061028402374637544 -0.0051048117817752 0.010930292403505104 -0.0041951836385896914 0.014404051593256004 -0.0061175933406182621 0.013545207255190549 0.0064862254531375249 -0.012063108126034379 0.009588305946753686 -0.013938312737321244 0.0032082211268479851 0.0061984671511505626 0.0034826453647093122 0.0043280256477911004 0.011415993083747966 0.0044345471051082811 -0.017212958464403783 0.008774358947861596 -0.011044584109366467 0.0098728751084064658 -0.0037241721025080333
leaf_weight=64.455240108072758 20.658576011657715 51.43563312292099 796.54631955176592 606.02850234135985 296.19244022667408 118.04159117490053 70.666067980229855 66.226193189620972 51.119102574884892 34.773344069719315 36.115385171025991 40.76199521496892 88.235622931271791 59.865739181637764 79.006373889744282 71.12365660071373 42.376685041934252 87.195219352841377 35.811341673135757 28.197250600904226 31.72737043350935 38.298781424760818 15.784287407994269 94.938745461404324 96.002893827855587 18.829571191221476 32.550018232315779 46.67351546138525 42.266940869390965 411.0498339869082
leaf_count=503 203 304 5439 3576 2014 837 415 460 274 183 235 282 1090 661 405 1050 296 1008 347 518 224 290 121 2076 1528 360 194 552 310 2301
internal_value=0 -0.000835844 -0.00334201 0.000481437 0.00417111 0.0012508 0.0104123 -0.000461773 -4.30706e-05 0.00154431 -0.000678923 0.0053426 0.00646644 -0.000927034 0.00554506 0.00689853 -0.0023711 0.00405521 7.02721e-05 -0.006972 -0.00478998 -0.00498595 0.00833376 0.00544843 0.000607521 -0.0086217 -0.00156929 -0.0023257 -0.00131996 -0.002531
internal_weight=0 3178.64 1089.83 2088.81 418.294 261.558 122.102 1670.51 1604.29 955.882 619.775 158.804 394.315 80.5243 336.107 301.334 648.405 222.327 135.132 64.0086 828.274 102.754 313.791 225.555 130.617 34.6139 583.659 551.109 504.436 462.169
internal_count=28056 22017 7575 14442 2733 1912 719 11709 11249 7377 3866 1119 6039 864 3511 3328 3872 2923 1915 865 5663 793 5175 4085 2009 481 3631 3437 2885 2575
is_linear=0
shrinkage=0.03


Tree=135
num_leaves=31
num_cat=0
split_feature=28 43 46 77 16 46 25 48 27 55 25 6 6 79 21 36 16 25 58 9 86 25 86 9 30 27 89 81 25 21
split_gain=19.832 12.3682 9.28367 8.64317 8.15662 7.75765 6.68031 7.63038 9.84976 7.4269 8.14026 8.00627 8.6925 6.51394 6.29462 6.29228 8.74044 6.22011 5.60558 5.59199 5.8838 8.87335 6.29781 8.05155 6.81329 5.97727 5.09662 4.96878 4.92439 7.06344
threshold=1.0000000180025095e-35 1.0000000180025095e-35 1.0000000180025095e-35 0.26147187500000008 582.50000000000011 1.0000000180025095e-35 13.052430555555558 0.63205000000000011 0.079050000000000023 1.0000000180025095e-35 8.0642361111111125 7.6067503224418234 6.8209166143347266 5.5000000000000009 0.73030303030303034 0.30295000000000005 166.50000000000003 8.0052083333333357 7.5000000000000009 111.50000000000001 0.45033000000000006 7.0253472222222237 0.11487000000000001 59.500000000000007 0.47745000000000004 0.15545000000000003 0.57888333333333342 0.62685833333333341 16.032291666666669 0.59166666666666679
decision_type=8 8 8 2 2 8 10 2 2 8 10 2 2 2 2 2 2 10 8 2 2 8 2 2 2 2 2 2 8 2
left_child=3 4 26 -1 13 18 7 9 -9 10 11 12 -7 -2 15 16 -8 -15 28 20 22 -22 23 24 25 -11 -3 -28 29 -5
right_child=1 2 -4 5 -6 6 14 8 -10 19 -12 -13 -14 17 -16 -17 -18 -19 -20 -21 21 -23 -24 -25 -26 -27 27 -29 -30 -31
leaf_value=-0.0098051919809031031 0.0029578994770097732 0.0073041880712594416 0.0072171863717144626 -0.004990936923425786 -0.0078405774701449452 -0.0026150193852279304 0.0010842185691765554 -0.0075935509088337133 0.010706895706238334 0.0021033353127908514 0.0076871916404395698 0.0033753774995127208 -0.017222935320644051 -0.012296410229644819 0.0063402910070509732 -0.00045460421801681684 -0.01675723964258756 0.0027521334613062475 0.0032871469698863894 -0.0070116904661280781 -0.016469093281910849 0.0037125277252713189 0.0064042500927157337 0.0051107685780104285 0.007881549495436806 -0.0091557206546346269 -0.0081566496121991353 0.0038599251994302737 -0.0069887534014715343 0.0049717122753728631
leaf_weight=95.188051700592041 427.74682834744453 40.024633806198835 630.80498291924596 167.41766491532326 91.84576428681612 77.158285517245531 34.587297264486551 25.352776665240526 124.04638324305415 57.972170196473598 33.468193840235472 47.437541153281927 68.059689972549677 45.162955947220325 33.746304675936699 90.148261930793524 67.477042231708765 39.313596606254578 85.703955251723528 52.918701354414225 26.337226197123528 36.266720574349165 291.73593894392252 181.60642713308334 31.941657684743404 121.26355187594891 76.555398873984814 40.768948238343 333.05821891501546 90.723512340337038
leaf_count=904 2354 280 9535 1004 514 469 216 199 1027 380 200 270 406 251 247 637 421 222 449 321 224 283 1595 1151 174 797 551 423 2065 460
internal_value=0 0.00316202 0.00561315 -0.00141014 -7.54104e-05 -0.000980552 0.00029745 0.00121291 0.00731978 0.000261746 -0.00442275 -0.00680201 -0.0101299 0.00144042 -0.00431483 -0.00640656 -0.0111539 -0.0057431 -0.00359245 0.00162402 0.00232022 -0.00587674 0.00314371 0.000623107 -0.00329274 -0.00559537 -0.000864352 -0.00400581 -0.00462785 -0.00143474
internal_weight=0 1392.22 788.154 2173.62 604.069 2078.43 1401.52 1175.57 149.399 1026.17 226.124 192.656 145.218 512.223 225.959 192.213 102.064 84.4766 676.903 800.042 747.124 62.6039 684.52 392.784 211.177 179.236 157.349 117.324 591.199 258.141
internal_count=28029 14130 10789 13899 3341 12995 9017 7496 1226 6270 1345 1145 875 2827 1521 1274 637 473 3978 4925 4604 507 4097 2502 1351 1177 1254 974 3529 1464
is_linear=0
shrinkage=0.03


Tree=136
num_leaves=31
num_cat=0
split_feature=21 79 77 68 54 37 54 25 81 89 9 60 25 63 66 48 8 8 45 16 48 69 66 63 79 25 60 57 9 8
split_gain=18.6764 11.2816 10.3682 9.58817 8.47851 8.43648 7.61488 7.9497 7.45923 7.21667 7.07937 9.8819 10.6557 7.83082 10.7297 7.79375 7.65315 6.59988 6.53311 6.73307 6.49571 6.21172 6.15884 9.51878 8.63909 7.44216 6.61846 6.54908 5.93308 5.91012
threshold=0.62019230769230782 5.5000000000000009 0.26147187500000008 1.0000000180025095e-35 0.46175000000000005 1.0000000180025095e-35 0.60255000000000014 6.0364583333333348 0.084090000000000012 0.73560000000000014 27.500000000000004 0.84395000000000009 12.071875000000002 0.83795000000000008 0.26275000000000004 0.20605000000000004 7.6922456896463851 6.8633435153927476 0.11325 242.50000000000003 0.23205000000000003 0.71535000000000015 0.32295000000000007 0.39755000000000007 5.5000000000000009 1.0524305555555558 0.66835000000000011 0.68595000000000017 8.5000000000000018 7.098462409764756
decision_type=2 2 2 2 2 8 2 8 2 2 2 2 10 2 2 2 2 2 2 2 2 2 2 2 2 10 2 2 2 2
left_child=2 4 -1 9 -2 10 7 17 -9 -4 28 12 15 18 -15 22 29 -7 19 -13 -8 -19 23 -12 25 26 -24 -25 -5 -17
right_child=1 -3 3 5 -6 6 20 8 -10 -11 11 13 -14 14 -16 16 -18 21 -20 -21 -22 -23 24 27 -26 -27 -28 -29 -30 -31
leaf_value=-0.010786875104874173 0.0032306730293041445 -0.0023761561389649914 0.0096268012169065057 -0.00070815850913523578 0.010764306568177407 0.0020221256624674542 -0.0016464648935763638 0.011629273110229642 -0.0001767655291436491 -0.0012583567688114038 0.012106171704249857 0.0025562113323767629 -0.0074021685553408685 0.012015076775697091 -0.0082258895466442612 -0.0015262311406009595 0.0065460455884572867 -0.020957070784436985 -0.016454889207220456 -0.011134336775867166 0.011826588083719414 -0.004576257720650837 -0.0091401578988185208 0.0059080150599935613 0.017804926153690729 0.012438959465560496 0.0068096986020352215 -0.0076507293972625408 -0.010518201724232323 -0.013912410973079862
leaf_weight=94.002356491982937 765.18118351325393 259.65632287040353 114.81869326531887 80.328138507902622 158.14343871548772 46.444007221609354 47.114937473088503 42.415253676474094 590.57317386567593 94.055495034903288 36.896177306771278 55.536668065935373 131.3144490942359 33.773208551108837 41.225370597094297 94.745169226080179 48.39889570325613 28.449821524322033 74.462145987898111 58.381641503423452 78.697212643921375 62.592233065515757 43.01888395100832 38.231786504387856 50.148788157850504 39.618224415928125 32.523891523480415 91.440906338393688 181.10956656560302 47.446996174752712
leaf_count=913 5568 2072 787 523 2537 376 601 243 4326 692 242 345 845 214 269 632 311 212 505 348 1558 462 282 271 332 248 197 613 1189 304
internal_value=0 0.00307931 -0.00151734 -0.00109043 0.00462251 -0.00171322 0.000479406 -0.000666862 0.000782892 0.0048917 -0.00337064 -0.00208404 -8.00486e-05 -0.00687364 0.00123019 0.0018647 -0.00287555 -0.00694208 -0.00999934 -0.00479234 0.00703139 -0.0112626 0.00459142 0.000433771 0.00851702 0.00337304 -0.00227987 -0.00351638 -0.00764115 -0.00630185
internal_weight=0 1182.98 2377.76 2283.76 923.325 2074.89 896.287 770.474 632.988 208.874 1178.6 917.163 653.784 263.379 74.9986 522.47 190.591 137.486 188.38 113.918 125.812 91.0421 331.879 166.569 165.31 115.161 75.5428 129.673 261.438 142.192
internal_count=28017 10177 17840 16927 8105 15448 7778 5619 4569 1479 7670 5958 4277 1681 483 3432 1247 1050 1198 693 2159 674 2185 1126 1059 727 479 884 1712 936
is_linear=0
shrinkage=0.03


Tree=137
num_leaves=31
num_cat=1
split_feature=14 43 48 61 48 79 12 45 1 72 61 57 37 48 33 27 27 33 37 83 33 45 80 60 18 33 89 33 16 57
split_gain=20.806 9.15919 10.8993 7.56025 8.95076 10.5393 7.62798 7.5439 6.92917 7.13678 7.3592 7.4752 6.31143 6.29695 6.89739 6.24155 5.87899 6.57512 5.5804 5.21364 6.98613 7.3099 10.8024 6.84588 9.03016 8.95065 7.58498 8.49182 8.40882 7.53306
threshold=1.0000000180025095e-35 1.0000000180025095e-35 0.45985000000000004 2.5000000000000004 0.10415000000000001 4.5000000000000009 1.0000000180025095e-35 0.017850000000000001 0 0.43625000000000008 3.5000000000000004 0.79795000000000016 1.0000000180025095e-35 0.9467000000000001 0.90295000000000014 0.019650000000000004 0.17795000000000002 0.61615000000000009 1.0000000180025095e-35 0.18069000000000005 0.45595000000000008 0.25705000000000006 0.91666666666666685 0.24565000000000003 1.0000000180025095e-35 0.32465000000000005 0.62480000000000013 0.10805000000000002 288.50000000000006 0.98215000000000008
decision_type=2 8 2 8 2 2 2 2 1 2 8 2 8 2 2 2 2 2 8 2 2 2 2 2 2 2 2 2 2 2
left_child=8 15 3 6 12 -6 7 -3 9 -1 11 -11 -5 14 -4 -2 -17 -18 -8 -10 23 22 -22 24 25 -21 -25 28 -28 -29
right_child=1 2 13 4 5 -7 18 -9 19 10 -12 -13 -14 -15 -16 16 17 -19 -20 20 21 -23 -24 26 -26 -27 27 29 -30 -31
leaf_value=0.0131401694094497 0.010783557013403278 0.0017294374256059616 0.012985846734879279 0.0020541966869073794 0.0065211652275106863 -0.014335939778808059 -0.0047584098972345522 -0.012201045256226327 -0.0058871900937150024 -0.0088625701336294098 0.010173368867689467 0.00436898369542314 0.016542958304772638 -0.001047711285219581 0.0017335182060427383 -0.0081915303818479099 0.010556267845874056 -0.00066496217393310745 0.0087702079667560055 -0.013618200512353733 -0.0021676151623875213 0.0013407379770263717 -0.021062366881011672 0.0038948432748142879 0.0058756779711765439 0.0015584270404452813 -0.010094792378527272 -0.00042553762402656504 -6.1591877976211631e-05 0.011402660871320658
leaf_weight=42.5326206125319 36.385264106094837 57.625993881374598 236.79016250744462 46.703819341957569 45.748800840228796 26.003793738782406 34.354208070784807 71.16746947914362 269.53291492164135 74.278695270419121 42.230740129947662 62.216457262635231 66.776776101440191 45.485467500984669 65.414146844297647 69.911689281463623 43.140639934688807 398.85839779302478 68.484751775860786 106.77341271564364 58.155367374420166 56.794396985322237 45.888024128973484 319.37632513418794 38.617275565862656 47.220110554248095 156.5278662070632 759.82444827258587 137.27657056972384 41.723012141883373
leaf_count=278 193 319 4389 362 460 286 297 478 1863 487 261 389 1020 861 1224 343 241 2272 975 767 359 389 290 2030 240 340 955 4712 844 251
internal_value=0 0.00321273 0.00531308 0.0019629 0.00632062 -0.00186662 -0.00163927 -0.00629261 -0.00152106 0.00341711 0.0005296 -0.0029449 0.0112293 0.00916263 0.0106837 0.000241253 -0.000700326 0.000639584 0.00422967 -0.00207132 -0.00145981 -0.00723092 -0.0116172 -0.000841188 -0.00599875 -0.00915323 -0.000101827 -0.00129185 -0.00556323 0.000323075
internal_weight=0 1312.85 764.555 416.866 185.233 71.7526 231.632 128.793 2258.97 221.259 178.726 136.495 113.481 347.69 302.204 548.296 511.911 441.999 102.839 2037.71 1768.18 160.838 104.043 1607.34 192.611 153.994 1414.73 1095.35 293.804 801.547
internal_count=28175 13720 10671 4197 2128 746 2069 797 14455 1415 1137 876 1382 6474 5613 3049 2856 2513 1272 13040 11177 1038 649 10139 1347 1107 8792 6762 1799 4963
cat_boundaries=0 1
cat_threshold=4
is_linear=0
shrinkage=0.03


Tree=138
num_leaves=31
num_cat=2
split_feature=51 42 48 42 51 21 70 79 51 3 21 0 36 30 58 36 30 89 63 21 51 51 48 33 9 46 39 58 17 66
split_gain=13.8178 18.4029 15.7 14.4909 14.9266 10.6396 7.48505 7.02419 8.24379 7.52757 6.99686 6.90439 10.3734 11.7181 9.46749 9.35287 7.8045 7.74671 7.58023 7.53863 7.43255 7.3244 8.501 6.71709 6.58508 6.57784 6.43548 6.22919 5.89121 5.56933
threshold=0.63255000000000006 0.61265000000000014 0.40565000000000007 0.48815000000000003 0.47785000000000005 0.91287878787878796 1.0000000180025095e-35 4.5000000000000009 0.71405000000000007 0 0.48076923076923084 1 0.087550000000000003 0.28085000000000004 7.5000000000000009 0.49675000000000008 0.86265000000000014 0.81858333333333355 0.098400000000000015 0.62019230769230782 0.34855000000000008 0.18700000000000003 0.29405000000000003 0.90295000000000014 95.500000000000014 1.0000000180025095e-35 0.25255000000000005 2.5000000000000004 1.5000000000000002 0.37945000000000007
decision_type=2 2 2 2 2 2 10 2 2 1 2 1 2 2 8 2 2 2 2 2 2 2 2 2 2 10 2 10 2 2
left_child=3 25 7 5 -5 6 11 9 -9 -3 -8 14 13 19 17 -14 -15 18 -1 24 21 22 -20 27 -13 -2 -6 28 -17 -12
right_child=1 2 -4 4 26 -7 10 8 -10 -11 29 12 15 16 -16 23 -18 -19 20 -21 -22 -23 -24 -25 -26 -27 -28 -29 -30 -31
leaf_value=0.0085631555686812317 0.017642416179347239 0.0040149253067818533 0.0056710355254595861 0.0073430669426941446 -0.021037803936226743 0.0089850769585584512 -0.015060993187348945 0.0041952344014207932 -0.016030019541388756 -0.0086784073997043312 -0.0084234802399589977 -0.0099957301128148282 -0.0058832172489380868 0.0074207950842222819 0.010069237717820648 -0.00077640332347390104 -0.0065441401164785008 0.005898355909533126 -0.0091014239250930534 0.0050237587671344754 -0.013665107750672223 0.0063637131891253326 0.0029127708018726367 -0.01051426634730937 0.0038318404955086528 0.0052901144394856903 -5.465976031353331e-05 -0.0018523913211032665 0.011408640592025662 0.0047883747875762358
leaf_weight=37.476178400218487 79.03585172817111 93.258276216685772 235.66349752992392 269.88337333127856 15.464833874255417 66.915094062685966 68.462892964482307 19.19349267706275 65.550796665251255 47.16187222674489 54.303252141922712 130.44171078503132 899.08850095793605 217.75893555209041 77.684348434209824 63.912475470453501 34.771199479699135 112.8826373256743 132.90596789494157 54.924673914909363 52.647452741861343 61.377311270684004 78.060640934854746 44.125028662383556 33.956959038972855 90.881881721317768 27.320197511464357 274.62198922410607 67.637234132736921 43.122839115560055
leaf_count=202 659 1286 4592 2722 188 368 550 208 709 387 342 902 5543 1305 443 340 185 635 775 277 295 336 443 301 225 1204 438 1571 367 260
internal_value=0 0.00355977 0.000374712 -0.00130408 0.00470278 -0.0020397 -0.00236422 -0.005174 -0.01149 -0.000851844 -0.00835194 -0.00191258 -0.0028005 0.00101265 0.00100928 -0.00413152 0.00532192 -0.000648306 -0.00279074 -0.00396478 -0.00431655 -0.00208938 -0.00472536 -0.000582161 -0.00708366 0.0116969 -0.0101878 0.000723543 0.005852 -0.00267426
internal_weight=0 630.746 460.828 2919.75 312.668 2607.08 2540.16 225.164 84.7443 140.42 165.889 2374.27 1821.24 471.853 553.035 1349.39 252.53 475.35 362.468 219.323 324.991 272.344 210.967 450.297 164.399 169.918 42.785 406.172 131.55 97.4261
internal_count=28058 9045 7182 19013 3348 15665 15297 2590 917 1673 1152 14145 11016 2894 3129 8122 1490 2686 2051 1404 1849 1554 1218 2579 1127 1863 626 2278 707 602
cat_boundaries=0 1 2
cat_threshold=5 4
is_linear=0
shrinkage=0.03


Tree=139
num_leaves=31
num_cat=5
split_feature=4 33 3 21 55 7 60 77 39 1 7 27 36 58 77 10 54 36 3 83 63 77 83 25 16 1 72 86 83 30
split_gain=16.082 11.2381 9.49912 8.17412 7.33444 7.94961 6.47817 6.49968 6.13296 7.28362 6.07962 6.07581 6.68224 9.22328 7.14957 6.83517 9.72223 6.42315 6.32055 5.80782 6.35247 7.95474 7.40881 6.148 9.43552 7.57863 6.98201 6.13861 6.7365 7.20879
threshold=0 0.66415000000000013 1 0.91287878787878796 1.0000000180025095e-35 2219.7950000000005 0.96085000000000009 0.35728437500000004 0.68405000000000016 2 520.58500000000015 0.011250000000000001 0.49675000000000008 6.5000000000000009 0.52144375000000009 27.031597222222228 0.10015 0.75455000000000017 3 0.20941000000000001 0.35125000000000006 0.33010000000000006 0.2677500000000001 13.046180555555557 449.50000000000006 4 0.41825000000000007 0.26972000000000007 0.28081000000000006 0.31815000000000004
decision_type=1 2 1 2 8 2 2 2 2 1 2 2 2 8 2 2 2 2 1 2 2 2 2 10 2 1 2 2 2 2
left_child=1 10 4 11 5 8 7 -4 -3 -10 -1 -2 14 15 19 16 -14 -18 -17 -13 21 22 -21 24 26 -26 -22 28 29 -28
right_child=3 2 6 -5 -6 -7 -8 -9 9 -11 -12 12 13 -15 -16 18 17 -19 -20 20 23 -23 -24 -25 25 -27 27 -29 -30 -31
leaf_value=-0.0024664369089527904 0.0040506549198201982 -0.0096782671593846851 0.0062353348378300687 0.0089438652021746438 0.0065078019418932159 0.0069609903633464816 0.0086584104127815174 -0.0044939946783573827 0.0097002585838361684 -0.008529897983808014 0.0095510278333210772 -0.0055874699478572253 -0.0092006646500929889 0.0091107752539270198 -0.010673123720240216 0.0080239244544382821 0.012009524467450171 -0.0032684092584760018 -0.0032641843439049694 0.0044823519193268515 0.0029512037351172981 0.0072973760516453576 -0.011600849560368583 -0.0080788722445953899 -0.0038840980203086982 0.0087833909621934103 -0.0062987072857600386 0.0030162082967021752 -0.0097356475343893488 0.0063235342137163376
leaf_weight=40.029575925320387 146.84067803621292 78.573300514370203 49.859136007726192 57.594039481133223 349.65255143493414 73.368968937546015 37.245014231652021 365.26953399181366 37.361496921628714 24.228697888553143 253.94104516506195 385.24581053107977 133.64263160899282 90.95024362206459 93.603080626577139 87.835985023528337 32.816567473113537 51.236562009900808 64.197551228106022 42.992772594094276 121.52713857591152 139.46439412981272 42.217490203678608 137.64345411211252 57.130055487155914 115.73091817647219 94.838807307183743 67.121902480721474 217.93003395944834 56.926435671746731
leaf_count=450 944 642 289 329 5596 563 262 2676 428 262 2544 2707 783 669 806 598 250 364 360 350 775 727 326 791 308 641 659 335 1248 391
internal_value=0 0.00282256 0.00129387 -0.00134988 0.0038257 -0.000489656 -0.00191406 -0.00308899 -0.00459356 0.00233903 0.00788732 -0.00166145 -0.00209182 0.00106786 -0.00301846 -0.00109846 -0.00442497 0.00333918 0.00364388 -0.0024655 -0.00132497 0.00307857 -0.0038676 -0.00248574 -0.00133809 0.00461336 -0.00322939 -0.00497646 -0.00646883 -0.00146594
internal_weight=0 1309.53 1015.56 2237.49 563.185 213.532 452.374 415.129 140.163 61.5902 293.971 2179.89 2033.05 460.68 1572.37 369.729 217.696 84.0531 152.034 1478.77 1093.52 224.675 85.2103 868.849 731.205 172.861 558.344 436.817 369.695 151.765
internal_count=28073 13712 10718 14361 7491 1895 3227 2965 1332 690 2994 14032 13088 3024 10064 2355 1397 614 958 9258 6551 1403 676 5148 4357 949 3408 2633 2298 1050
cat_boundaries=0 1 2 3 4 5
cat_threshold=1 1 1 3 2
is_linear=0
shrinkage=0.03


Tree=140
num_leaves=31
num_cat=1
split_feature=21 46 63 83 57 70 92 77 17 5 55 58 36 3 17 57 19 5 89 83 21 25 85 57 92 45 54 57 76 25
split_gain=13.4039 10.8281 8.9847 9.54911 7.66256 7.40893 7.2561 8.48169 8.75618 7.1428 8.07214 8.14069 7.74019 7.40838 12.8023 7.01446 6.86797 6.63711 6.61729 6.97379 8.25019 8.01825 9.70175 7.91853 7.28692 7.31283 6.55051 6.52171 6.22803 5.42255
threshold=0.44949494949494956 1.0000000180025095e-35 0.14155000000000004 0.67867000000000022 0.69555000000000011 1.0000000180025095e-35 0.71198333333333352 0.26549062500000004 1.0000000180025095e-35 2312.8350000000005 1.0000000180025095e-35 9.5000000000000018 0.90055000000000007 0 4.5000000000000009 0.97725000000000006 1.0000000180025095e-35 378.85500000000008 0.55885000000000018 0.30987000000000003 0.59166666666666679 10.044791666666669 4.5000000000000009 0.71805000000000008 0.69598333333333351 0.25705000000000006 0.31875000000000003 0.76685000000000014 4.5000000000000009 17.001041666666669
decision_type=2 8 2 2 2 10 2 2 2 2 8 8 2 1 2 2 2 2 2 2 2 8 2 2 2 2 2 2 2 10
left_child=5 18 4 9 -3 6 7 -1 28 10 26 13 -11 14 -12 17 -8 -10 -2 -20 23 22 -22 -21 25 -23 -4 -18 -9 -19
right_child=1 2 3 -5 -6 -7 16 8 15 12 11 -13 -14 -15 -16 -17 27 29 19 20 21 24 -24 -25 -26 -27 -28 -29 -30 -31
leaf_value=-0.0098705520026322151 0.0061739761481234973 -0.0016594028445844451 -0.0084777265563509164 0.0092910038137104869 0.013834291183433808 -0.010866988390216057 -0.0092592989597361404 0.00023797695471138573 -0.011246829754127528 0.0065813116513041194 -0.010138455015873446 -0.0084432291786000844 -0.0091036824553290766 0.0041451170554894006 0.0060575130007736984 0.0099392482318280215 0.0070126073252537715 0.00019450784550809598 -0.0068762794683280403 -0.013319986722019214 0.01382230241094236 -0.0038484990809988071 -0.0031816609319830691 -0.00096290052201208898 -0.0082283579406700821 0.00899521895283047 0.0018392065801671005 -0.0076293245193427839 0.012924136342079028 -0.0094917464225311495
leaf_weight=68.562877431511879 82.214971262961626 36.18451165407896 147.36510497704148 136.60376839153469 100.16826919466257 80.331167709082365 182.22392152622342 63.751223027706146 51.245949760079384 277.26724528893828 90.459427695721388 58.39790341630578 22.696786127984524 507.08693708479404 69.207846459001303 38.936650384217501 52.599364623427391 498.60217875242233 208.2528084218502 61.131162874400616 79.350759141147137 69.71257196366787 40.793231580406427 140.81134393066168 73.316840451210737 71.722610559314489 80.743046976625919 38.719505272805691 67.795484185218811 48.02711209282279
leaf_count=695 470 300 1004 3064 817 645 1411 514 382 2425 576 533 228 4358 447 265 381 3508 1234 348 470 398 280 812 463 424 545 306 424 347
internal_value=0 0.00130993 0.0028017 0.00204058 0.00989022 -0.00258241 -0.00189147 -0.000480268 0.000473702 0.00118298 -0.000102325 0.00145363 0.00513909 0.0024324 -0.00299832 -0.00101155 -0.0060399 -0.00187649 -0.00144262 -0.00235368 -0.000505593 0.00236652 0.00824799 -0.00515556 -0.00114447 0.00282853 -0.00490199 0.00066412 0.00722723 -0.000811764
internal_weight=0 2353.49 1526.18 1389.83 136.353 1190.8 1110.46 836.921 768.359 1253.22 953.26 725.152 299.964 666.754 159.667 636.812 273.543 597.875 827.306 745.091 536.839 334.896 120.144 201.943 214.752 141.435 228.108 91.3189 131.547 546.629
internal_count=28074 19196 14297 13180 1117 8878 8233 6135 5440 10116 7463 5914 2653 5381 1023 4502 2098 4237 4899 4429 3195 2035 750 1160 1285 822 1549 687 938 3855
cat_boundaries=0 1
cat_threshold=4
is_linear=0
shrinkage=0.03


Tree=141
num_leaves=31
num_cat=0
split_feature=46 43 40 49 21 15 91 81 24 81 80 25 25 51 92 63 16 81 10 73 5 27 63 33 55 33 25 5 10 48
split_gain=16.7074 23.4581 10.4084 9.38295 14.1168 10.1292 9.67032 11.1075 9.17241 12.3392 7.93315 6.71136 7.89928 7.7853 7.63928 8.68741 6.53194 6.43263 6.15301 6.10983 7.86138 11.3706 5.80361 9.18542 5.59067 5.30341 5.44021 5.22992 5.4085 7.45484
threshold=1.0000000180025095e-35 1.0000000180025095e-35 1.0000000180025095e-35 1.0000000180025095e-35 0.62019230769230782 1.0000000180025095e-35 2.5000000000000004 0.56830000000000014 1.0000000180025095e-35 0.29218333333333341 0.45000000000000007 2.052430555555556 9.0072916666666689 0.39090000000000008 0.5884166666666667 0.88165000000000016 86.500000000000014 0.70155500000000015 20.020486111111115 1.0000000180025095e-35 2457.3400000000006 0.61945000000000017 0.90905000000000014 0.36145000000000005 1.0000000180025095e-35 0.13975000000000001 10.032291666666667 664.07500000000016 25.064930555555559 0.81575000000000009
decision_type=8 8 8 8 2 2 2 2 10 2 2 8 10 2 2 2 2 2 2 8 2 2 2 2 8 2 10 2 2 2
left_child=3 -2 8 5 22 18 -7 -8 9 10 -3 -4 14 -14 24 -16 -15 -17 -1 20 -6 -22 27 -24 -13 -18 -27 -5 29 -29
right_child=1 2 11 4 19 6 7 -9 -10 -11 -12 12 13 16 15 17 25 -19 -20 -21 21 -23 23 -25 -26 26 -28 28 -30 -31
leaf_value=-0.0039183673293629873 -0.0023872251463941674 0.0026048020589978511 -0.0043837312140237571 -0.010665497278714634 0.0061439626001226245 0.0095624323978173442 -0.011183605792883852 0.0062206061639684179 -0.0022165201008078851 0.0077072265015485138 -0.0095494697295255178 -0.0048110523940497031 -0.0082248567396543404 -0.0069286644500489679 0.016879765923189519 -0.0058157103022021322 -0.0031720506026382046 0.013691513932609633 -0.013689588454704875 0.013066535700020048 -0.015355120032398611 0.0062074260679267123 -0.0062319335993487783 0.012888377985077694 0.0075305200983424954 -0.004457357234168343 0.010938721779207369 -0.002676832992550534 0.0013499648282867184 -0.016572307026218886
leaf_weight=110.01024354994297 803.89084061235189 125.99711586907506 40.850376898422837 97.21711928024888 146.80251527950168 50.260280348360538 78.905360005795956 44.392401423305273 331.86703861877322 313.76711145788431 65.492739073932171 34.25357536226511 36.774065639823675 26.618789125233889 164.36341503076255 30.966496778652072 32.899370487779379 14.369643595069645 145.10716241598129 53.355275608599186 36.277004972100258 34.079778008162975 35.095763649791479 36.908637408167124 149.92150046862662 18.163114748895168 152.13078049011528 149.80455131456256 148.20843312144279 37.50210639461875
leaf_count=650 4778 775 633 638 978 274 433 247 2717 2272 460 334 219 398 2207 402 434 284 859 311 194 224 227 249 1732 353 2806 949 933 228
internal_value=0 0.00174658 0.00390812 -0.002587 -0.000594892 -0.00609401 -0.000434162 -0.00492078 0.00161832 0.00413129 -0.00181979 0.00658018 0.00731358 0.00315801 0.00997836 0.0138308 0.00524649 0.00172415 -0.00978283 0.00482776 0.00231741 -0.00543784 -0.0035385 0.00394543 0.00510563 0.00709165 0.00914047 -0.00484477 -0.00289832 -0.00615787
internal_weight=0 2342.33 1538.44 1203.93 775.251 428.675 173.558 123.298 837.124 505.257 191.49 701.311 660.461 266.586 393.875 209.7 229.812 45.3361 255.117 270.515 217.159 70.3568 504.737 72.0044 184.175 203.193 170.294 432.732 335.515 187.307
internal_count=28198 20804 16026 7394 4931 2463 954 680 6224 3507 1235 9802 9169 4210 4959 2893 3991 686 1509 1707 1396 418 3224 476 2066 3593 3159 2748 2110 1177
is_linear=0
shrinkage=0.03


Tree=142
num_leaves=31
num_cat=1
split_feature=55 0 83 70 74 86 42 86 83 6 83 39 6 15 25 86 69 25 77 61 69 77 33 72 81 37 81 39 39 49
split_gain=13.7479 10.2071 10.7586 7.54244 7.5105 9.15395 9.57625 8.96529 8.96484 7.27342 6.75951 6.91943 6.65326 6.19575 6.76968 6.04881 6.48458 7.09332 7.0094 6.57512 9.91105 6.81431 6.52648 5.98607 5.62705 5.52159 5.47039 5.93048 5.33311 5.23154
threshold=1.0000000180025095e-35 0 0.20711000000000002 1.0000000180025095e-35 11.500000000000002 0.13193000000000002 0.13395000000000004 0.081030000000000019 0.19464000000000004 7.6435164465528311 0.67867000000000022 0.090050000000000005 6.1904281043679816 1.0000000180025095e-35 9.0697916666666689 0.10405000000000002 0.69985000000000008 15.066319444444446 0.38552187500000001 2.5000000000000004 0.86845000000000006 0.44163750000000007 0.88055000000000005 0.85355000000000014 0.24107500000000001 1.0000000180025095e-35 0.35823333333333335 0.62075000000000014 0.39025000000000004 1.0000000180025095e-35
decision_type=10 1 2 10 2 2 2 2 2 2 2 2 2 2 10 2 2 10 2 8 2 2 2 2 2 8 2 2 2 8
left_child=1 2 -1 4 5 6 8 9 -3 -6 11 -2 26 25 -15 -14 17 18 -17 20 21 -18 -20 28 -4 -13 -9 -28 -16 -23
right_child=10 3 24 -5 7 -7 -8 12 -10 -11 -12 13 15 14 23 16 19 -19 22 -21 -22 29 -24 -25 -26 -27 27 -29 -30 -31
leaf_value=-0.0086045816476584755 0.0098814327931561197 0.014590145555866794 0.0083679175456151372 -0.0065610274237980501 -0.0096350338964650631 0.012839432490980331 -0.0098391799365917555 -0.0097716446415990754 0.00076977496631814028 0.0048838544754855424 0.012773427073522912 -0.011268758263220957 0.0099968154478405884 0.0091263202438387706 -0.0091876268383521142 0.0049237780672265396 0.010456560996895625 0.0070079089030071927 -0.0085889319437125571 0.0063051700597155196 -0.004574186574358795 -0.0070078105883430762 0.0048378434633877428 -0.014357202442584881 -0.0018506659688340438 0.0026632672467580753 -0.004888348581962158 0.0097784411806680245 0.0095481806889378389 0.0043994695666127676
leaf_weight=216.11628928035498 86.187859984114766 49.654840655624866 41.037706680595875 107.34118865430355 118.76790293306112 91.976381096988916 40.443470299243927 74.690174300223589 148.92436968535185 34.058432675898075 76.169530196115375 50.434867821633816 69.614975549280643 83.832263918593526 11.971502229571341 54.119123473763466 91.627527609467506 54.171920768916607 184.06769300997257 297.02877004444599 182.87912501767278 47.701923903077841 32.396702229976654 17.613416267558932 1045.6178119853139 38.934187546372414 53.705545280128717 30.736384190618992 27.981136711314321 87.037344433367252
leaf_count=1629 1128 353 287 758 734 566 257 430 857 191 1992 364 398 1246 147 307 514 418 1339 2428 1273 273 304 283 7170 464 398 374 508 745
internal_value=0 -0.000620807 -0.0026449 0.000810393 0.00129903 0.00529534 0.00199334 0.000331976 0.00475939 -0.00629817 0.00526172 0.00312107 0.00117956 0.000290636 0.00409963 0.00201542 0.00138567 -0.00208004 -0.00408441 0.00298604 0.000484103 0.00459127 -0.00645455 -0.00348794 -0.00139197 -0.00554198 -0.00437906 0.00092039 0.00321874 0.000155788
internal_weight=0 3153.72 1302.77 1850.94 1743.6 330.999 239.023 1412.6 198.579 152.826 393.125 316.955 1259.78 230.767 141.398 1100.65 1031.03 324.755 270.584 706.275 409.246 226.367 216.464 57.5661 1086.66 89.3691 159.132 84.4419 39.9526 134.739
internal_count=28135 22003 9086 12917 12159 2033 1467 10126 1210 925 6132 4140 9201 3012 2184 7999 7601 2368 1950 5233 2805 1532 1643 938 7457 828 1202 772 655 1018
cat_boundaries=0 1
cat_threshold=1
is_linear=0
shrinkage=0.03


Tree=143
num_leaves=31
num_cat=0
split_feature=54 16 51 42 42 21 45 72 45 16 36 33 79 72 33 77 49 81 21 81 89 45 51 5 25 36 30 45 77 33
split_gain=12.101 8.20591 8.12887 18.9727 11.6278 9.22792 8.13875 7.39483 7.11399 6.93613 8.72593 7.27613 6.85238 6.72471 7.75316 7.00135 8.49597 6.50953 6.42876 5.93484 6.44456 5.92385 5.88583 5.76891 5.76661 5.66677 7.44957 5.56948 5.5676 10.0954
threshold=0.60255000000000014 84.500000000000014 0.63255000000000006 0.61515000000000009 0.79935000000000012 0.51923076923076927 0.79775000000000007 0.92125000000000012 0.43020000000000008 272.50000000000006 0.30295000000000005 0.68575000000000008 5.5000000000000009 0.96705000000000008 0.0033500000000000001 0.26887812500000002 1.0000000180025095e-35 0.64780166666666683 0.82843137254901966 0.44645000000000001 0.79571666666666674 0.78625000000000012 0.21475000000000002 1517.8150000000003 15.04965277777778 0.091250000000000012 0.30335000000000006 0.6472500000000001 0.53558750000000022 0.48695000000000005
decision_type=2 2 2 2 2 2 2 2 2 2 2 2 2 2 2 2 8 2 2 2 2 2 2 2 10 2 2 2 2 2
left_child=2 8 4 6 13 7 -4 9 -2 10 -5 -11 -3 14 -1 23 19 -15 28 20 25 -6 -21 -16 -7 26 -17 -26 29 -18
right_child=1 12 3 5 21 24 -8 -9 -10 11 -12 -13 -14 17 15 16 18 -19 -20 22 -22 -23 -24 -25 27 -27 -28 -29 -30 -31
leaf_value=0.0045762697815066268 0.0060956967413186586 0.008338188141976257 0.017390247573232088 -0.00079392161828119626 0.013171822061525429 0.0076134477933099366 -7.1470902525774227e-05 0.007210484766642199 -0.015657036390855611 -0.0089231053505697336 -0.022208473599127757 0.011030784711814951 -0.0020889368336213265 -0.010338750933928061 -0.012850682352179267 -0.0052394389468770342 -0.001496747778197948 0.0024942404082853547 0.0073614748374333091 0.0026147972257700106 -0.01066349327003617 -0.0022713824727666745 -0.0063828584889631208 0.0012388651723443786 -0.015173979206748876 -0.0055896405035361259 0.0095125573447680401 0.0048002427424510457 -0.0056519331984037496 0.0046682847378668787
leaf_weight=183.12196621671319 16.264512550085783 282.4155657608062 84.28581852838397 27.027606092393398 64.118409901857376 103.64462823048234 32.126879740506411 22.236845027655363 21.868682770058513 27.483784042298794 40.656517904251814 19.308402050286531 66.029732882976532 129.99453355744481 76.818841241300106 51.163761235773563 809.73060747981071 43.181218273937702 92.777178253978491 198.30363676324487 150.80094947293401 28.26684246212244 85.411065995693207 35.081452712416649 14.569100540131329 263.02500851452351 53.115401517599821 18.424601841717958 151.16400337591767 327.5173313729465
leaf_count=1099 165 4557 729 234 587 1677 361 247 376 254 513 313 993 778 750 334 4780 258 560 1047 876 333 431 301 189 1608 314 308 1364 1727
internal_value=0 0.00489317 -0.000668031 0.00333289 -0.00124646 -0.00107384 0.0129468 -0.00636027 -0.00704023 -0.00936385 -0.0148602 -0.000196807 0.00635911 -0.00162392 -0.00120853 -0.00168798 -0.00129083 -0.00717738 0.000139737 -0.00372645 -0.00560662 0.00868637 -0.000219 -0.00869425 0.00428852 -0.00330287 0.00244948 -0.00549769 -0.000432984 0.000303942
internal_weight=0 386.578 3133.36 389.764 2743.59 273.351 116.413 136.713 38.1332 114.476 67.6841 46.7922 348.445 2651.21 2478.03 2294.91 2183.01 173.176 1381.19 801.82 518.105 92.3853 283.715 111.9 136.638 367.304 104.279 32.9937 1288.41 1137.25
internal_count=28063 6091 21972 4825 17147 3735 1090 1561 541 1314 747 567 5550 16227 15191 14092 13041 1036 8431 4610 3132 920 1478 1051 2174 2256 648 497 7871 6507
is_linear=0
shrinkage=0.03


Tree=144
num_leaves=31
num_cat=2
split_feature=40 54 92 1 89 72 76 10 68 48 36 0 69 54 10 66 74 27 48 77 5 18 10 36 92 27 72 81 72 43
split_gain=12.611 11.8335 10.3236 8.69989 11.5969 8.88057 8.68873 9.25183 8.87339 9.34778 8.09626 8.24481 7.44206 7.37548 7.14982 13.2481 9.1516 6.86988 7.09856 12.0987 7.8429 6.65207 10.2343 7.34894 6.26149 5.86682 8.38636 6.40426 5.69309 5.5854
threshold=1.0000000180025095e-35 0.46175000000000005 0.70511666666666672 0 0.87846666666666673 0.04080000000000001 3.5000000000000004 19.074652777777782 1.0000000180025095e-35 0.36445000000000005 0.70055000000000012 1 0.69255000000000011 0.43545000000000006 32.02534722222223 0.42805000000000004 12.500000000000002 0.022850000000000006 0.31450000000000006 0.42556562500000011 1127.1150000000002 1.5000000000000002 17.034375000000001 0.32575000000000004 0.64068333333333338 0.13625000000000001 0.73795000000000011 0.5189166666666668 0.79675000000000007 1.0000000180025095e-35
decision_type=8 2 2 1 2 2 2 2 2 2 2 1 2 2 2 2 2 2 2 2 2 2 2 2 2 2 2 2 2 8
left_child=2 3 6 4 17 -5 -1 13 -9 14 -4 -12 -7 25 16 -16 -10 -2 19 -19 -21 23 -23 -20 -24 -8 29 28 -28 -27
right_child=1 -3 10 5 -6 12 7 8 9 -11 11 -13 -14 -15 15 -17 -18 18 21 20 -22 22 24 -25 -26 26 27 -29 -30 -31
leaf_value=-0.0064233465863244472 0.0077764995453420416 0.0076965504733109303 -0.0074584455128084643 0.010516703094493235 0.013060960451949547 -0.0024633696580281064 0.0098527759174568633 0.0071241323078951799 -0.0022525937214852398 0.0029367869863988014 -0.0078942033040075941 0.0082234984873724801 0.0034899133618672101 -0.0054133294037199686 -0.0046787709265436487 0.011700088450701135 -0.013917693428792675 -0.0084726482290572742 -0.0034069940887801447 0.014712340857672352 -0.0017473189168989846 0.0074631381363691506 -0.018268202114893242 -0.025430399957818536 0.00054044076720271552 -0.0062186671071670311 0.011824405854935943 0.015435025936510164 -0.0012779847008749753 0.0031648476444485099
leaf_weight=174.28144493699074 29.632662747055292 266.91672998480499 361.04726789519191 99.081755135208368 28.227788064628839 285.87849544733763 130.72449238225818 81.774800349026918 119.23539254441857 177.99832333624363 37.595524504780769 62.316526226699352 517.09480510652065 67.526728477329016 200.36144661903381 46.443260107189417 123.37952741608024 98.546799972653389 25.503733716905117 38.367694914340973 52.433508478105068 33.320109862834215 33.145633485168219 31.747241318225861 24.36573788151145 101.34363959729671 34.272285759449005 49.593528065830469 86.537212267518044 108.13563062250614
leaf_count=1676 211 4736 2265 757 248 2261 768 496 730 1214 276 533 4165 544 1222 279 745 569 168 299 377 375 323 276 285 545 195 311 508 686
internal_value=0 0.0020648 -0.0015357 0.000856115 -0.00280934 0.00247555 -0.000318072 0.000525604 -0.00166672 -0.00283308 -0.00541123 0.00199219 0.00136617 0.00334664 -0.00494833 -0.00126104 -0.00850088 -0.00434381 -0.00560139 -0.00159103 0.00597722 -0.0103043 -0.00442636 -0.017585 -0.0113999 0.00458685 0.00256852 0.00731666 0.0030588 -0.00145129
internal_weight=0 1564.26 1962.57 1297.35 395.291 902.055 1501.61 1327.33 749.193 667.418 460.959 99.9121 802.973 578.134 489.42 246.805 242.615 367.063 337.43 189.348 90.8012 148.082 90.8315 57.251 57.5114 510.607 379.882 170.403 120.809 209.479
internal_count=28043 15050 12993 10314 3131 7183 9919 8243 4686 4190 3074 809 6426 3557 2976 1501 1475 2883 2672 1245 676 1427 983 444 608 3013 2245 1014 703 1231
cat_boundaries=0 1 2
cat_threshold=2 1
is_linear=0
shrinkage=0.03


Tree=145
num_leaves=31
num_cat=1
split_feature=4 49 69 69 45 89 48 72 89 42 57 86 37 92 58 69 48 5 66 57 33 27 5 26 20 74 74 69 51 81
split_gain=16.8833 10.6604 11.4628 9.4306 8.29257 7.74534 7.19536 8.19243 7.44582 5.17694 5.27642 5.30158 5.09568 8.8447 7.79218 7.34372 7.22304 7.5559 6.63222 15.6723 8.27328 9.19977 9.62308 7.15978 6.51718 5.93028 7.16266 6.25796 5.72591 7.40916
threshold=0 1.0000000180025095e-35 0.91245000000000009 0.059550000000000006 0.60155000000000014 0.75725000000000009 0.74075000000000013 0.67075000000000007 0.65575000000000017 0.85735000000000017 0.63705000000000012 0.48141000000000006 1.0000000180025095e-35 0.70996666666666675 6.5000000000000009 0.66655000000000009 0.041850000000000005 1916.9450000000004 0.32295000000000007 0.93815000000000015 0.23205000000000003 0.34925000000000006 1853.5500000000004 1.0000000180025095e-35 1.0000000180025095e-35 11.500000000000002 13.500000000000002 0.80175000000000007 0.059750000000000004 0.34663333333333335
decision_type=1 8 2 2 2 2 2 2 2 2 2 2 10 2 8 2 2 2 2 2 2 2 2 2 2 2 2 2 2 2
left_child=1 2 3 -1 6 -4 8 -8 -3 10 11 -6 13 18 24 -16 17 -15 23 20 -20 22 -22 -2 -14 27 -27 -25 -28 -30
right_child=12 4 5 -5 9 -7 7 -9 -10 -11 -12 -13 14 16 15 -17 -18 -19 19 -21 21 -23 -24 25 -26 26 28 -29 29 -31
leaf_value=0.0077298858563495396 0.007982470312647965 0.010226127120199295 -0.00068325324495003485 -0.0059880044801156485 -0.0087340718149888346 0.017737356996674676 0.0059648107040317592 -0.0060267873676944257 0.0016205590540497457 0.0014371090581685186 0.01268710974793184 0.0089408067108941256 -0.0023884581556164529 -0.0053760428146769337 -0.0034440855176816653 0.013098726142138412 -0.010385223732077507 0.0080380941114823207 -0.0047960312976399787 0.013483181619706368 -0.0069502111836115942 0.0099605303813479398 0.0094864317543100988 -0.0033019776505058634 0.0084340060605619313 -0.0073250426839892423 0.0073491799890577029 0.0059762371518943917 -0.011764766326235918 0.0025506539450875893
leaf_weight=44.686839301139116 42.661110747605562 132.37834013625979 39.14570015668869 275.1129550114274 18.969550708308816 31.637721288949251 67.816296814009547 142.8062995094806 261.45438698679209 76.593691684305668 184.9962075278163 22.365744795650244 343.5273273922503 131.96184414997697 29.868049927055836 68.185482416301966 189.25930834561586 41.851460795849562 220.71580201014876 71.897878490388393 92.971389330923557 92.532987985759974 36.824739553034306 159.11903766542673 48.429279044270515 399.05357122048736 53.537264160811901 96.732131451368332 46.88007977604866 69.487920563668013
leaf_count=315 277 863 264 2054 187 259 647 1431 1969 1687 3612 440 2211 793 210 502 1115 242 1434 447 630 571 226 1103 296 2648 322 658 293 431
internal_value=0 0.00267154 -0.00144682 -0.00389489 0.00444074 0.00872659 0.0023421 -0.00207038 0.00469473 0.0084197 0.0106219 0.000708163 -0.00161613 -0.00237214 0.00107044 0.00820724 -0.0064753 -0.00188455 -0.00125573 0.00142403 -0.000787362 0.00322736 -0.00194192 -0.00284457 -0.000874702 -0.00349348 -0.0051745 0.000298773 2.84662e-06 -0.00369108
internal_weight=0 1297.96 390.583 319.8 907.381 70.7834 604.455 210.623 393.833 302.925 226.332 41.3353 2235.5 1745.49 490.01 98.0535 363.073 173.813 1382.41 514.943 443.045 222.329 129.796 867.471 391.957 824.81 568.959 255.851 169.905 116.368
internal_count=28137 13728 2892 2369 10836 523 4910 2078 2832 5926 4239 627 14409 11190 3219 712 2150 1035 9040 3308 2861 1427 856 5732 2507 5455 3694 1761 1046 724
cat_boundaries=0 1
cat_threshold=1
is_linear=0
shrinkage=0.03


Tree=146
num_leaves=31
num_cat=1
split_feature=40 54 79 69 25 27 21 76 92 10 36 54 75 5 75 92 5 66 46 3 51 43 45 89 25 69 92 5 91 45
split_gain=13.5591 11.1042 9.11293 7.13145 7.30374 9.95404 9.05331 6.68037 7.1382 7.63943 7.24963 9.06864 7.95288 7.2465 9.15105 8.1082 8.20949 6.90648 7.51102 6.95917 6.61153 6.23334 6.12489 6.12462 9.77726 6.01031 5.99131 6.75824 8.19448 8.43284
threshold=1.0000000180025095e-35 0.46175000000000005 2.5000000000000004 0.68735000000000013 8.0302083333333361 0.34490000000000004 0.51923076923076927 3.5000000000000004 0.70511666666666672 41.02534722222223 0.63085000000000013 0.21355000000000005 0.90625000000000011 4064.7250000000004 0.84375000000000011 0.5622166666666667 844.49000000000012 0.42495000000000005 1.0000000180025095e-35 0 0.14095000000000002 1.0000000180025095e-35 0.6119500000000001 0.61158333333333348 19.012847222222224 0.83655000000000013 0.35815000000000008 1984.8150000000003 2.5000000000000004 0.30070000000000002
decision_type=8 2 2 2 8 2 2 2 2 2 2 2 2 2 2 2 2 2 8 1 2 8 2 2 8 2 2 2 2 2
left_child=7 2 23 26 5 -5 -7 25 9 13 12 20 -10 14 17 16 -16 18 -9 -20 -12 -21 -6 24 -2 -1 -4 -28 -29 -30
right_child=1 -3 3 4 22 6 -8 8 10 -11 11 -13 -14 -15 15 -17 -18 -19 19 21 -22 -23 -24 -25 -26 -27 27 28 29 -31
leaf_value=-0.0099599568715666026 0.010516641832207428 0.0075638437536522558 0.0033555488604288994 0.014583286071713169 -0.0020745946390433039 -0.0065331561829892687 0.0087096518431665701 -0.0059187136905712329 -0.0040034714061019756 -0.0071658535055423057 0.0039244664339773139 0.011322073587416081 -0.015459807069090687 0.0072127448448444688 -0.00023429091584568622 -0.00012610346009270143 -0.015507254504221977 0.0064929680165999922 0.0072687596666488677 -0.0056769418588506707 -0.011949850528800234 0.0024495708435505535 0.0054501691292053655 0.010040367258730013 -0.0090812320908799336 0.0021668640315232563 -0.0086173074882247361 0.011624300671391566 -0.012943821770817087 0.0055477006027514018
leaf_weight=136.84082328528166 30.851923923939466 261.9136525336653 82.413346752524376 70.322077736258507 407.1647133231163 62.851648200303316 57.731588849797845 137.07329672574997 277.96529883891344 111.33272264152765 39.627136517316103 44.899623338133097 62.068109631538391 127.5964110866189 50.349798925220966 171.43301674351096 76.843056246638298 185.85009806975722 127.16776144504547 123.68356911838055 37.478511046618223 223.32327440008521 117.02117561176419 135.53446105122566 42.202847976237535 44.893395252525806 193.87129681184888 31.069911058992147 38.701792992651463 32.866958819329739
leaf_count=1316 217 4767 623 463 2608 540 670 844 1655 700 220 450 406 825 342 1137 534 1104 747 729 316 1363 1614 893 273 445 1649 246 238 303
internal_value=0 0.00204746 0.000889115 -0.000226195 0.00153383 0.00639768 0.000872756 -0.00167913 -0.00110436 1.69546e-05 -0.00427517 0.00188611 -0.00647658 0.000723454 -9.06169e-05 -0.00448347 -0.00991915 0.00159029 1.91073e-05 0.00182239 -0.00427758 -0.000510541 -0.000324158 0.00648146 -0.000535082 -0.00700752 -0.00350169 -0.00545492 0.000753158 -0.0048128
internal_weight=0 1564.52 1302.6 1094.01 715.091 190.905 120.583 1978.43 1796.69 1334.65 462.039 122.005 340.033 1223.32 1095.72 298.626 127.193 797.098 611.248 474.175 77.1056 347.007 524.186 208.589 73.0548 181.734 378.923 296.51 102.639 71.5688
internal_count=28237 15104 10337 8954 5895 1673 1210 13133 11372 8325 3047 986 2061 7625 6800 2013 876 4787 3683 2839 536 2092 4222 1383 490 1761 3059 2436 787 541
cat_boundaries=0 1
cat_threshold=2
is_linear=0
shrinkage=0.03


Tree=147
num_leaves=31
num_cat=0
split_feature=76 92 76 16 33 16 11 80 51 48 54 51 36 27 10 48 10 42 66 39 42 51 28 51 58 42 30 27 45 9
split_gain=11.5491 7.19429 6.91199 6.60194 6.47064 6.30254 7.70692 6.133 8.45513 6.89131 6.41782 6.3706 8.08237 7.32471 7.08687 7.11026 9.19215 8.73329 6.88666 8.56809 6.5955 13.5155 9.31691 6.34535 9.41214 6.20808 5.99395 5.94249 7.35271 5.77574
threshold=12.500000000000002 0.29218333333333341 3.5000000000000004 212.50000000000003 0.08815000000000002 246.50000000000003 17.000000000000004 0.91666666666666685 0.63255000000000006 0.06405000000000001 0.46175000000000005 0.21095000000000003 0.81585000000000008 0.27145000000000002 16.028819444444448 0.61125000000000007 24.040625000000002 0.48025000000000007 0.21925000000000003 0.10335000000000001 0.64965000000000017 0.67785000000000006 1.0000000180025095e-35 0.75765000000000016 4.5000000000000009 0.19555000000000003 0.19705000000000003 0.47735000000000005 0.20185000000000003 52.500000000000007
decision_type=2 2 2 2 2 2 2 2 2 2 2 2 2 2 2 2 2 2 2 2 2 2 8 2 8 2 2 2 2 2
left_child=1 4 3 -3 -1 6 -2 8 10 23 -4 14 20 -14 18 17 -17 25 -9 -20 21 -13 -22 -10 -25 -16 -12 29 -29 -6
right_child=5 2 7 -5 27 -7 -8 11 9 -11 26 12 13 -15 15 16 -18 -19 19 -21 22 -23 -24 24 -26 -27 -28 28 -30 -31
leaf_value=0.014655611063985238 -0.012171493266120331 -0.00092015217894454943 -0.00064960704796983954 -0.012125338194062777 0.0049907623106985981 0.012335865077161858 0.0071695515565837952 0.010025225174656368 0.009377923215695699 0.0099951443625488114 -0.0037624441982351802 -0.0028118605852518598 0.0019693934862696372 -0.01522360252822604 -0.0026744913223753696 -0.0081987678327894234 0.0092428853931274899 0.0070170138715160242 0.010976194769149072 -0.0030261820742228268 -0.015616939131104138 0.012161179898588975 8.8705624872442661e-05 -0.013465618868837098 0.0075500074828821883 -0.011013326112046093 0.011058665307746792 0.017127564682779369 -0.0015904838346197797 -0.0076730609891581527
leaf_weight=37.822874367237091 19.323266696184874 102.48422525078058 1222.653745777905 80.877474695444107 49.440387006849051 92.529657069593668 40.434069348499179 90.780834468081594 29.051881108433008 141.26598513312638 29.078719539567828 305.49923396110535 26.668440319597721 81.858664447441697 248.92177719995379 29.725490372627974 82.173070587217808 48.721111249178648 41.767046980559826 153.80780413374305 60.075679711997509 55.529060605913401 65.803257109597325 38.890174031257629 23.308965768665075 115.78410174697638 72.572483964264393 31.167566277086735 32.027736835181713 62.565043050795794
leaf_count=261 530 1020 7219 775 332 2596 1113 567 315 1768 227 1730 193 826 1470 208 564 357 252 950 487 526 911 339 278 638 662 203 331 420
internal_value=0 -0.000371032 -0.000737809 -0.00623403 0.00483799 0.0078224 6.71143e-05 -0.000377971 0.00091693 0.00606678 -2.5954e-05 -0.001807 -0.004136 -0.011189 -6.8944e-05 -0.0021286 0.00431707 -0.00393395 0.00365386 0.000352635 -0.00237041 -0.000243187 -0.0080045 -0.00040126 -0.00563516 -0.00554511 0.00686164 0.00204164 0.0087199 -0.00213223
internal_weight=0 3360.32 3147.3 183.362 213.024 152.287 59.7573 2963.94 1556.82 232.517 1324.3 1407.12 595.434 108.527 811.681 525.326 111.899 413.427 286.356 195.575 486.907 361.028 125.879 91.251 62.1991 364.706 101.651 175.201 63.1953 112.005
internal_count=28068 23829 22282 1795 1547 4239 1643 20487 10808 2700 8108 9679 4673 1019 5006 3237 772 2465 1769 1202 3654 2256 1398 932 617 2108 889 1286 534 752
is_linear=0
shrinkage=0.03


Tree=148
num_leaves=31
num_cat=3
split_feature=4 74 21 3 52 6 64 33 12 82 1 27 89 89 76 27 6 89 89 27 24 27 46 6 57 21 92 51 57 86
split_gain=14.7523 8.90145 8.78514 8.68343 10.0561 8.70661 8.51883 7.9477 9.63419 11.4786 7.17585 7.73803 7.59305 6.80437 7.44714 6.77055 6.25455 6.17135 8.581 8.0037 6.49642 6.66447 6.14773 7.30595 6.74863 6.0908 7.55359 6.73229 6.07524 5.72296
threshold=0 15.500000000000002 0.90454545454545465 1 14.061458333333336 6.3744795257974873 1.0000000180025095e-35 0.66415000000000013 1.0000000180025095e-35 3.5000000000000004 2 0.17425000000000004 0.66651666666666676 0.81985000000000008 4.5000000000000009 0.019650000000000004 7.679764470424753 0.64158333333333351 0.68991666666666684 0.36815000000000003 1.0000000180025095e-35 0.66905000000000014 1.0000000180025095e-35 8.7109852810836532 0.92295000000000016 0.77350427350427364 0.70996666666666675 0.19625000000000004 0.71805000000000008 0.082530000000000006
decision_type=1 2 2 1 10 2 8 2 2 2 1 2 2 2 2 2 2 2 2 2 10 2 8 2 2 2 2 2 2 2
left_child=7 2 3 4 5 13 -6 17 25 -10 11 -7 -13 14 -2 28 -17 19 -19 -1 -20 -22 23 24 -11 26 -9 -28 -5 -18
right_child=1 -3 -4 15 6 10 -8 8 9 22 -12 12 -14 -15 -16 16 29 18 20 -21 21 -23 -24 -25 -26 -27 27 -29 -30 -31
leaf_value=0.022318039057037799 -0.00096613956859084159 -0.012983966578614364 0.0095521070572778654 -0.00483080616300317 -0.010238652069728021 0.0042232317499309342 0.0048246927153790748 -0.00078812668431397213 0.018134019654824911 -0.0070443970539523859 0.0021080008317839864 0.00074294356377809054 -0.012583114655749144 -0.0034604745074404892 0.013972701878940339 -0.0053866738180505611 0.0082185690002811174 -0.011056981967953421 0.011720612297700396 0.0041660450735529677 -0.0066546423407175728 0.0077778146269249192 0.0049232531493595445 0.0099997709679362622 0.0071530675298671085 0.0067326968338154514 -0.0019756804210163551 -0.017026322514631209 0.0098857334644521736 -0.0025292348130937733
leaf_weight=35.761470001190901 38.953159093856812 49.719208400696516 56.19081823900342 34.277399785816669 116.8054811283946 61.169335760176182 39.272834438830614 290.45284058526158 36.366905065253377 135.95127427205443 493.03610807284713 58.865529175847769 95.618987046182156 36.789128992706537 105.21299549937248 777.87890155985951 52.129747152328491 22.149245571345091 78.563421443104744 53.046324932947755 49.276609227061272 46.024821480736136 327.43776465021074 29.852748688310385 29.33496680483222 52.359066501259804 54.591505836695433 48.747115183621645 52.889191724359989 148.21604933962226
leaf_count=230 322 384 323 230 775 376 239 1841 434 1031 3173 382 628 230 608 5117 330 220 800 564 456 700 5860 190 227 424 327 454 333 884
internal_value=0 -0.00154725 -0.00122646 -0.00155703 0.000397054 0.00164925 -0.00638609 0.00247465 0.00119107 0.00378571 0.000115644 -0.00433092 -0.00776883 0.00733485 0.0101354 -0.00343266 -0.00418285 0.00681018 0.0035135 0.0129945 0.00587009 0.000392075 0.00246544 -0.00169765 -0.00426031 -0.00207127 -0.0033796 -0.00995124 0.00419702 0.000525098
internal_weight=0 2217.02 2167.31 2111.11 1045.72 889.645 156.078 1289.92 1005.09 558.944 708.69 215.654 154.485 180.955 144.166 1065.39 978.225 284.822 196.014 88.8078 173.865 95.3014 522.577 195.139 165.286 446.151 393.791 103.339 87.1666 200.346
internal_count=28092 14334 13950 13627 6733 5719 1014 13758 10788 7742 4559 1386 1010 1160 930 6894 6331 2970 2176 794 1956 1156 7308 1448 1258 3046 2622 781 563 1214
cat_boundaries=0 1 2 3
cat_threshold=1 3 2
is_linear=0
shrinkage=0.03


Tree=149
num_leaves=31
num_cat=1
split_feature=39 60 39 63 17 21 30 79 69 76 48 49 21 79 58 74 66 27 10 46 39 33 0 48 12 60 11 25 10 88
split_gain=12.7911 10.1597 9.62724 11.0256 9.45264 8.79395 8.07578 7.59887 8.99379 7.06184 6.69644 6.56849 8.70753 8.51257 8.67605 9.92554 8.2988 6.67883 6.47094 6.84206 6.09606 6.63531 7.02789 5.91503 5.87718 8.58414 6.41193 11.2053 8.49423 5.6586
threshold=0.60755000000000015 0.073250000000000023 0.38385000000000008 0.12475000000000001 2.5000000000000004 0.5634920634920636 0.33815000000000006 5.5000000000000009 0.74155000000000015 4.5000000000000009 0.14055000000000004 1.0000000180025095e-35 0.86607142857142871 4.5000000000000009 6.5000000000000009 11.500000000000002 0.73345000000000016 0.17045000000000002 32.011458333333344 1.0000000180025095e-35 0.055250000000000007 0.16320000000000004 0 0.41855000000000003 1.0000000180025095e-35 0.73815000000000008 17.000000000000004 11.02326388888889 28.018402777777784 2.5000000000000004
decision_type=2 2 2 2 2 2 2 2 2 2 2 8 2 2 10 2 2 2 2 10 2 2 1 2 2 2 2 8 2 2
left_child=1 10 3 29 6 -6 9 8 24 -4 -1 13 18 14 15 -5 17 -17 19 20 21 -13 -23 -7 25 -2 27 -26 -29 -3
right_child=7 2 4 11 5 23 -8 -9 -10 -11 -12 12 -14 -15 -16 16 -18 -19 -20 -21 -22 22 -24 -25 26 -27 -28 28 -30 -31
leaf_value=-0.01465054361603522 0.0036130669861687433 -0.00020189109704191785 -0.0022045353679892147 0.0087720187447109278 -0.013091025527931566 -0.0062305306974644974 -0.0059906366320357906 -0.0021379034592116835 0.0069885089564026264 0.014120743673145326 -0.0013475360637979442 -0.014205626877518421 0.012475079782149349 -0.0070810027050084972 0.0094530086090812808 0.0064427227122984838 -0.013876484639089606 -0.0049185994237183964 0.0037272912737810332 0.0043802609481329241 -0.00044832336409246433 -0.01061976634154185 0.0017708968650147507 0.0051930715290603594 0.01066796898074205 -0.0097218966049756692 0.0074782287610619981 0.00049306109033391725 -0.023211756068463169 0.010829858091654817
leaf_weight=73.149592656642199 72.991559449583292 63.386535935103893 37.73135569691658 51.330447874963284 136.22771229036152 126.51961825229228 64.708000842481852 225.76116028800607 414.77748813293874 45.387654405087233 61.433242870494723 62.375482253730297 43.961375895887613 265.34869965165854 60.08779938146472 57.201543621718884 56.161445248872042 143.51354871317744 305.60907709226012 140.45251347124577 386.96321286633611 56.229618895798922 102.90338199585676 49.44214872457087 23.560363654047251 84.425316922366619 132.91526034846902 26.177291985601187 17.440774895250797 111.11781559512019
leaf_count=546 490 439 327 319 922 739 454 2316 4570 259 443 402 342 1724 358 359 343 883 2257 1584 2461 387 685 429 336 589 1792 331 213 740
internal_value=0 -0.00136776 -0.000892143 5.55722e-05 -0.00473777 -0.00762338 0.00145312 0.00263286 0.00403699 0.00726908 -0.0090913 -0.000683276 0.000720843 -0.00309086 -0.000104856 -0.00220676 -0.00464709 -0.00152866 0.000118248 -0.00138418 -0.00276409 -0.00661549 -0.00297637 -0.00291405 0.000515696 -0.00369222 0.0038443 -0.00338294 -0.0115467 0.00702895
internal_weight=0 2501.24 2366.66 1906.64 460.016 312.189 147.827 998.049 772.288 83.119 134.583 1732.14 1098.49 633.643 368.295 308.207 256.877 200.715 1054.53 748.924 608.472 221.508 159.133 175.962 357.511 157.417 200.094 67.1784 43.6181 174.504
internal_count=28039 17402 16413 13283 3130 2090 1040 10637 8321 586 989 12104 8118 3986 2262 1904 1585 1242 7776 5519 3935 1474 1072 1168 3751 1079 2672 880 544 1179
cat_boundaries=0 1
cat_threshold=2
is_linear=0
shrinkage=0.03


Tree=150
num_leaves=31
num_cat=1
split_feature=12 45 16 92 25 25 45 61 57 89 5 65 42 42 42 42 10 60 0 16 79 5 60 32 89 27 27 77 33 42
split_gain=12.4713 7.7773 14.1851 7.50872 6.88726 7.71098 6.64172 6.49593 6.20987 6.05212 5.68392 7.26715 5.36153 12.4493 6.39793 5.40691 6.46322 5.31766 5.18964 4.95629 5.48342 5.43524 6.34766 7.73694 7.27211 5.51484 5.2452 5.1758 4.82117 6.25432
threshold=1.0000000180025095e-35 0.6119500000000001 72.500000000000014 0.35341666666666671 11.047569444444447 15.060763888888891 0.17305000000000001 1.0000000180025095e-35 0.65485000000000015 0.68515000000000004 401.37500000000006 1.0000000180025095e-35 0.38665000000000005 0.47600000000000003 0.92670000000000008 0.7430500000000001 14.032291666666667 0.80225000000000013 0 728.50000000000011 4.5000000000000009 10211.700000000003 0.71935000000000016 1.0000000180025095e-35 0.78588333333333338 0.47355000000000008 0.15905000000000002 0.25679062500000011 0.029950000000000001 0.25285000000000007
decision_type=2 2 2 2 10 10 2 8 2 2 2 2 2 2 2 2 2 2 1 2 2 2 2 2 2 2 2 2 2 2
left_child=19 3 -3 6 7 9 -2 -4 -7 -6 17 -12 28 -14 15 -15 -17 -5 -11 21 26 22 23 -1 27 -24 -21 -25 -13 -30
right_child=1 2 4 10 5 8 -8 -9 -10 18 11 12 13 14 -16 16 -18 -19 -20 20 -22 -23 25 24 -26 -27 -28 -29 29 -31
leaf_value=0.0091563765634153395 0.014067060262698343 -0.010727524449228767 -0.0013915780109065483 -8.0445612250075894e-05 0.0058249606309252275 -0.0060426649057014484 -0.00182077018235662 0.012864651353892911 0.01360111460052681 0.0027000370169911491 -0.0078109816375351582 0.012184969172409897 -0.01182030802579451 0.0053337974582195781 0.014962250793526088 -0.018599264759693496 0.0010468645069807889 -0.015705592284283906 -0.017316663206680103 -0.001220645880432537 -0.0027121541637911096 0.0069435377865397895 -0.0036112838070061827 -0.0091084491250176397 0.0069130106279352739 0.0055183699895223369 0.012991474207272423 -0.00076072391976431011 0.00045083041049166165 0.0089394034954640225
leaf_weight=70.106784664094448 60.019896017387509 31.5231375657022 31.156126892194152 41.761406125500798 22.599664265289903 13.010414106771348 32.638145875185728 201.9294746145606 46.313508339226246 13.79016119427979 65.400257371366024 45.488566409796476 65.206945456564426 64.301167653873563 22.465590449050069 14.628971021622418 36.298404108732939 27.117585903033614 25.511234425008297 32.608278255909681 59.5144281424582 59.970845356583595 1044.3231934793293 64.0219546854496 93.341620065271854 54.408795703202486 60.33046955242753 717.75700858235359 309.23692053556442 95.057216852903366
leaf_count=468 413 509 351 303 356 203 204 3775 896 306 492 252 345 811 358 247 579 220 489 202 372 388 6492 667 582 346 368 4769 1854 525
internal_value=0 0.00279407 0.00628991 0.0012072 0.00805686 0.0020276 0.00883847 0.0109802 0.0090428 -0.00501815 0.00020906 0.00103523 0.00202613 -0.00195638 0.00319886 -0.000106247 -0.00672296 -0.00744327 -0.0111701 -0.000914668 0.00414367 -0.00129907 -0.00157354 0.000230356 -0.000580086 -0.00311349 0.00837087 -0.00155075 0.00382615 0.00261426
internal_weight=0 1265.45 385.834 879.621 354.311 121.225 92.658 233.086 59.3239 61.9011 786.963 718.084 652.684 202.901 137.694 115.229 50.9274 68.879 39.3014 2256.38 152.453 2103.93 2043.96 945.227 875.121 1098.73 92.9387 781.779 449.783 404.294
internal_count=28142 13488 6885 6603 6376 2250 617 4126 1099 1151 5986 5463 4971 2340 1995 1637 826 523 795 14654 942 13712 13324 6486 6018 6838 570 5436 2631 2379
cat_boundaries=0 1
cat_threshold=2
is_linear=0
shrinkage=0.03


Tree=151
num_leaves=31
num_cat=2
split_feature=0 36 21 33 48 92 48 24 70 25 92 63 86 4 92 57 6 60 45 63 6 42 25 25 32 60 66 30 30 34
split_gain=11.738 10.5576 9.67087 9.00271 14.86 11.1526 8.43149 8.61573 7.70511 6.86404 6.43547 12.5072 6.29771 6.76997 6.24673 7.34089 6.07894 6.02945 6.55351 6.59304 6.00931 5.82581 5.59099 6.38046 7.89266 5.48646 5.26848 5.24611 6.75787 5.73725
threshold=0 0.71115000000000006 0.72077922077922085 0.9063500000000001 0.61420000000000008 0.56055000000000021 0.71515000000000006 1.0000000180025095e-35 1.0000000180025095e-35 14.061458333333336 0.8095500000000001 0.72635000000000016 0.34037000000000006 1 0.30836666666666673 0.8297500000000001 7.1331602710232831 0.93075000000000008 0.66145000000000009 0.79685000000000017 7.4582524752843096 0.70455000000000012 15.060763888888891 16.044791666666672 1.0000000180025095e-35 0.75705000000000011 0.28045000000000003 0.21555000000000005 0.12000000000000001 1.0000000180025095e-35
decision_type=1 2 2 2 2 2 2 10 10 8 2 2 2 1 2 2 2 2 2 2 2 2 8 8 2 2 2 2 2 10
left_child=3 2 8 4 5 12 -6 -8 9 10 -2 -12 13 -1 -15 -16 -9 18 19 -7 -21 -5 -11 -24 -25 -17 -20 28 29 -3
right_child=1 27 -4 21 6 17 7 16 -10 22 11 -13 -14 14 15 25 -18 -19 26 20 -22 -23 23 24 -26 -27 -28 -29 -30 -31
leaf_value=0.0033665885552587862 0.0038086263736079925 0.01020820252476881 0.0054862984430915761 -0.014023767812858559 0.014111511514136022 0.0023664253817309942 0.0082058942856200016 0.0028575550776005453 -0.0092934437877168 -0.011836093590862483 0.006535122346566149 -0.017238570447314978 -0.015692908196152711 0.0018605665274959032 -0.01225033892529879 0.0040899594277000175 -0.011251721845792997 -0.0069134492866019925 -0.0023671801378759181 -0.0084147424547654903 0.0040119164253310594 0.0024629723519469814 0.010367902102989553 0.0086747306065149063 -0.0028240782166565181 -0.0081726876109633577 0.013201208339373357 0.0070038582116322794 -0.0092904353318834232 -0.0035140429167391032
leaf_weight=68.762351967394352 449.63722058199346 52.295432157814503 262.4581496566534 74.077012401074171 60.620031716302037 284.02573133260012 84.628034971654415 48.67325060069561 77.978976666927338 38.091099774464965 31.519261436536908 30.325544821098447 48.634646873921156 61.483917988836765 165.89717125147581 56.312668479979038 44.840782674029469 89.566484877839684 24.387671560049057 115.97085612267256 41.602293025702238 21.554182313382626 30.523790074512362 48.89508013240993 638.29404585622251 56.230768904089928 53.536287952214479 378.56397303566337 37.650512481108308 41.984113587066531
leaf_count=376 3362 326 2146 593 669 1863 803 581 586 276 242 281 447 456 1195 396 515 568 171 763 253 398 226 320 4308 363 467 4498 271 467
internal_value=0 0.00153505 0.000330666 -0.00199371 -0.00130125 -0.0028196 0.00532104 0.00173867 -0.000708246 -0.000111356 0.00254422 -0.00589912 -0.00630584 -0.00484063 -0.0065496 -0.00840682 -0.00434136 -0.000142455 0.00113339 -0.000348093 -0.00509024 -0.0104265 -0.00191824 -0.00123646 -0.00189322 -0.00220385 0.00861374 0.00524887 7.43745e-05 0.00434649
internal_weight=0 2118.22 1607.72 1400.8 1305.17 1066.41 238.762 178.142 1345.27 1267.29 511.482 61.8448 457.322 408.687 339.925 278.441 93.514 609.089 519.523 441.599 157.573 95.6312 755.804 717.713 687.189 112.543 77.924 510.494 131.93 94.2795
internal_count=28186 17309 11747 10877 9886 7318 2568 1899 9601 9015 3885 523 3233 2786 2410 1954 1096 4085 3517 2879 1016 991 5130 4854 4628 759 638 5562 1064 793
cat_boundaries=0 1 2
cat_threshold=1 1
is_linear=0
shrinkage=0.03


Tree=152
num_leaves=31
num_cat=1
split_feature=46 43 55 86 25 15 49 57 6 83 25 60 6 60 83 81 61 83 80 81 63 74 4 6 27 30 83 10 25 57
split_gain=12.9873 10.9054 12.8266 10.6744 16.5394 10.0087 9.85575 8.89228 8.14893 9.87979 8.15467 8.20953 7.96637 8.61676 7.70071 7.49646 6.98779 6.79075 6.61655 7.26221 8.03254 6.5463 6.49499 11.8424 6.35492 7.40185 6.19718 6.07742 5.93796 7.07156
threshold=1.0000000180025095e-35 1.0000000180025095e-35 1.0000000180025095e-35 0.10617000000000001 1.0000000180025095e-35 1.0000000180025095e-35 1.0000000180025095e-35 0.65305000000000013 7.8235799007851901 0.47734000000000004 15.001736111111112 0.87425000000000008 7.1864508433897951 0.68985000000000007 0.46606000000000009 0.66688333333333338 1.0000000180025095e-35 0.34645000000000009 0.91666666666666685 0.76219000000000015 0.61225000000000007 14.500000000000002 0 7.2316451167468827 0.75175000000000014 0.37875000000000009 0.57911000000000012 6.0704861111111121 7.0524305555555564 0.90295000000000014
decision_type=8 8 8 2 10 2 8 2 2 2 8 2 2 2 2 2 8 2 2 2 2 2 1 2 2 2 2 2 8 2
left_child=5 8 17 12 -5 6 16 -8 10 -10 14 -12 13 -4 -2 27 -1 -3 22 24 -21 -19 23 -6 25 -20 -23 -9 -18 -30
right_child=1 2 3 4 18 -7 7 15 9 -11 11 -13 -14 -15 -16 -17 28 21 19 20 -22 26 -24 -25 -26 -27 -28 -29 29 -31
leaf_value=0.0013693747285934597 -0.002027639371589016 -0.0077093079228231463 -0.0094723537737569242 0.01207379179474005 0.0085071256914727132 0.00060917023105189086 0.0063170917238555358 0.0041315509643705265 0.0099483624443525431 -0.0049790514585727145 -0.0026942517721813865 -0.012379543295842045 0.0056979755008569038 0.0017283138527665004 0.0092524965765728422 0.0049053299885713428 -0.0012620608284427384 0.0049628381871875153 0.0005563068818059063 -0.0072497904246231881 0.01040771455372835 -0.01538812778237624 0.0089052543714571355 -0.013408314689258826 0.004719840154071126 -0.013171602688553429 0.0025155738536354758 -0.0085067623322857139 -0.017337575007659038 -0.0020825351397004417
leaf_weight=42.618225824087858 163.39251843839884 120.19020087271929 99.009345360100269 279.41985695064068 39.899136252701283 552.38135474920273 84.787344221025705 34.62196422368288 99.636627934873104 55.038174420595169 300.06883240491152 101.06399799883366 135.10329419374466 136.94671059399843 69.822291776537895 57.066002398729324 42.468574162572622 124.16949048265815 63.321994533762336 23.532331770285964 77.630861908197403 24.629900917410851 208.9248581584543 30.084187714383006 51.273842420428991 67.850746741518378 30.181240618228912 200.9070409424603 124.88749859109521 38.044979758560658
leaf_count=330 959 765 769 2693 282 3495 563 196 525 330 1918 592 853 835 420 344 225 1155 466 396 1620 249 3169 252 900 891 625 1210 712 217
internal_value=0 0.00152589 0.00301089 0.00437672 0.00622642 -0.00233399 -0.00490219 -0.00176058 -0.0013222 0.00465691 -0.00282976 -0.00537618 0.000126463 -0.00316563 0.0015911 -0.00423271 -0.00942892 -0.00248932 0.00316169 -9.02293e-05 0.00601759 0.00123849 0.0063571 -0.00141233 -0.00361361 -0.00697464 -0.0066626 -0.00655637 -0.011629 -0.0141019
internal_weight=0 2301.19 1512.17 1213 841.938 1177.78 625.402 377.382 789.022 154.675 634.348 401.133 371.059 235.956 233.215 292.595 248.019 299.171 562.518 283.61 101.163 178.981 278.908 69.9833 182.447 131.173 54.8111 235.529 205.401 162.932
internal_count=27956 20664 15920 13126 10669 7292 3797 2313 4744 855 3889 2510 2457 1604 1379 1750 1484 2794 7976 4273 2016 2029 3703 534 2257 1357 874 1406 1154 929
cat_boundaries=0 1
cat_threshold=4
is_linear=0
shrinkage=0.03


Tree=153
num_leaves=31
num_cat=1
split_feature=83 5 74 83 83 57 77 45 73 58 45 66 36 27 51 73 66 9 83 32 64 54 45 51 54 40 63 21 42 1
split_gain=9.76034 6.65576 8.15251 7.3878 14.085 7.89443 6.61016 8.24225 6.83029 6.2269 7.97668 5.70222 5.56858 5.56099 5.50358 6.26345 10.0687 5.46007 9.04017 7.29667 6.63944 6.16692 6.99113 5.96534 5.83456 8.71735 7.65241 9.96156 5.57229 9.56815
threshold=0.65367000000000008 1733.1150000000002 15.500000000000002 0.21206000000000003 0.14351000000000003 0.81785000000000008 0.30008125000000008 0.45345000000000008 1.0000000180025095e-35 5.5000000000000009 0.90225000000000011 0.10825000000000001 0.8851500000000001 0.82645000000000013 0.66375000000000006 1.0000000180025095e-35 0.045750000000000006 23.500000000000004 0.17786000000000002 1.0000000180025095e-35 1.0000000180025095e-35 0.66085000000000016 0.10275000000000002 0.44675000000000004 0.25405000000000005 1.0000000180025095e-35 0.81775000000000009 0.57738095238095244 0.16565000000000002 0
decision_type=2 2 2 2 2 2 2 2 8 10 2 2 2 2 2 8 2 2 2 2 10 2 2 2 2 8 2 2 2 1
left_child=1 17 3 4 -3 -6 -5 14 11 10 12 -9 13 -2 15 16 -8 18 -1 -19 21 22 -21 -23 25 -24 27 -27 29 -20
right_child=9 2 -4 6 5 -7 7 8 -10 -11 -12 -13 -14 -15 -16 -17 -18 19 28 20 -22 23 24 -25 -26 26 -28 -29 -30 -31
leaf_value=-0.010159547696501571 0.0011177775019899014 0.0081447647267191975 -0.0092456293120169036 0.013906192438024548 -0.017234899116213481 -6.3424307810549071e-05 -0.012018990557508083 -0.00043110542870262054 -0.0027048022607438615 0.0097888887789108429 -0.011823144272559616 0.011900658557217295 -0.0035497556290527686 0.01223274449056571 0.0080669784221695396 0.0055624839309009553 -0.00021028675058397731 0.0041665428083739412 0.011240239033402006 -0.0025844782391399325 0.0005198624840711425 0.012272507750925057 -0.0090688498568097502 -0.0030221139173902513 -0.014256569985727708 -0.013669738847593945 0.0073787007508532444 0.0057127501393852715 -0.00098080855681119102 -0.0023513987430381451
leaf_weight=42.88631783425808 87.542719349265099 45.347615502774715 53.678100951015949 36.31629703938961 53.991034228354692 38.768984463065863 68.35293348506093 42.037821317091584 49.442136839032173 118.68761412985623 25.189918976277113 148.0901990942657 63.855898467823863 69.173005359247327 63.454827129840851 106.69997183606029 383.08846385776997 129.84898008964956 121.20320325531065 636.67337173037231 362.14385166019201 30.325290009379387 230.90887895599008 46.266756238415837 86.28208495862782 45.611303076148033 63.976334892213345 34.209038401022553 159.15844641812146 67.676255824044347
leaf_count=305 1277 290 417 264 368 240 366 403 438 2182 553 1588 950 1059 587 569 2050 1009 765 4014 2516 283 1468 739 625 325 500 299 1291 424
internal_value=0 -0.000692232 0.00119683 0.00182135 -0.00442367 -0.0107627 0.00282051 0.00219875 0.00680436 0.00443055 0.00156125 0.00928877 0.00353627 0.0064633 0.000344074 -0.000660474 -0.00221997 -0.00169344 0.00146884 -0.00243969 -0.00302135 -0.00410864 -0.00468602 0.00375147 -0.00747197 -0.00557973 0.000248461 -0.00565169 0.00314546 0.00649694
internal_weight=0 3146.44 1089.27 1035.59 138.108 92.76 897.483 861.166 239.57 364.449 245.762 190.128 220.572 156.716 621.596 558.141 451.441 2057.17 390.924 1666.25 1536.4 1174.25 1097.66 76.592 460.988 374.706 143.797 79.8203 348.038 188.879
internal_count=28164 22143 7580 7163 898 608 6265 6001 2429 6021 3839 1991 3286 2336 3572 2985 2416 14563 2785 11778 10769 8253 7231 1022 3217 2592 1124 624 2480 1189
cat_boundaries=0 1
cat_threshold=1
is_linear=0
shrinkage=0.03


Tree=154
num_leaves=31
num_cat=3
split_feature=54 21 54 15 39 77 22 4 83 0 51 45 51 60 27 9 83 69 58 60 4 66 36 66 48 9 51 48 38 25
split_gain=16.8936 11.3532 7.09679 6.94223 8.89313 7.82453 6.45581 9.46709 6.75227 6.95571 6.52325 6.44006 6.31512 5.83886 5.45509 5.78003 5.5392 5.33497 5.26066 7.21295 6.89238 6.81037 5.24109 5.08613 5.0121 5.66103 4.84635 4.83945 5.08485 6.72544
threshold=0.60255000000000014 0.59166666666666679 0.43545000000000006 1.0000000180025095e-35 0.25965000000000005 0.62533125000000001 0.41428571428571431 0 0.70989000000000002 1 0.49135000000000006 0.12255000000000001 0.36295000000000005 0.98445000000000016 0.31785000000000008 58.500000000000007 0.34859000000000001 0.64995000000000014 2.5000000000000004 0.11985000000000003 2 0.067550000000000013 0.33695000000000003 0.17005000000000003 0.92475000000000007 41.500000000000007 0.37715000000000004 0.87695000000000012 1.0000000180025095e-35 19.023958333333336
decision_type=2 2 2 2 2 2 2 1 2 1 2 2 2 2 2 2 2 2 10 2 1 2 2 2 2 2 2 2 2 8
left_child=1 2 6 4 12 -6 8 -8 13 -10 14 -4 -2 18 16 -16 -9 -5 19 -1 21 -21 -22 -19 27 -26 -11 28 -3 -30
right_child=3 24 11 17 5 -7 7 10 9 26 -12 -13 -14 -15 15 -17 -18 23 -20 20 22 -23 -24 -25 25 -27 -28 -29 29 -31
leaf_value=-0.0080765496834063338 0.016815326153696145 0.0063041918327781466 -0.0010454146345964944 0.01588202949206146 -0.011185372991072456 0.0082463261260890368 -0.0045813505741329431 -0.0073253514518193293 -0.006522404265884932 0.018844081197369539 0.016691194038169169 -0.017212402326410095 -0.0012516777084562575 0.0070992910464544451 -0.00010974713461026273 0.014236727449373597 0.0068068436516785713 -0.0022918775008420752 -0.0048743493825722317 -0.014662576682086651 0.0058995587974139431 -0.0011494048990311233 -0.0014937897694346646 0.0085523746474745373 -0.0021710448543931999 0.015018072543856646 0.00014908596795005434 -0.0084541581848482771 0.0028903918314552033 -0.0022056805283663726
leaf_weight=102.64658200368285 26.899696366861463 158.20021690614522 41.017725806683302 63.832228833809495 56.91042347624898 17.617268146947026 114.39582091197371 56.40036578476429 19.135793684050441 24.98214196972549 30.983025208115578 42.077309556305408 30.536911103874445 41.473684187978506 45.279022641479969 46.776280999183655 30.549183443188667 48.65800822339952 795.68112610280514 33.71063232421875 195.07021132856607 153.43273429200053 143.24446128681302 132.1010814178735 22.981770269572735 39.546167043969035 19.650819147005677 35.891961026936769 512.86178410053253 411.01385711319745
leaf_count=727 174 1091 251 1153 464 446 821 457 255 251 289 280 314 271 285 299 158 894 5204 240 1304 1027 962 2587 238 407 336 392 3927 2528
internal_value=0 -0.000691392 -0.00210095 0.00595654 0.00034561 -0.00615984 -0.00168497 0.00211135 -0.00249885 0.00641995 0.00579988 -0.0102015 0.00844855 -0.00292789 0.00313139 0.00786085 -0.00217014 0.00885132 -0.00326745 -0.00118734 0.000284145 -0.00420385 0.00281616 0.00566612 0.00161909 0.00927206 0.012147 0.00111266 0.00150449 0.000623909
internal_weight=0 3117 1936.51 376.556 131.964 74.5277 1853.41 324.384 1529.03 63.7688 209.988 83.095 57.4366 1465.26 179.005 92.0553 86.9495 244.591 1423.79 628.105 525.458 187.143 338.315 180.759 1180.5 62.5279 44.633 1117.97 1082.08 923.876
internal_count=28032 22000 13417 6032 1398 910 12886 2309 10577 842 1488 531 488 9735 1199 584 615 4634 9464 4260 3533 1267 2266 3481 8583 645 587 7938 7546 6455
cat_boundaries=0 1 2 3
cat_threshold=4 1 2
is_linear=0
shrinkage=0.03


Tree=155
num_leaves=31
num_cat=3
split_feature=83 60 63 88 21 74 72 0 72 69 61 54 3 45 67 48 48 60 25 69 61 48 63 5 25 45 58 5 1 83
split_gain=10.9046 8.73021 8.56692 10.673 6.7576 7.42601 8.27173 7.03058 6.72104 6.33889 5.95514 5.94298 5.84657 8.04668 9.29128 7.46072 9.19078 7.43372 6.68494 6.76312 8.91883 8.0721 7.1051 6.62836 5.96657 8.31059 5.30628 5.11069 4.9508 4.94797
threshold=0.67867000000000022 0.85785000000000011 0.098400000000000015 2.5000000000000004 0.91287878787878796 10.500000000000002 0.11990000000000002 0 0.79495000000000016 0.83125000000000016 3.5000000000000004 0.64075000000000015 1 0.92965000000000009 1.0000000180025095e-35 0.71835000000000016 0.83495000000000008 0.48585000000000006 15.019791666666668 0.80335000000000012 2.5000000000000004 0.090150000000000022 0.78015000000000012 466.48000000000008 5.0489583333333341 0.43020000000000008 5.5000000000000009 1156.8850000000002 2 0.20941000000000001
decision_type=2 2 2 2 2 2 2 1 2 2 8 2 1 2 8 2 2 2 10 2 10 2 2 2 8 2 8 2 1 2
left_child=2 10 3 9 5 6 -4 -8 -6 -1 11 28 13 14 23 29 -17 -16 19 22 21 -21 -19 -7 -24 -26 -20 -9 -2 -14
right_child=1 -3 4 -5 8 12 7 27 -10 -11 -12 -13 15 -15 17 16 -18 18 26 20 -22 -23 24 -25 25 -27 -28 -29 -30 -31
leaf_value=-0.0069721462935562065 0.00040464807083545926 0.01280826105193102 0.012918604408596867 0.0096767426607987511 -0.00054525336210959241 -0.005616748394413818 -0.0062987294785164629 0.011473799529512472 0.016004647668974359 0.0069591289955313815 0.007979192615623399 0.0084416124012556097 -0.0083992294022837994 0.0090823266244482882 0.0028293056856075966 0.010903726293851666 -0.0034437810282420926 -0.0047293242281667581 -0.017630780892003588 -0.0019314879094853568 -0.0012265214426180411 -0.020825240267109083 -0.0064458864190906602 0.0021877170388870846 0.014410011018297276 -0.0039340453104002903 -0.0023760664634250167 -0.0023691645181069536 -0.011996844107793296 -0.0032730063394350232
leaf_weight=76.952341891825199 60.863138373941183 83.402241736650467 53.730599898844957 139.32415614463389 47.718602161854506 104.79929233342409 72.513851694762707 46.145134832710028 30.121128955855966 35.036625031381845 72.883368501439691 27.233983043581247 213.14283333718777 62.929696837440133 116.94135848991573 59.442252052947879 87.256958900019526 134.69937674514949 53.925864540040493 33.73364076949656 95.645262127742171 51.522277653217316 23.132215643301606 665.58458197489381 57.739673724398017 27.764554062858224 35.424967071041465 36.887536697089672 44.222262430936098 838.9415530283004
leaf_count=524 798 1532 363 958 339 742 506 282 231 236 1386 731 1532 804 820 435 637 1081 457 226 850 448 225 4708 392 360 355 224 567 5272
internal_value=0 0.00519133 -0.000802528 0.00440905 -0.00125994 -0.00150586 0.00381568 8.08311e-05 0.0069519 -0.00240045 0.0016442 -0.00216068 -0.00193684 -0.000637451 -0.00113986 -0.00347114 0.00269464 -0.0038116 -0.00534885 -0.0036054 -0.00783266 -0.014337 -0.000277635 0.00106767 0.00517544 0.00866519 -0.0124307 0.00573039 -0.00540313 -0.00438084
internal_weight=0 288.605 3201.06 251.313 2949.74 2871.9 209.277 155.547 77.8397 111.989 205.203 132.319 2662.63 1463.84 1400.91 1198.78 146.699 630.529 513.588 424.237 180.901 85.2559 243.336 770.384 108.636 85.5042 89.3508 83.0327 105.085 1052.08
internal_count=28021 5014 23007 1718 21289 20719 1375 1012 570 760 3482 2096 19344 11468 10664 7876 1072 5214 4394 3582 1524 674 2058 5450 977 752 812 506 1365 6804
cat_boundaries=0 1 2 3
cat_threshold=1 3 1
is_linear=0
shrinkage=0.03


Tree=156
num_leaves=31
num_cat=1
split_feature=28 37 54 58 89 83 60 74 89 66 86 30 69 25 60 25 83 86 54 48 10 25 9 72 5 4 45 89 9 60
split_gain=9.90315 9.19796 8.25803 7.82388 8.31716 7.93699 7.02254 7.00818 11.3069 8.0626 6.95388 5.75414 6.04043 5.64597 5.4732 5.42301 5.42448 5.39825 8.73188 6.00201 7.28827 5.87158 8.49002 8.47849 8.69215 7.18164 6.88602 5.69161 5.59855 5.36921
threshold=inf 1.0000000180025095e-35 0.49825000000000003 5.5000000000000009 0.71248333333333347 0.24831000000000006 0.8841500000000001 11.500000000000002 0.75725000000000009 0.074350000000000013 0.075720000000000023 0.15015000000000003 0.75975000000000015 15.037847222222224 0.73625000000000007 6.0309027777777784 0.70396000000000003 0.13591000000000003 0.18815000000000001 0.17735000000000004 17.005902777777781 12.071875000000002 36.500000000000007 0.81245000000000012 3959.5200000000004 0 0.47745000000000004 0.74951666666666672 22.500000000000004 0.85405000000000009
decision_type=8 8 2 8 2 2 2 2 2 2 2 2 2 10 2 8 2 2 2 2 2 10 2 2 2 1 2 2 2 2
left_child=1 7 3 4 15 -5 -2 8 10 -10 -1 14 -13 -14 -4 -3 -17 19 21 -9 -21 23 -23 24 25 27 -27 -19 -20 -30
right_child=6 2 11 5 -6 -7 -8 17 9 -11 -12 12 13 -15 -16 16 -18 18 28 20 -22 22 -24 -25 -26 26 -28 -29 29 -31
leaf_value=-0.0060786164806318618 0.010066910073275646 -0.0048442184242305768 -0.012486936469127753 -0.0073607898971016997 -0.0035645638684755152 0.0055900520006798423 -0.0032681160780863691 -0.0030302203087176475 -0.0014174722209177606 0.01348934736048648 0.0044076195436002193 0.014352207700547666 0.0066901173688430886 -0.009127910910440731 0.0059707473921662355 0.0049285361789850731 -0.0061142597054808893 0.010333001504607872 -0.012095476031893589 -0.00062229572474085742 -0.016517274821663649 0.0072091048029628334 -0.0079186652813476865 0.0083074961960746454 0.011469411851994994 -0.01044346018646089 0.0024793034368514664 -0.0041157702564000483 6.482883628179064e-05 -0.0082094066258564802
leaf_weight=133.81244284659624 139.4111163970083 73.34594657830894 16.991107018664479 39.384266845881939 465.08041820116341 362.46488661319017 41.263735441491008 375.32543330639601 45.8010418638587 90.328828740864992 85.139371272176504 87.531508512794971 78.869552187621593 16.99148123152554 22.143555184826255 323.65800098143518 36.883558792993426 46.467316187918186 63.680345542728901 40.850908532738686 65.327839218080044 37.692698802798986 108.19847577065229 157.11709677055478 37.624542478471994 101.68972185999155 50.681469058617949 35.918517455458641 209.12527341209352 96.422728426754475
leaf_count=991 1082 520 257 232 3757 3308 344 2532 268 538 546 1812 1672 377 364 2108 440 271 449 277 454 251 667 960 231 593 372 198 1531 708
internal_value=0 -2.1654e-05 0.00168392 0.000746998 -0.000813465 0.00417286 0.00700969 -0.00148157 0.00224452 0.00872015 -0.00198663 0.00689317 0.00903843 0.00328895 -0.00295342 0.00214929 0.00366433 -0.00241848 -0.00107871 -0.00497142 -0.0109818 0.0012315 -0.0037985 0.00298763 -0.000266544 -0.00253922 -0.00625714 0.00426999 -0.00461638 -0.00272371
internal_weight=0 3304.55 1523.34 1300.82 898.968 401.849 180.675 1781.2 355.082 136.13 218.952 222.527 183.393 95.861 39.1347 433.888 360.542 1426.12 944.618 481.504 106.179 575.39 145.891 429.499 272.382 234.757 152.371 82.3858 369.228 305.548
internal_count=28110 26684 14847 10365 6825 3540 1426 11837 2343 806 1537 4482 3861 2049 621 3068 2548 9494 6231 3263 731 3543 918 2625 1665 1434 965 469 2688 2239
cat_boundaries=0 1
cat_threshold=4
is_linear=0
shrinkage=0.03


Tree=157
num_leaves=31
num_cat=0
split_feature=21 5 10 89 79 83 74 48 74 82 51 81 81 63 81 72 43 66 16 63 5 10 28 45 51 45 5 48 51 21
split_gain=11.7548 8.44099 12.2488 7.4442 7.40198 9.22177 7.54873 9.28912 7.43679 7.01449 6.51887 9.28819 6.45548 6.0971 6.08684 5.89292 8.33052 15.7308 10.1199 7.11674 6.27742 6.57864 5.89177 6.29969 5.64135 7.78348 5.82984 5.58077 5.47291 10.696
threshold=0.63961038961038974 1853.5500000000004 14.062847222222224 0.64755000000000018 3.5000000000000004 0.20711000000000002 14.500000000000002 0.27200000000000008 10.500000000000002 4.5000000000000009 0.62975000000000014 0.38500666666666672 0.85378333333333345 0.017250000000000005 0.43671666666666675 0.89305000000000012 1.0000000180025095e-35 0.31615000000000004 381.50000000000006 0.40625000000000006 1179.1550000000004 27.046875000000004 1.0000000180025095e-35 0.076850000000000016 0.93045000000000011 0.85835000000000006 664.07500000000016 0.66045000000000009 0.34855000000000008 0.38750000000000007
decision_type=2 2 2 2 2 2 2 2 2 2 2 2 2 2 2 2 8 2 2 2 2 2 8 2 2 2 2 2 2 2
left_child=4 27 -3 -4 8 -6 13 14 -1 -9 12 -12 28 -7 -8 16 -15 18 19 -18 -17 -22 -5 -24 25 26 -13 -2 -10 -30
right_child=1 2 3 22 5 6 7 9 10 -11 11 24 -14 15 -16 20 17 -19 -20 -21 21 -23 23 -25 -26 -27 -28 -29 29 -31
leaf_value=0.0073028683813970421 -0.0011967155691362679 0.013263501011491131 0.011716697761234495 -0.0052873045681986579 -0.0092420924102114901 -0.010654168454200443 -0.0042324008113045477 0.010258808626049791 -0.0011587284061496054 -0.0047680844890065311 0.016023057288521974 -0.0056281584198694954 0.0078051835142988286 -0.0024492246393243975 -0.02158635451250035 -0.010057964278941157 0.0054676193720933153 0.010314222422153244 0.0094086548100963795 -0.0098558229878172778 -0.0058730125972652385 0.010417590801176461 -0.0046931005352154045 0.0090247908173615114 -0.0097919846457971936 -0.010271778284596559 0.011644856640706368 0.0049064593380758513 -0.016962236952879919 0.00021643700886054878
leaf_weight=112.40162948146462 528.76303493790329 122.85638314671814 46.442461693659425 106.55921816453338 173.76582647487521 40.090322855859995 38.740739934146404 24.259760703891516 709.75420905649662 148.23726629279554 38.128829998895526 16.41022864729166 52.422131959348917 271.32639132067561 38.659921919927001 83.170720459893346 29.160222245380282 182.73793224617839 41.29373306594789 99.133529953658581 39.960973273962736 30.595034249126911 39.816855581477284 71.900361496955156 26.34701575525105 18.483830412849784 63.988027950748801 169.90951050072908 51.525451309978962 68.903188165277243
leaf_count=733 3797 1052 379 692 1383 302 218 298 4621 1605 270 225 324 1647 366 616 233 1634 365 815 302 221 354 925 341 292 832 2519 326 439
internal_value=0 0.00232656 0.00581654 0.00200341 -0.0014207 -0.00302075 -0.00193154 -0.00638599 0.000304861 -0.00220839 -0.000509198 0.00482021 -0.00153855 -0.000509106 -0.0143784 0.000142754 0.00145195 0.00444092 -0.00210974 -0.0062294 -0.00493277 0.00160734 -0.000486016 0.00415174 0.000476599 0.00386068 0.00788665 0.0003358 -0.00221444 -0.00787045
internal_weight=0 1086.25 387.575 264.719 2399.5 1241.13 1067.37 249.898 1158.36 172.497 1045.96 163.358 882.605 817.469 77.4007 777.379 623.652 352.325 169.587 128.294 153.727 70.556 218.276 111.717 125.229 98.8821 80.3983 698.673 830.183 120.429
internal_count=28126 9718 3402 2350 18408 10005 8622 2487 8403 1903 7670 1960 5710 6135 584 5833 4694 3047 1413 1048 1139 523 1971 1279 1690 1349 1057 6316 5386 765
is_linear=0
shrinkage=0.03


Tree=158
num_leaves=31
num_cat=1
split_feature=4 49 69 10 79 57 72 33 16 81 72 74 69 66 58 27 92 72 9 72 25 30 27 54 66 74 76 92 49 22
split_gain=11.4805 7.67034 9.71207 8.25339 8.16324 8.14757 8.05054 7.87825 8.08091 7.78801 6.41228 6.12281 6.26287 6.03228 5.83512 7.10104 6.90767 5.67493 5.98463 6.68753 5.399 6.1563 5.22504 5.19607 5.06003 4.87112 4.99345 8.27827 14.2055 6.12464
threshold=0 1.0000000180025095e-35 0.89265000000000005 43.029513888888893 5.5000000000000009 0.70595000000000008 0.67575000000000007 0.66415000000000013 229.50000000000003 0.39970833333333339 0.98175000000000012 14.500000000000002 0.71205000000000007 0.20875000000000002 2.5000000000000004 0.35315000000000007 0.73975000000000024 0.91965000000000008 27.500000000000004 0.87465000000000015 6.0093750000000012 0.0036500000000000005 0.48135000000000006 0.0037500000000000003 0.97235000000000016 15.500000000000002 3.5000000000000004 0.30836666666666673 1.0000000180025095e-35 0.14835164835164838
decision_type=1 8 2 2 2 2 2 2 2 2 2 2 2 2 10 2 2 2 2 2 8 2 2 2 2 2 2 2 8 2
left_child=1 2 4 6 9 -4 20 13 14 -1 17 12 -11 -8 23 -16 -17 18 -10 -20 -3 -22 -19 -9 25 26 -2 28 -28 -29
right_child=24 3 5 -5 -6 -7 7 8 10 11 -12 -13 -14 -15 15 16 -18 22 19 -21 21 -23 -24 -25 -26 -27 27 29 -30 -31
leaf_value=-0.0073345442550488589 -0.0055544802321683545 -0.00049333797026333999 -0.0052564104918958231 -0.0088202080554452868 -0.013193360108794091 0.012493231901303874 -0.0015967987830944367 -0.005344535487773713 -0.0061299873894526194 0.013158264115118407 -0.010376798725012529 -0.0051334402523769184 -0.0012274277775295248 0.012349872232901928 0.0027951680014517244 -0.018957488016395779 -0.00029929373563425036 0.00021233166909739309 0.0082124553208076847 -0.0062572819117260444 -0.0043229351515206927 0.011588963441408402 0.019222545553928824 0.0092280147270330914 0.0076353743008198771 -0.010011121262759239 -0.006539799433558471 -0.0021697621149807519 0.01402635021366137 0.0022456665674976148
leaf_weight=99.552593190222979 213.04490096122026 50.276433583348989 27.794675704091787 35.732190005481243 56.125135246664286 61.096613625064492 35.832201402634382 35.115657353773713 47.511232372373343 54.035474317148328 17.992915133014321 46.607258725911379 44.66130992770195 89.819949010387063 30.834130257368088 48.697305802255869 26.134127266705036 19.564504258334637 120.97329880483449 28.856173507869244 19.104485394433141 219.36765000782907 30.240358121693134 33.70027375407517 45.55145775899291 49.805323962122202 40.256278414279222 1439.8936575576663 72.431263983249664 342.58180065639317
leaf_count=554 2101 651 205 425 400 464 407 277 583 435 232 486 360 1133 259 716 448 160 1599 356 207 2514 476 372 286 383 218 8990 423 1950
internal_value=0 0.00223267 -0.00125404 0.00375744 -0.00382986 0.00697293 0.00437968 0.00222773 0.000271279 -0.00125014 0.0035228 0.00312235 0.00713455 0.00854818 -0.00459279 -0.00872714 -0.0132447 0.00489892 0.00231472 0.00520854 0.00837688 0.0101916 0.0130391 0.00205726 -0.0013282 -0.00155175 -0.00130558 -0.000801296 0.00674513 -0.00131335
internal_weight=0 1279.63 389.873 889.753 300.982 88.8913 854.021 565.272 439.62 244.857 265.138 145.304 98.6968 125.652 174.481 105.666 74.8314 247.146 197.341 149.829 288.749 238.472 49.8049 68.8159 2203.56 2158.01 2108.21 1895.16 112.688 1782.48
internal_count=28070 13719 2904 10815 2235 669 10390 7018 5478 1835 3406 1281 795 1540 2072 1423 1164 3174 2538 1955 3372 2721 636 649 14351 14065 13682 11581 641 10940
cat_boundaries=0 1
cat_threshold=1
is_linear=0
shrinkage=0.03


Tree=159
num_leaves=31
num_cat=0
split_feature=55 72 66 92 51 42 86 18 52 52 21 60 60 78 70 33 33 82 9 5 61 10 43 5 57 69 51 86 86 60
split_gain=10.0767 7.865 5.70445 8.24695 8.08089 7.26568 8.29868 6.34347 6.32045 5.1467 5.10771 5.1447 5.08638 5.07239 5.8853 6.26992 8.76641 6.91849 7.63862 9.5568 7.02099 5.76384 5.67509 8.08261 8.38952 6.22964 5.79781 9.13643 8.00433 5.38674
threshold=1.0000000180025095e-35 0.98535000000000006 0.13535000000000003 0.47558333333333341 0.83925000000000016 0.81735000000000013 0.63945000000000007 4.5000000000000009 9.0628472222222243 3.0489583333333337 0.86607142857142871 0.76815000000000011 0.32650000000000007 5.5000000000000009 1.0000000180025095e-35 0.94255000000000011 0.85365000000000013 3.5000000000000004 21.500000000000004 1476.5150000000001 9.5000000000000018 20.005208333333339 1.0000000180025095e-35 997.2650000000001 0.64995000000000014 0.83835000000000015 0.68925000000000014 0.20551 0.35082000000000008 0.67405000000000015
decision_type=10 2 2 2 2 2 2 2 10 8 2 2 2 2 10 2 2 2 2 2 8 2 8 2 2 2 2 2 2 2
left_child=1 10 3 -2 -5 7 -7 9 -9 -4 13 -12 -11 14 15 16 17 -1 19 -19 -20 -21 23 24 -15 26 27 -24 -28 -25
right_child=2 -3 5 4 -6 6 -8 8 -10 12 11 -13 -14 22 -16 -17 -18 18 20 21 -22 -23 25 29 -26 -27 28 -29 -30 -31
leaf_value=0.0078301455704311764 0.008594607749957902 -0.0083409352709412146 -0.002663183672439895 3.466756189965266e-05 -0.021482045822375978 -0.0086658518806030926 0.0074376807252799181 0.0079373558606653551 -0.012136305125261202 0.00046038881381738132 0.012146809208079562 8.6381793084338394e-05 0.017068343465645553 -0.017583163888640861 -0.0058430260778341986 -0.0063683305019344516 0.0092415187904358667 0.010541936810768751 -0.0011387998713354201 0.0059154013736710323 0.01007587607786359 -0.0078853057103769816 -0.0029246657984470311 -0.0054331849676132124 -0.004465148883995641 0.004384644149754582 0.0058997373325082062 0.0079795780595384638 -0.014836632700154347 0.0024474795315766631
leaf_weight=115.15110747888684 35.877653619274497 92.442524537444115 13.912091227248309 42.458000086247921 14.904703790321944 41.902937049046159 54.723158586770296 24.100443182513118 14.101544946432112 19.844244124367833 52.362315645441413 65.320048483088613 112.7226759083569 50.939848016947508 99.532345727086067 80.02561373449862 120.27100652270019 124.74827141687274 1036.1262375134975 39.643271999433637 42.808615507557988 51.171619512140751 263.36705608665943 115.22291287779808 199.38533534482121 212.52405273914337 17.172480385750532 82.579404393211007 48.433897651731968 197.59007505699992
leaf_count=759 492 661 228 628 251 569 1205 430 286 210 381 494 1787 364 705 676 1049 861 7067 271 295 340 1806 747 1254 1679 102 683 674 1128
internal_value=0 -0.000166133 0.00498148 -0.00134526 -0.00791514 0.0070527 0.000296429 0.0103908 -0.000453018 0.0130671 0.000111316 0.00598367 0.0147889 -0.000147022 0.000897432 0.00134765 0.00178998 0.0010936 0.000438924 0.00546105 -0.000605395 -0.00187172 -0.00164587 -0.00380142 -0.00770748 0.000328469 -0.00182045 -0.000170707 -0.00934646 -0.000533705
internal_weight=0 3106.82 374.547 93.2404 57.3627 281.307 96.6261 184.681 38.202 146.479 3014.38 117.682 132.567 2896.69 1709.48 1609.95 1529.92 1409.65 1294.5 215.563 1078.93 90.8149 1187.22 563.138 250.325 624.077 411.553 345.946 65.6064 312.813
internal_count=28082 21996 6086 1371 879 4715 1774 2941 716 2225 21335 875 1997 20460 12023 11318 10642 9593 8834 1472 7362 611 8437 3493 1618 4944 3265 2489 776 1875
is_linear=0
shrinkage=0.03


Tree=160
num_leaves=31
num_cat=2
split_feature=79 1 77 86 16 77 92 3 60 82 45 54 22 86 45 86 45 45 51 52 51 9 52 86 77 37 16 9 27 52
split_gain=8.41058 9.63959 8.47521 8.4687 7.45432 6.97291 7.55704 6.33503 7.2325 6.86687 8.16095 6.40694 6.17203 5.37547 5.5414 5.34854 5.27747 5.24069 5.58233 6.04158 5.8845 8.10177 7.18966 7.93267 10.9138 7.1254 5.00277 4.98788 7.86432 6.87106
threshold=2.5000000000000004 0 0.69991562500000015 0.23695000000000002 142.50000000000003 0.30202187500000005 0.56548333333333345 1 0.74195000000000011 4.5000000000000009 0.15905000000000002 0.33750000000000008 0.095454545454545472 0.13993000000000003 0.12255000000000001 0.44578000000000007 0.66985000000000017 0.87735000000000007 0.48290000000000005 15.04965277777778 0.23765000000000003 51.500000000000007 5.0295138888888902 0.2791900000000001 0.37604687500000006 1.0000000180025095e-35 216.50000000000003 58.500000000000007 0.21225000000000002 11.02326388888889
decision_type=2 1 2 2 2 2 2 1 2 2 2 2 2 2 2 2 2 2 2 10 2 2 10 2 2 8 2 2 2 8
left_child=1 5 7 4 -3 -1 -7 8 9 10 -2 13 27 -10 -15 -5 -4 18 20 -20 22 -22 23 24 25 -14 -8 28 29 -9
right_child=2 3 16 15 -6 6 26 12 11 -11 -12 -13 17 14 -16 -17 -18 -19 19 -21 21 -23 -24 -25 -26 -27 -28 -29 -30 -31
leaf_value=0.0092107322536789799 -0.0072638202758328208 0.010396609386111377 -0.0033871279779870943 0.017694079451996435 0.00081276418707064597 -0.011496291987927834 -0.0063376960618970581 0.012258435284921336 -0.0027765545227564758 -0.010321943094617324 0.0075477072806837435 -0.0089657279227877834 -0.0016293382214336285 0.012600701670854347 0.00064326532602627495 0.0005598988437318553 0.013494625069813486 -0.0064820944939348035 0.013988471435164003 -0.002427946770774929 -0.013097267938794618 0.0031572831652130445 0.011796753660295601 0.011215444000693841 -0.011390879173130738 0.013442475595497581 0.0067506137313268055 -0.0023602731183642572 -0.0010222778539983872 0.0016089542464207303
leaf_weight=29.984372891485691 67.507167872041464 92.885874819010496 18.120240582153201 63.680783227086067 258.54932652041316 69.375939385965466 36.598166074603796 75.79505973495543 111.09199241548777 173.77900166250765 49.05162981338799 49.342773729935288 76.082481734454632 52.048365395516157 82.286323808133602 21.949954684823751 51.866009058430791 39.592913888394833 70.266995774582028 23.413021169602871 38.737933363765478 56.729673057794571 71.917528375983238 44.578700976446271 57.955080036073923 33.247341021895409 50.676186319440603 863.57325641997159 564.81301804073155 159.76854436285794
leaf_count=234 478 595 520 476 1559 467 231 545 704 1184 343 383 585 298 515 329 1530 423 830 260 224 327 410 379 284 209 328 7196 5042 1082
internal_value=0 0.00343943 -0.00038297 0.00583702 0.00356338 -0.00218663 -0.00478999 -0.000659496 -0.00337346 -0.00670662 -0.000926792 -8.87627e-05 9.71814e-05 0.00197708 0.00582824 0.0138198 0.00924674 0.00294358 0.00385057 0.0100471 0.00210113 -0.00405479 0.00423959 0.00125821 -0.00187819 0.00369643 0.00117479 -0.000791318 0.000909755 0.00539519
internal_weight=0 623.701 2831.57 437.066 351.435 186.635 156.65 2761.58 585.107 290.338 116.559 294.769 2176.47 245.427 134.335 85.6307 69.9862 512.522 472.929 93.68 379.249 95.4676 283.781 211.864 167.285 109.33 87.2744 1663.95 800.377 235.564
internal_count=27970 4219 23751 2959 2154 1260 1026 21701 3905 2005 821 1900 17796 1517 813 805 2050 3931 3508 1090 2418 551 1867 1457 1078 794 559 13865 6669 1627
cat_boundaries=0 1 2
cat_threshold=2 8
is_linear=0
shrinkage=0.03


Tree=161
num_leaves=31
num_cat=0
split_feature=71 76 16 83 83 74 77 89 30 16 16 37 17 42 30 45 25 33 63 25 77 5 57 25 57 24 10 74 77 27
split_gain=8.69193 8.46743 8.58335 7.87776 10.3182 7.65378 8.04155 8.40254 6.97838 7.17523 7.76767 9.31567 8.67287 6.97323 7.51914 6.946 12.9802 11.066 7.45969 6.84261 7.45408 6.83583 6.82729 6.78948 6.43139 6.41281 6.32147 6.26284 8.03548 6.2028
threshold=1.0000000180025095e-35 12.500000000000002 359.50000000000006 0.67867000000000022 0.62523000000000006 14.500000000000002 0.26147187500000008 0.41863333333333341 0.46975000000000006 119.50000000000001 156.50000000000003 1.0000000180025095e-35 3.5000000000000004 0.64415000000000011 0.48405000000000004 0.37685000000000007 16.060763888888889 0.45175000000000004 0.88375000000000015 2.0024305555555562 0.61287812500000005 1023.8750000000001 0.78365000000000007 18.067708333333339 0.29370000000000007 1.0000000180025095e-35 25.003819444444449 10.500000000000002 0.43736875000000014 0.48865000000000008
decision_type=2 2 2 2 2 2 2 2 2 2 2 8 2 2 2 2 8 2 2 10 2 2 2 8 2 8 2 2 2 2
left_child=27 5 3 4 -3 6 -2 21 9 -9 11 12 -11 14 -10 17 29 18 -12 26 -21 -8 -19 -16 -23 -15 -7 -1 -29 -17
right_child=1 2 -4 -5 -6 19 7 8 13 10 15 -13 -14 25 23 16 -18 22 -20 20 -22 24 -24 -25 -26 -27 -28 28 -30 -31
leaf_value=0.012740881993749934 -0.0088717055043140685 0.0042818021467258558 0.014714084951832308 0.0072549543083954681 -0.023775903722641756 -0.018418486299383908 -9.5771739125342882e-05 -0.0054241114447076064 0.012131652817103366 0.019258687245441497 0.0015469087745795 -0.0039672406198568849 0.00045641213269928982 -0.0058497142901650064 0.0029174489012826228 -0.009922112220388175 0.0086016698943186948 -0.012486336990984516 -0.0061163955458061019 -0.00040121876025444198 -0.010607371568314785 0.0028967136442508666 -0.0023975267530547241 -0.0037369314772105959 0.018351253919217495 0.010544342608902784 -0.0010095447212751221 -0.001653870801702204 0.007995080078188891 0.0041973723699187436
leaf_weight=59.563177086412907 78.029630199074745 19.420138873159885 56.563372744247317 48.272702956572175 12.592414317652581 41.636594112962484 81.407697273418307 293.00176080316305 38.068474162369967 46.702693648636341 487.13159799203277 45.582718627527356 36.971859123557806 19.030078755691648 280.12275194004178 64.11050346121192 149.74067133851349 119.71492135897279 138.4770944416523 332.47843447327614 70.136170689016581 49.806333027780056 123.95918919146061 253.22242150083184 47.193601354956627 120.33494156040251 31.412512358278036 171.27758123725653 128.08554843440652 37.78848147764802
leaf_count=395 789 540 1690 1412 351 309 605 1917 234 314 2992 307 225 296 2006 415 1027 698 856 1945 1009 343 750 1558 322 1749 236 975 1491 398
internal_value=0 -0.000286336 0.00674845 0.000128282 -0.00978717 -0.000630183 3.66021e-05 0.000357532 -0.000150549 -0.00128204 -0.000275933 0.00641222 0.0118865 0.00228975 0.000766965 -0.00109704 0.00320781 -0.00236552 -0.000218888 -0.00407755 -0.00239314 0.0064438 -0.0076509 -0.000252557 0.0114282 0.00806399 -0.0119553 0.00458219 0.00259952 -0.00477883
internal_weight=0 3122.91 136.849 80.2853 32.0126 2986.06 2510.4 2432.37 2253.96 1543.18 1250.18 129.257 83.6746 710.779 571.414 1120.92 251.64 869.283 625.609 475.664 402.615 178.408 243.674 533.345 96.9999 139.365 73.0491 358.926 299.363 101.899
internal_count=28154 25293 3993 2303 891 21300 17801 17012 15742 9899 7982 846 539 5843 3798 7136 1840 5296 3848 3499 2954 1270 1448 3564 665 2045 545 2861 2466 813
is_linear=0
shrinkage=0.03


Tree=162
num_leaves=31
num_cat=0
split_feature=46 43 12 57 48 39 52 27 74 77 16 63 27 5 77 5 77 92 39 88 63 16 63 16 27 68 63 30 5 33
split_gain=8.98782 9.31741 10.0855 10.299 8.27103 8.35844 10.9967 9.38372 8.19463 8.06643 7.17334 6.98866 9.12604 6.89766 6.55271 9.52583 6.23707 6.15701 6.14891 6.03853 6.33231 6.02141 8.01166 7.43454 5.93054 5.80226 5.55799 4.40211 4.38915 4.31188
threshold=1.0000000180025095e-35 1.0000000180025095e-35 1.0000000180025095e-35 0.98055000000000014 0.41015000000000007 0.090050000000000005 7.057986111111112 0.10615000000000001 14.500000000000002 0.6806906250000001 264.50000000000006 0.84905000000000008 0.22655000000000003 2113.3150000000005 0.31603437500000009 638.27500000000009 0.41719687500000002 0.60778333333333345 0.38385000000000008 2.5000000000000004 0.96555000000000013 177.50000000000003 0.68925000000000014 445.50000000000006 0.019650000000000004 1.0000000180025095e-35 0.34175000000000005 0.64405000000000012 1612.8950000000002 0.041750000000000002
decision_type=8 8 2 2 2 2 8 2 2 2 2 2 2 2 2 2 2 2 2 2 2 2 2 2 2 2 2 2 2 2
left_child=19 11 4 8 5 21 18 24 -4 10 -10 25 17 14 -9 -16 -17 -13 -7 28 -21 22 -3 -23 -8 -2 -6 -14 -1 -27
right_child=1 2 3 -5 26 6 7 13 9 -11 -12 12 27 -15 15 16 -18 -19 -20 20 -22 23 -24 -25 -26 29 -28 -29 -30 -31
leaf_value=-0.00058763413824508657 0.0088301540443919153 0.019907627072267162 0.0090256056792233936 -0.010371967225803131 -0.0035063797984786894 -0.0027419291791725654 0.0016554116709947332 -0.0083954412625574758 -0.013760964729989354 0.0076158931209875918 0.0033871511901908883 0.010034818532435198 -0.012821578450177314 0.0095412798644552068 0.01079051908266547 0.0024403771279423222 -0.0098722205332487396 -0.0057760278926262867 -0.018345753166424124 -0.0031095051298986715 0.005594416939000057 -0.0045440104687528545 0.000598724482083513 0.0094089077762273855 -0.011981997520856918 0.0057705306320679555 0.0083908717390859377 -0.00089187948990123757 0.011104737030909834 -0.0016762082799260793
leaf_weight=61.339788813143969 56.90621330589056 32.509346138685942 394.69387650862336 24.363991390913725 38.288787895813584 45.962462853640318 39.778015606105328 58.692348048090935 37.075539732351899 64.458344601094723 35.172616425901651 37.495269902050495 104.40722251683474 73.518963132053614 66.381146937608719 90.874501019716263 49.292684141546488 32.6136160120368 44.710783984512091 1006.8114854358137 72.177284326404333 85.782581232488155 36.657328993082047 43.631765972822905 76.004790887236595 72.680264487862587 164.93917618505657 38.872022785246372 43.079802341759205 447.85634369775653
leaf_count=386 335 214 5760 429 309 292 266 491 588 1908 603 240 606 487 391 528 309 195 318 6278 446 559 238 272 490 434 1559 242 253 2708
internal_value=0 0.00140256 0.00278329 0.00595381 0.000879888 -0.000605599 -0.00252167 -0.000522917 0.00688008 0.000492606 -0.00601592 -0.00122318 -0.00572994 0.00202199 -0.000333123 0.00223975 -0.00225867 0.00287695 -0.0114942 -0.00180536 -0.00248124 0.00452378 0.0110425 0.000497648 -0.00753764 0.000511435 0.00609007 -0.00985436 0.00478516 -0.000547283
internal_weight=0 2293.62 1502.79 555.764 947.025 743.797 545.216 454.542 531.4 136.707 72.2482 790.831 213.388 338.76 265.241 206.548 140.167 70.1089 90.6732 1183.41 1078.99 198.581 69.1667 129.414 115.783 577.443 203.228 143.279 104.42 520.537
internal_count=28134 20771 16011 9288 6723 4855 3572 2962 8859 3099 1191 4760 1283 2206 1719 1228 837 435 610 7363 6724 1283 452 831 756 3477 1868 848 639 3142
is_linear=0
shrinkage=0.03


Tree=163
num_leaves=31
num_cat=1
split_feature=40 45 69 52 73 0 21 89 51 43 48 5 77 9 83 86 9 5 30 63 51 60 33 33 39 21 16 89 52 5
split_gain=11.1175 9.80927 8.23898 8.69463 7.17651 7.17865 6.58213 10.4845 5.70751 13.3482 6.61228 6.63354 6.88593 5.9294 8.52919 7.21824 5.56797 9.33426 7.139 5.85965 5.49961 8.80883 5.47239 12.354 5.58807 5.37584 10.0525 8.6206 7.30965 7.69749
threshold=1.0000000180025095e-35 0.6119500000000001 0.68545000000000011 15.007986111111114 inf 0 0.44949494949494956 0.61158333333333348 0.16315000000000004 1.0000000180025095e-35 0.61715000000000009 1079.5700000000002 0.26147187500000008 32.500000000000007 0.21206000000000003 0.072070000000000009 70.500000000000014 487.05500000000006 0.10875000000000001 0.36095000000000005 0.85755000000000015 0.71135000000000015 0.17455000000000001 0.30885000000000007 0.23795000000000002 0.51923076923076927 154.50000000000003 0.56196666666666684 12.014930555555557 1089.5600000000002
decision_type=8 2 2 8 8 1 2 2 2 10 2 2 2 2 2 2 2 2 2 2 2 2 2 2 2 2 2 2 8 2
left_child=8 4 3 -3 25 -6 7 -4 9 10 11 12 -1 14 -10 -15 18 -18 -14 -20 -8 -22 -17 24 -24 26 -2 -27 -29 -30
right_child=1 2 6 -5 5 -7 20 -9 13 -11 -12 -13 16 15 -16 22 17 -19 19 -21 21 -23 23 -25 -26 27 -28 28 29 -31
leaf_value=-0.016067600778734613 0.003205417118118684 -0.0071396339383814379 0.010038986117772831 0.0070666875454858452 -0.0020473770063116465 0.012180401157413158 0.014228721232323631 -0.0099653193287945058 -0.0116804178248086 0.009502870340680189 0.0047609427351276434 0.00035961752154790503 0.0076316209918922701 0.0075604150937743529 0.0037031312934878557 -0.010734667746006616 0.0023988773300985585 -0.011541143952273179 0.0066457712096377117 -0.0055649233057247748 -0.014031402518773316 0.0098393434019468824 0.012695339424154028 -0.0068118020493285096 -0.0014607128654666789 0.013560917435767322 -0.0052126577156412232 0.0053493070090387821 -0.0083859658252775759 0.0019016390029545204
leaf_weight=33.988182254135609 182.04576478153467 69.988259268924594 42.038841599598527 65.261578874662519 47.295756360515952 74.283953597769141 145.94154262170196 33.204617712646723 29.991976737976074 102.49233154579997 130.01427158340812 461.14322346076369 61.54137172549963 29.292513199150562 162.5116358473897 151.19162844866514 58.509417586028576 128.39083718508482 34.95059634745121 172.48971604555845 11.877709262073038 28.440900271758437 39.070378329604864 296.1261052750051 47.619556620717049 40.738137098029256 378.50663397274911 155.10518399253488 108.2377302441746 140.095040820539
leaf_count=362 1235 1277 474 933 330 518 2695 512 193 763 669 2894 415 197 1218 957 372 835 233 1103 276 680 241 2292 305 300 2555 1351 812 1042
internal_value=0 0.00176615 0.00575961 -0.000270133 0.000321114 0.00691069 0.00877328 0.00107773 -0.0016485 -0.000339692 -0.00135141 -0.00222789 -0.00462212 -0.00366678 0.000847937 -0.00519752 -0.00344224 -0.007277 -0.000612346 -0.00329658 0.0116687 0.00141614 -0.00602346 -0.00393688 0.00557245 -0.00053652 -0.00247053 0.00190486 0.000428329 -0.00273334
internal_weight=0 1523.06 396.753 135.25 1126.31 121.58 261.504 75.2435 1939.32 1183.52 1081.03 951.013 489.87 755.804 192.504 563.3 455.882 186.9 268.982 207.44 186.26 40.3186 534.008 382.816 86.6899 1004.73 560.552 444.176 403.438 248.333
internal_count=28039 14990 6847 2210 8143 848 4637 986 13049 7646 6883 6214 3320 5403 1411 3992 2958 1207 1751 1336 3651 956 3795 2838 546 7295 3790 3505 3205 1854
cat_boundaries=0 1
cat_threshold=1
is_linear=0
shrinkage=0.03


Tree=164
num_leaves=31
num_cat=1
split_feature=4 21 35 25 81 61 13 21 18 10 72 42 42 42 75 40 10 76 22 5 10 57 42 66 51 27 60 60 81 16
split_gain=15.4063 8.83251 8.71432 7.39034 7.13543 7.5637 11.4774 10.1283 9.93917 10.5564 7.43443 7.07087 6.97947 7.10268 6.40847 6.59105 7.39562 5.611 9.58572 8.07426 5.90452 6.90473 5.58896 5.37111 5.26085 5.08272 9.84463 10.1475 7.10323 6.35915
threshold=0 0.82843137254901966 1.0000000180025095e-35 13.057986111111113 0.81441833333333336 4.5000000000000009 1.0000000180025095e-35 0.63961038961038974 2.5000000000000004 19.014236111111114 0.83935000000000015 0.47155000000000008 0.19555000000000003 0.60015000000000007 0.90625000000000011 1.0000000180025095e-35 14.048263888888892 3.5000000000000004 0.14835164835164838 453.35500000000008 12.076736111111112 0.88495000000000013 0.13395000000000004 0.39225000000000004 0.28575000000000006 0.14355000000000004 0.72115000000000007 0.24565000000000003 0.39624166666666666 208.50000000000003
decision_type=1 2 2 10 2 10 2 2 2 2 2 2 2 2 2 8 2 2 2 2 2 2 2 2 2 2 2 2 2 2
left_child=2 3 -1 17 5 8 22 -8 -4 -10 -9 14 -11 -14 15 16 -5 -2 25 -20 -21 -22 -7 -12 -17 26 27 -19 -28 -27
right_child=1 -3 4 11 -6 6 7 10 9 12 23 -13 13 -15 -16 24 -18 18 19 20 21 -23 -24 -25 -26 29 28 -29 -30 -31
leaf_value=0.0083929836372770832 -0.005894753288627967 0.0058744929996560735 -0.00030950111726804169 0.0011214462314833645 0.0086905400945123043 -0.0014035046157032051 -0.014922314993378392 0.012062132832922842 0.013635097766661676 0.0086907491990771777 -0.014644637901523823 -0.013843659289008613 -0.011845616864420167 0.0037078014396464574 0.0056932729978378021 -0.0058941321239503758 -0.01380187920477108 -0.0057611659308682388 0.015954004800845099 -0.0045944902861571506 0.0080948693054897179 -0.0044523736328902722 -0.018568120116766548 0.0064534734134406311 0.0077526117198128408 -0.0058428598851337091 -0.0066758715830378462 0.01195856697228893 0.0048461016971340287 -0.00075880748489206629
leaf_weight=195.31479293294251 185.60928033292294 130.40575627237558 542.46687447279692 40.217893503606319 104.79500700905919 27.255903705954552 15.451101666316388 55.338546417653561 104.63127627782524 58.081235060468316 13.146345907822253 69.696146467700601 40.060375794768333 48.479877535253763 47.888799572363496 40.822259560227394 92.303305611014366 32.635256338864565 35.548187870532274 74.544459901750088 140.66495092958212 46.211009711027145 45.162344373762608 12.402079166844485 41.087071750313044 359.86656269989908 128.73421297967434 100.54576454684138 65.047808103263378 560.5492606908083
leaf_count=2053 1857 802 5103 262 1489 163 233 938 1183 452 180 584 229 997 261 217 595 214 205 422 795 271 427 239 247 2287 785 618 386 3522
internal_value=0 -0.00142287 0.00272339 -0.00191051 0.00161756 0.000766 -0.00482565 0.00201183 0.00200012 0.00680767 0.00653255 -0.00594378 0.00137601 -0.00381737 -0.00341356 -0.00561045 -0.009512 -0.00110672 -0.000497045 0.00425965 0.00214023 0.00492361 -0.013062 -0.00546856 0.00105 -0.00165436 0.00152497 0.00751734 -0.00276022 -0.00278802
internal_weight=0 2192.38 1262.59 2061.97 1067.27 962.476 168.756 96.3381 793.72 251.253 80.887 332.015 146.621 88.5403 262.319 214.431 132.521 1729.96 1544.35 296.969 261.42 186.876 72.4182 25.5484 81.9093 1247.38 326.963 133.181 193.782 920.416
internal_count=28016 14330 13686 13528 11633 10144 2180 1590 7964 2861 1357 2166 1678 1226 1582 1321 857 11362 9505 1693 1488 1066 590 419 464 7812 2003 832 1171 5809
cat_boundaries=0 1
cat_threshold=1
is_linear=0
shrinkage=0.03


Tree=165
num_leaves=31
num_cat=2
split_feature=76 66 48 66 21 5 55 0 36 66 10 4 5 9 92 66 77 89 42 63 33 77 5 33 89 63 36 81 48 17
split_gain=9.46719 6.53839 6.13119 6.0698 5.99577 6.85115 17.173 5.98522 7.04233 5.8204 5.71902 7.35401 11.9746 10.048 9.00412 8.19007 7.39202 7.98521 7.11369 7.97688 6.28096 9.20197 6.19331 6.59029 5.93913 6.91166 5.83453 5.76207 9.80134 6.83393
threshold=12.500000000000002 0.9799500000000001 0.94955000000000012 0.94345000000000012 0.73030303030303034 1069.8750000000002 1.0000000180025095e-35 0 0.39605000000000007 0.049350000000000005 36.02812500000001 1 394.66500000000002 7.5000000000000009 0.71698333333333342 0.28685000000000005 0.32162187500000006 0.82471666666666665 0.82305000000000017 0.66365000000000007 0.78305000000000013 0.46483437499999997 1368.6550000000002 0.25975000000000004 0.64755000000000018 0.62295000000000011 0.027350000000000003 0.19182000000000002 0.28905000000000008 3.5000000000000004
decision_type=2 2 2 2 2 2 8 1 2 2 2 1 2 2 2 2 2 2 2 2 2 2 2 2 2 2 2 2 2 2
left_child=1 3 -2 4 10 6 -6 -5 -9 -7 11 12 -1 -13 18 -14 -17 22 27 -20 24 -22 -18 -24 -12 -26 -16 28 29 -15
right_child=2 -3 -4 7 5 9 -8 8 -10 -11 20 13 15 14 26 16 17 -19 19 -21 21 -23 23 -25 25 -27 -28 -29 -30 -31
leaf_value=0.007210316206810204 0.0095146243993106967 0.0092223472744582067 -0.0072751036820457278 -0.015878015802923411 -0.012866409113883079 -0.0033258107625466289 0.0045506772323579171 -0.0093795861926934988 0.0080536078802101434 0.0075295691438492492 0.0076825061584082244 -0.0094512426007044553 -0.0088115278604096441 0.0064551736783267626 0.0041594473461675557 -0.011032192046831401 0.0073738381523665974 -0.0082507038031241955 0.0038756654807691176 -0.012874223581123889 -0.016477475938772211 0.0027880542777620077 0.004453741216967253 -0.0091715545930985271 -0.010089615751891368 0.002583315521879858 -0.0062969335895132882 0.0036139360524982261 -0.014804609918950924 -0.0050348351699143166
leaf_weight=69.457681715488434 128.01986678130925 54.212110524997115 15.300521010532973 34.562524188309908 66.634116237983108 47.919915277510881 142.51360301673412 34.355036288499832 29.542176047340035 242.39750261045992 168.14156199619174 88.715650992467999 294.99251957982779 90.934866849333048 52.795294126495719 56.567958183586597 115.56926731392741 68.376758769154549 38.022169163450599 50.431027639657259 28.280720539391041 47.815298276022077 57.270650010555983 51.758949086070061 35.971029723063111 236.88754132203758 226.49614964239299 783.87812312878668 32.911603435873985 76.883597869426012
leaf_count=462 3816 402 460 247 445 377 1144 221 232 1870 1195 641 1980 629 397 478 686 407 419 609 137 521 348 299 249 1591 1647 5586 208 442
internal_value=0 -0.000259625 0.0073646 -0.000444456 -0.000205151 0.00277909 -0.00133228 -0.00742339 -0.00132041 0.0056867 -0.00077123 -0.001451 -0.00391783 -0.000210214 0.000460931 -0.00520887 -0.00200795 4.10743e-05 0.00171362 -0.00601184 0.0020356 -0.00545411 0.00280951 -0.00224162 0.00342025 0.000615001 -0.00424488 0.00246111 -0.00199868 0.00120408
internal_weight=0 3324.3 143.32 3270.08 3171.62 499.465 209.148 98.4597 63.8972 290.317 2672.16 2155.06 713.994 1441.07 1352.35 644.536 349.544 292.976 1073.06 88.4532 517.096 76.096 224.599 109.03 441 272.859 279.291 984.608 200.73 167.818
internal_count=28145 23869 4276 23467 22767 3836 1589 700 453 2247 18931 15238 4660 10578 9937 4198 2218 1740 7893 1028 3693 658 1333 647 3035 1840 2044 6865 1279 1071
cat_boundaries=0 1 2
cat_threshold=1 4
is_linear=0
shrinkage=0.03


Tree=166
num_leaves=31
num_cat=0
split_feature=21 46 36 77 36 48 86 27 30 5 16 63 81 25 30 57 39 55 5 16 30 23 57 30 30 63 5 10 10 54
split_gain=8.30232 8.98349 9.67536 9.10491 6.71773 7.17279 8.17699 7.92674 6.50031 6.98127 6.3387 7.53585 9.82462 10.211 8.75958 8.5972 7.61627 6.57076 6.73389 11.4599 6.11779 5.5411 5.43511 5.42788 6.53691 7.42085 5.38529 9.33859 6.90465 5.33342
threshold=0.62019230769230782 1.0000000180025095e-35 0.8882500000000001 0.26549062500000004 0.70735000000000015 0.47755000000000009 0.43790000000000007 0.66245000000000009 0.21555000000000005 1381.4950000000001 752.50000000000011 0.88375000000000015 0.61058000000000001 6.0732638888888895 0.85315000000000007 0.029600000000000005 0.82455000000000012 1.0000000180025095e-35 964.65500000000009 214.50000000000003 0.70295000000000007 0.70833333333333337 0.48035000000000005 0.75355000000000005 0.46575000000000005 0.69385000000000008 793.47000000000014 19.074652777777782 30.050347222222225 0.07085000000000001
decision_type=2 8 2 2 2 2 2 2 2 2 2 2 2 10 2 2 2 8 2 2 2 2 2 2 2 2 2 2 2 2
left_child=1 26 3 -3 5 6 -2 -8 9 -6 11 12 15 -14 17 -5 -15 -13 -19 -20 -4 22 -17 24 -24 -26 27 -1 -29 -28
right_child=4 2 20 10 8 -7 7 -9 -10 -11 -12 14 13 16 -16 21 -18 18 19 -21 -22 -23 23 -25 25 -27 29 28 -30 -31
leaf_value=-0.00020421198683089411 0.00024929113686712479 -0.0084341716939134344 -0.0022849882183683667 -0.0095846348241774831 -0.0094793056033860013 0.0052160653503673764 -0.017959549945718464 0.0022541056181524816 0.0083398148421662596 0.0064128018968014353 0.010764911543555557 -0.013013122316264565 0.002540604354927803 -0.013871139495155581 0.010767831623737447 0.012881247913434656 0.004771035045670848 -0.0082347268108285028 -0.0066270677680059587 0.011237555926591408 -0.016270126243155773 -0.0059463712317118838 0.0036914190878644735 -0.0022072766622999299 0.0037832739543688888 0.020777428089563468 -0.0042574347899180139 -0.019399226465493191 -0.0052077198989916081 0.0016975731682063685
leaf_weight=98.817501939833164 542.98678781092167 76.30847305804491 81.006006265059114 31.948857575654984 38.201762348413467 219.94453223235905 36.17573775537312 24.840998100116849 227.88304989598691 41.709918923676014 55.098180253058672 58.784124724566936 122.26277901977301 77.694309782236814 26.434860248118639 64.372683238238096 19.977459842339158 78.551918627694249 53.698623269796371 56.475453702732921 36.730759719386697 35.509426139295101 496.66779352910817 98.415340015664697 54.703031163662672 38.710514802485704 328.9364068582654 57.133235190063715 76.377288959920406 218.12818648666143
leaf_count=658 2969 773 759 229 355 2563 356 428 3177 362 467 406 1202 927 320 450 338 611 420 461 588 260 3247 823 436 326 2071 395 519 1317
internal_value=0 -0.000976214 0.000338983 0.00103159 0.00214154 0.000703281 -0.000998212 -0.0105716 0.00584839 -0.00139374 0.00161642 0.00115448 0.00231928 -0.00320687 -0.00319458 0.00382165 -0.00996915 -0.00504606 -0.00203453 0.00270347 -0.00758014 0.00447818 0.00504136 0.00413443 0.00521128 0.0121538 -0.00358519 -0.00732224 -0.0122093 -0.00189518
internal_weight=0 2342.74 1563.35 1445.61 1131.74 823.948 604.004 61.0167 307.795 79.9117 1369.31 1314.21 1040.26 219.935 273.945 820.328 97.6718 247.51 188.726 110.174 117.737 788.379 752.869 688.497 590.081 93.4135 779.393 232.328 133.511 547.065
internal_count=28213 18003 13043 11696 10210 6316 3753 784 3894 717 10923 10456 8238 2467 2218 5771 1265 1898 1492 881 1347 5542 5282 4832 4009 762 4960 1572 914 3388
is_linear=0
shrinkage=0.03


Tree=167
num_leaves=31
num_cat=0
split_feature=77 83 22 79 17 21 75 72 23 33 60 36 63 21 33 80 39 25 33 63 5 48 69 33 33 36 45 60 46 36
split_gain=10.8262 6.62755 7.186 6.21312 8.84 8.38428 7.37371 7.43557 8.50815 6.50025 6.15639 8.60579 5.90749 5.91449 5.77805 6.68092 6.60956 7.82974 6.7032 5.75911 6.73357 6.33027 7.88691 6.29774 6.23571 5.72949 6.64801 5.50153 7.17709 5.34761
threshold=0.26147187500000008 0.67867000000000022 0.14835164835164838 3.5000000000000004 9.5000000000000018 0.44949494949494956 0.90625000000000011 0.97215000000000007 0.18333333333333338 0.11585000000000002 0.69595000000000007 0.9154500000000001 0.85265000000000013 0.48076923076923084 0.099850000000000008 0.63333333333333341 0.15995000000000001 16.044791666666672 0.32085000000000002 0.31465000000000004 3959.5200000000004 0.31035000000000007 0.79635000000000011 0.15125000000000002 0.66415000000000013 0.45705000000000007 0.12685000000000005 0.65405000000000013 1.0000000180025095e-35 0.30295000000000005
decision_type=2 2 2 2 2 2 2 2 2 2 2 2 2 2 2 2 2 8 2 2 2 2 2 2 2 2 2 2 8 2
left_child=-1 2 3 5 6 9 7 8 19 -2 11 27 13 -10 15 -4 18 -18 -16 -5 21 -21 23 -23 -24 -11 -27 28 -3 -8
right_child=1 10 14 4 -6 -7 29 -9 12 25 -12 -13 -14 -15 16 -17 17 -19 -20 20 -22 22 24 -25 -26 26 -28 -29 -30 -31
leaf_value=-0.0091013721661317333 -0.010102950565587019 -0.0038614952348511428 0.018365743935571166 -0.0086097369272246475 -0.012455619893079029 0.0024883333906557223 -0.011688441412765808 -0.010385697667408272 -0.0017449148686949241 0.0022237916989855141 0.0080785344346072929 -0.013881312220228063 0.002335182815389547 -0.020009373330656523 0.012946547830290797 0.0035469135551724862 0.003592422887750509 -0.0054022982244772569 0.001199832367017327 -0.00092421544397509544 0.0097377795559319223 -0.0011525231396082049 -0.0067672519161705918 0.01338515877949957 0.0085959697774505746 0.001724617607648917 -0.014966004237594822 -0.0077871627221754022 0.01484086148222954 -0.0024144997970623355
leaf_weight=99.344379581511021 77.899322994053364 24.495452187955379 32.409109055995941 39.342705670744181 60.499467810615897 843.97654027678072 86.140775686129928 51.756272908300161 29.425214726477861 183.68113074451685 176.87438406422734 23.435410326346755 31.472846703603864 31.262298857793212 63.65348981320858 96.453392870724201 156.90771782398224 172.84230252541602 113.2966168615967 488.62351734191179 79.310717860236764 34.299904819577932 60.667083060368896 92.472734110429883 26.097972033545375 37.335158511996269 35.289310410618782 18.492875348776579 37.995277082547545 150.68434082902968
leaf_count=993 509 182 195 267 494 5889 693 386 221 1230 3292 367 218 212 390 637 1099 1121 807 3252 565 271 482 861 309 226 267 358 775 1361
internal_value=0 0.000490597 8.07356e-05 -0.000661426 -0.00211636 0.000901779 -0.00149726 -0.000310141 0.000367374 -0.00306068 0.0048156 -0.00093445 -0.00780713 -0.0126532 0.00289636 0.00832806 0.00138055 -0.0011425 0.00589191 0.00136812 0.00197289 0.000971405 0.00515632 0.00965513 -0.00173539 -0.000621311 -0.00721536 0.00392608 0.00798843 -0.00612461
internal_weight=0 3357.09 3075.8 2440.24 1262.06 1178.18 1201.56 964.731 912.975 334.205 281.293 104.419 92.1604 60.6875 635.563 128.863 506.7 329.75 176.95 820.815 781.472 702.161 213.538 126.773 86.7651 256.306 72.6245 80.9836 62.4907 236.825
internal_count=27929 26936 21962 17713 9592 8121 9098 7044 6658 2232 4974 1682 651 433 4249 832 3417 2220 1197 6007 5740 5175 1923 1132 791 1723 493 1315 957 2054
is_linear=0
shrinkage=0.03


Tree=168
num_leaves=31
num_cat=0
split_feature=12 75 57 21 14 17 16 10 48 36 57 83 57 89 16 57 51 82 63 86 6 21 57 27 57 27 89 57 21 75
split_gain=7.75793 11.7724 8.73709 5.92876 5.69562 6.36166 5.36538 5.27828 6.79713 7.39935 5.11752 9.40817 7.42309 5.73655 7.80827 4.93267 8.53803 4.85923 6.0779 8.15438 5.70275 5.68236 5.55401 4.715 4.63554 7.45842 4.39254 4.30338 5.4848 5.00641
threshold=1.0000000180025095e-35 0.90625000000000011 0.61455000000000015 0.35416666666666669 1.0000000180025095e-35 9.5000000000000018 86.500000000000014 29.076736111111114 0.31965000000000005 0.26775000000000004 0.76995000000000013 0.53226000000000007 0.81975000000000009 0.7326166666666668 216.50000000000003 0.76685000000000014 0.09495000000000002 3.5000000000000004 0.86985000000000012 0.41463000000000011 6.1473565661497824 0.41428571428571431 0.60835000000000006 0.74165000000000014 0.87965000000000015 0.73175000000000012 0.7028000000000002 0.98215000000000008 0.73030303030303034 0.78125000000000011
decision_type=2 2 2 2 2 2 2 2 2 2 2 2 2 2 2 2 2 2 2 2 2 2 2 2 2 2 2 2 2 2
left_child=27 4 -3 26 6 17 -2 15 9 -9 13 -12 -13 14 -5 16 -8 -6 20 -20 -19 22 -22 -24 -14 -26 -4 28 -1 -29
right_child=1 2 3 10 5 -7 7 8 -10 -11 11 12 24 -15 -16 -17 -18 18 19 -21 21 -23 23 -25 25 -27 -28 29 -30 -31
leaf_value=-0.001664995333748489 0.010153543237791347 -0.015552649328137757 -0.0015603812993428478 -0.014932427136454712 0.014633830610915071 -0.0072176483413630968 0.0090069044488374737 -0.0093374094212333881 0.012675802331883833 0.0067385466002127734 -0.012434351408158094 -0.0097920074799027774 0.014811910918398263 0.011233603520549407 0.0071360121779999227 -0.0063266520754356728 -0.0061239737717755484 -0.0028161249905983266 -0.0082164225467542366 0.0091498605136979116 0.012243087924274495 0.011941377655297906 0.0062293314219619908 -0.0089916960137025031 -0.011294224328973979 0.0081361838059694196 -0.017616424660424981 0.011683767000746923 0.0026247608246970622 -0.0012474531435207486
leaf_weight=1827.579914867878 45.621356830000877 30.617022026330233 37.706135712563992 14.827641867101191 60.42012894153595 21.777680890634656 61.043293476104736 37.139186464250088 48.07541437074542 46.899885091930628 44.012688923627138 23.097538767382503 28.613452756777406 62.659002829343081 25.03133805282414 126.54637252353132 54.1880825124681 37.113340793177485 51.669523343443871 30.376816352829337 21.52891412191093 178.08959254622459 21.889867411926389 35.057484734803438 18.236548963934183 38.216017615050077 18.658987674862146 42.988644964993 304.90712213143706 51.30827321857214
leaf_count=12164 276 347 381 207 713 346 335 204 363 273 327 400 478 901 376 807 386 507 477 740 187 2532 216 360 321 639 233 268 1901 325
internal_value=0 0.00221131 -0.00246227 -0.000729522 0.00403845 0.00631896 0.00145999 0.000162363 0.00478077 -0.000603317 0.00130373 -0.00216049 0.00271854 0.00618096 -0.00242189 -0.00245092 0.0019707 0.0071415 0.00558851 -0.00149121 0.00755038 0.00909933 0.00202903 -0.00308437 0.00678816 0.00110431 -0.00872911 -0.000755718 -0.00104225 0.00520272
internal_weight=0 1219.11 341.676 311.059 877.437 457.923 419.514 373.892 132.114 84.0391 254.694 152.176 108.164 102.518 39.859 241.778 115.231 436.146 375.726 82.0463 293.679 256.566 78.4763 56.9474 85.066 56.4526 56.3651 2226.78 2132.49 94.2969
internal_count=27990 13332 4610 4263 8722 6078 2644 2368 840 477 3649 2165 1838 1484 583 1528 721 5732 5019 1217 3802 3295 763 576 1438 960 614 14658 14065 593
is_linear=0
shrinkage=0.03


Tree=169
num_leaves=31
num_cat=1
split_feature=21 70 0 61 57 40 77 77 86 16 58 74 69 69 60 42 39 9 81 60 72 72 9 39 16 16 65 21 72 5
split_gain=7.27011 9.9508 8.11961 6.63533 10.4373 9.35581 8.53937 9.58755 7.36843 6.92288 6.82139 6.53905 6.52735 7.4736 8.31974 6.35496 7.4628 5.99424 5.81874 6.08866 5.7902 8.85829 6.64211 6.85016 6.16053 7.01998 5.38436 6.13809 5.13444 4.99902
threshold=0.44949494949494956 1.0000000180025095e-35 0 1.5000000000000002 0.82825000000000015 1.0000000180025095e-35 0.56458437500000014 0.67615312500000002 0.066960000000000006 283.50000000000006 6.5000000000000009 10.500000000000002 0.78705000000000014 0.83655000000000013 0.31460000000000005 0.15245000000000003 0.68065000000000009 32.500000000000007 0.19633666666666669 0.11985000000000003 0.6654500000000001 0.7642500000000001 76.500000000000014 0.14835000000000001 388.50000000000006 240.50000000000003 1.0000000180025095e-35 0.69615384615384623 0.68795000000000006 2163.1100000000006
decision_type=2 10 1 10 2 8 2 2 2 2 10 2 2 2 2 2 2 2 2 2 2 2 2 2 2 2 2 2 2 2
left_child=1 12 3 15 6 9 8 17 -5 -6 -10 -4 18 -14 -15 -2 28 -8 -1 -20 24 -22 23 -23 25 -21 27 -13 -17 -28
right_child=2 -3 11 4 5 -7 7 -9 10 -11 -12 26 13 14 -16 16 -18 -19 19 20 21 22 -24 -25 -26 -27 29 -29 -30 -31
leaf_value=-0.0039426145551136518 0.0080627027862084019 -0.01089325469503905 0.010627936150650686 -0.010944281302693074 -0.0092510300164415447 0.0082317797491507829 -0.00080299419239226186 0.0045464074980473947 0.0024681193895528075 0.0028172986553135441 -0.0075930939652317717 -0.0076897496065511887 -0.0092182410320921591 0.0046947519536146452 -0.0041136478277574925 0.0028409204836351699 0.010214101211194379 -0.025459129795289099 -0.0047670170378657315 0.010184825829676799 -0.0061770958708403908 0.009832422071014443 0.012280824312511878 -0.0043587198446064616 0.020257851032058363 -0.0053005548253854161 0.0016072961314654442 0.0054598922552290376 -0.011381936461411868 0.005743147912753409
leaf_weight=123.38251707702875 120.49082807824016 81.506792537868023 83.282075002789497 73.432875260710716 66.374310936778784 119.05542555078864 11.898851798847316 14.113554101437328 185.23422991111875 89.492910390719771 78.070713426917791 84.570618292316794 120.85886532440782 142.09954654797912 254.84253518469632 31.801632625982165 25.115210188552737 34.788830878213048 65.172025723382831 66.950681328773499 76.104792090132833 37.675287552177906 66.534211169928312 75.752852143719792 27.515890948474407 32.418727682903409 818.20553473383188 39.677829341962934 49.194824531674385 386.52053939178586
leaf_count=891 792 678 467 433 443 1211 215 415 1089 576 458 727 920 1076 1906 221 288 605 483 513 599 258 521 613 213 243 7249 411 347 3305
internal_value=0 -0.00138957 0.00150239 -0.000721975 -0.00221566 0.00223259 -0.0052712 -0.0148054 -0.00317237 -0.00256977 -0.000683734 0.00291358 -0.000585837 -0.00299675 -0.000922488 0.00361696 -0.00169084 -0.0204254 0.00161249 0.00319465 0.00463642 0.00189056 0.00544789 0.000769605 0.00963491 0.00511008 0.00235438 -0.0033966 -0.0060991 0.00297059
internal_weight=0 1170.81 2311.32 899.064 672.462 274.923 397.539 60.8012 336.738 155.867 263.305 1412.26 1089.31 517.801 396.942 226.602 106.112 46.6877 571.507 448.124 382.952 256.067 179.962 113.428 126.885 99.3694 1328.97 124.248 80.9965 1204.73
internal_count=28166 8914 19252 7093 5445 2230 3215 1235 1980 1019 1547 12159 8236 3902 2982 1648 856 820 4334 3443 2960 1991 1392 871 969 756 11692 1138 568 10554
cat_boundaries=0 1
cat_threshold=1
is_linear=0
shrinkage=0.03


Tree=170
num_leaves=31
num_cat=1
split_feature=21 33 33 5 72 57 70 77 89 80 92 27 65 5 48 80 10 33 61 27 3 54 5 25 37 86 16 16 69 33
split_gain=8.7415 8.7122 8.33086 10.3948 7.24259 7.05648 7.01341 6.75566 6.45602 7.37718 6.43692 7.56213 6.07289 6.73009 8.92177 7.89003 7.27501 7.2002 5.89315 6.30483 5.68483 5.67229 5.63115 5.71408 5.6082 8.12896 7.01352 6.68181 6.89543 6.58899
threshold=0.73030303030303034 0.79615000000000014 0.37775000000000009 566.75000000000011 0.86235000000000006 0.84215000000000007 1.0000000180025095e-35 0.4435781250000001 0.7028000000000002 0.81666666666666676 0.71198333333333352 0.0079500000000000022 1.0000000180025095e-35 487.05500000000006 0.61715000000000009 0.91666666666666685 11.060763888888891 0.89945000000000008 2.5000000000000004 0.26375000000000004 0 0.044750000000000005 417.27000000000004 13.069097222222224 1.0000000180025095e-35 0.39961000000000008 158.50000000000003 169.50000000000003 0.83835000000000015 0.049450000000000008
decision_type=2 2 2 2 2 2 10 2 2 2 2 2 2 2 2 2 2 2 8 2 1 2 2 10 8 2 2 2 2 2
left_child=6 2 4 -4 5 7 10 -2 -3 -10 11 -1 22 15 20 -14 -17 -16 19 -8 -15 -18 -13 -24 25 26 -12 28 -26 -29
right_child=1 8 3 -5 -6 -7 18 -9 9 -11 24 12 13 14 17 16 21 -19 -20 -21 -22 -23 23 -25 27 -27 -28 29 -30 -31
leaf_value=0.0071802084759349967 -0.00033299054620241736 0.0072462527469720067 -0.0048111429423783342 0.01253616804740562 0.0089933150631629644 0.0047814922137559305 -0.0013742632086394633 -0.014530341424310637 0.003916075554098712 -0.012881891085561033 0.0034943784552982247 0.0067119252036720468 -0.0088908630421414662 -0.0035645168116424748 0.0075903635328841441 0.012666187818425869 -0.0082827047804751308 -0.0053910357337669107 0.0022383852720241405 -0.014728102904164674 0.0012476659518865997 0.0059581106826255316 -0.0033889819113313764 -0.015053113019777117 -0.013039898175816045 -0.015364042281008404 -0.0063348233429372878 0.013214992748133257 0.0015203291255094734 0.00020458720799111402
leaf_weight=122.41394426673651 73.439202532172203 26.483669901266694 32.495119357481599 158.62237820029259 69.495634419843554 80.712690765038133 53.868526237085462 41.768785417079926 29.229273598641157 62.219095796346664 85.752476502209902 27.531908476725221 128.59551083110273 278.27490990608931 255.92061007581651 27.915674839168787 54.030231408774853 37.622428227216005 46.168157551437616 76.545221714302897 832.15907692909241 32.490418985486031 186.66223576106131 40.782914450392127 52.932076105847955 55.268200306221843 207.92304325476289 32.044839642941952 51.22916117683053 212.05389091186225
leaf_count=897 371 327 383 1700 461 544 442 361 405 804 503 204 970 1825 2591 214 388 520 369 601 5676 292 1434 349 533 598 1187 291 500 2394
internal_value=0 0.00302117 0.00488303 0.00949409 0.00133859 -0.00168152 -0.000999796 -0.00622966 -0.00400466 -0.00765605 -0.000611691 0.000247877 -0.000233515 0.000442084 0.00124592 -0.00406734 0.00163189 0.00580379 -0.00662815 -0.00970289 3.51205e-09 -0.00287173 -0.0044495 -0.00602634 -0.00307575 -0.00570756 -0.00344416 -0.000353061 -0.00637291 0.00236543
internal_weight=0 574.466 456.534 191.117 265.416 195.921 2898.19 115.208 117.932 91.4484 2721.6 2024.4 1901.99 1647.01 1403.98 243.032 114.436 293.543 176.582 130.414 1110.43 86.5207 254.977 227.445 697.204 348.944 293.676 348.26 104.161 244.099
internal_count=28134 5356 3820 2083 1737 1276 22778 732 1536 1209 21366 15360 14463 12476 10612 1864 894 3111 1412 1043 7501 680 1987 1783 6006 2288 1690 3718 1033 2685
cat_boundaries=0 1
cat_threshold=8
is_linear=0
shrinkage=0.03


Tree=171
num_leaves=31
num_cat=0
split_feature=86 5 46 57 25 75 86 85 39 15 55 58 92 21 10 5 25 60 21 58 77 79 36 69 83 30 36 77 36 21
split_gain=7.17745 6.20285 6.92921 10.4914 10.3374 10.03 8.87579 13.3776 8.19086 9.00634 7.7098 7.43721 7.42259 7.37844 7.61472 7.19542 9.00597 9.34435 6.89616 6.33694 6.23077 5.95636 5.84506 5.76725 5.72928 5.46105 5.02296 5.09523 4.97619 4.92622
threshold=0.7954 12475.775000000001 1.0000000180025095e-35 0.17455000000000001 2.052430555555556 0.90625000000000011 0.13591000000000003 2.5000000000000004 0.60755000000000015 1.0000000180025095e-35 1.0000000180025095e-35 7.5000000000000009 0.78036666666666676 0.55050505050505061 19.043402777777782 1308.3700000000001 10.069097222222224 0.67055000000000009 0.82843137254901966 6.5000000000000009 0.39681562500000006 3.5000000000000004 0.19445000000000004 0.79265000000000008 0.25051000000000007 0.30335000000000006 0.66305000000000014 0.40157500000000007 0.83205000000000007 0.30952380952380959
decision_type=2 2 8 2 10 2 2 2 2 2 8 10 2 2 2 2 8 2 2 10 2 2 2 2 2 2 2 2 2 2
left_child=1 2 3 -1 18 6 15 10 9 -9 -8 12 -7 21 19 29 -17 24 -5 -15 -12 -6 -22 -3 -18 -16 27 -23 -14 -4
right_child=-2 23 5 4 13 11 7 8 -10 -11 20 -13 28 14 25 16 17 -19 -20 -21 22 26 -24 -25 -26 -27 -28 -29 -30 -31
leaf_value=0.0095069009402734116 0.012142369254925001 3.6789267996908529e-05 -0.0081489401929012249 -0.0070754200350928225 0.0015635912138333632 -0.0034090726607079801 -0.0040968176513561296 -0.0053828507780839582 0.0050115925242123806 0.0027284300578017595 0.013816075994477685 0.0066997346783776003 -0.020567475059425071 0.013516519138231466 -0.0075223482923843458 0.012297802912524483 -0.0016337455195495627 -0.0042691306410537469 0.0058966538474817696 -0.00090979837582151591 -0.0018564535346638029 -0.0016115881794346353 0.0086021774447266209 0.014099746197043345 0.0121954449839891 0.0032785344326776446 0.00043407670082456427 -0.014216408632918353 0.00042543443752582338 -0.0013661787180618511
leaf_weight=55.76207397505641 34.06025293841958 52.090941451489925 118.65304508060217 446.83871916681528 132.27952716872096 161.25999653711915 39.558466762304306 250.35852345079184 252.95938113704324 225.18100191839039 139.78298015892506 34.316413251683116 37.226476237177849 75.262902550399303 58.63231785222888 58.473298653960228 40.727632522583008 162.96494130790234 32.690834242850542 38.616403076797724 66.282781543210149 47.661148950457573 139.90917363576591 43.005723532289267 59.120501555502415 99.582434114068747 61.659469053149223 76.144194018095732 12.4399720095098 406.96399447321892
leaf_count=384 943 409 1061 2851 791 2196 230 1622 3727 2391 740 589 570 457 307 350 336 949 182 241 421 374 1109 325 376 674 384 414 260 2469
internal_value=0 -4.34137e-05 -0.000269008 -0.00217437 -0.00286592 0.000708136 0.00142981 0.00317816 0.000755653 -0.00156485 0.00762088 -0.00489225 -0.00699609 -0.000188041 0.003372 -0.000880254 0.00260723 7.94291e-05 -0.00608869 0.00894602 0.00903812 -0.00324648 0.00530977 0.00713297 0.00691936 -0.000933369 -0.00658165 -0.00984704 -0.0161193 -0.00302088
internal_weight=0 3426.41 3331.31 1125.13 1069.37 2206.18 1960.94 1114.03 728.499 475.54 385.533 245.243 210.926 589.838 272.094 846.903 321.286 262.813 479.53 113.879 345.975 317.744 206.192 95.0967 99.8481 158.215 185.465 123.805 49.6664 525.617
internal_count=28132 27189 26455 7059 6675 19396 15781 10240 7740 4013 2500 3615 3026 3642 1679 5541 2011 1661 3033 698 2270 1963 1530 734 712 981 1172 788 830 3530
is_linear=0
shrinkage=0.03


Tree=172
num_leaves=31
num_cat=1
split_feature=28 11 47 89 63 92 81 13 5 43 5 69 74 51 10 33 69 51 1 48 33 18 18 63 33 16 63 76 86 15
split_gain=7.81028 8.01669 7.40881 8.09245 13.4543 11.4718 10.8978 7.59817 6.13114 6.27663 6.12312 6.0623 5.91311 5.66791 5.63599 8.06962 6.06213 5.59764 5.45656 7.20305 5.25533 5.207 7.36128 4.83773 6.23747 6.03959 5.24207 6.20903 4.96798 10.3063
threshold=1.0000000180025095e-35 17.000000000000004 1.0000000180025095e-35 0.78243333333333343 0.68715000000000015 0.69598333333333351 0.44645000000000001 1.0000000180025095e-35 2034.8100000000002 1.0000000180025095e-35 800.90500000000009 0.98935000000000006 14.500000000000002 0.14565000000000003 15.068402777777779 0.82805000000000006 0.76505000000000012 0.7057500000000001 0 0.84615000000000007 0.90985000000000016 2.5000000000000004 1.0000000180025095e-35 0.96555000000000013 0.77985000000000015 84.500000000000014 0.9537500000000001 4.5000000000000009 0.44113000000000008 1.0000000180025095e-35
decision_type=8 2 2 2 2 2 2 2 2 8 2 2 2 2 2 2 2 2 1 2 2 2 2 2 2 2 2 2 2 2
left_child=11 12 8 4 20 7 -5 -6 9 -3 -9 23 18 -7 16 17 -14 -16 19 21 -4 22 -2 24 26 -26 27 -1 -29 -30
right_child=1 2 3 6 5 13 -8 10 -10 -11 -12 -13 14 -15 15 -17 -18 -19 -20 -21 -22 -23 -24 -25 25 -27 -28 28 29 -31
leaf_value=-0.0036212629353911782 0.011728895148899018 -0.0016530534267299856 0.0052621726493641075 -0.0036213019094014226 -0.0092158955444687305 -0.0035852439067745696 0.0099654335703878889 -0.0066509395771878008 0.014342860493613168 0.0088690744745548132 0.010757784947435562 0.0083303065517224325 0.012232292442610947 -0.023901279758642209 -0.021241770800636953 0.0038862399817266341 -0.0073816027033918961 -0.00098325486889532855 -0.0038836788899721257 -0.0091183804031254607 -0.0066542669948652837 0.01182278114980756 -0.0042770913913374869 0.0040924283119277843 0.0052961987113816656 -0.0078631832454841115 -0.011114493030941789 0.0011053721676913479 -0.012782414606442475 0.0027847665792800759
leaf_weight=493.8286784812808 29.209832258522511 87.126270823180676 207.86654604785144 70.458561103790998 49.43566570058465 23.212601233273745 163.17123329080641 19.336730271577835 74.148931585252285 104.60243679769337 43.778500435873866 49.133840190246701 16.83747143484652 32.385342104360461 40.866042328998446 19.917031209915876 20.534062908962369 17.507266126573086 133.76428800821304 24.165355207398534 30.500764722004533 68.82500815205276 66.443747941404581 124.75077666901052 29.27471425011754 217.69408742897213 36.082192288711667 1015.5276511125267 63.45042072981596 73.887761117890477
leaf_count=4087 207 465 2097 491 355 204 2441 267 643 1137 583 308 244 470 321 311 277 374 1278 350 392 726 562 813 189 1518 236 5498 459 777
internal_value=0 0.00176078 0.00335978 0.00156094 -0.00100722 -0.00727746 0.00588746 -0.00134093 0.00747722 0.00424264 0.00524406 -0.00115757 -0.00154748 -0.0172588 -0.00706955 -0.0112274 0.00217205 -0.0161983 0.000586613 0.00379236 0.00353085 0.00610311 0.00125818 -0.00142373 -0.00179959 -0.00615792 -0.00112735 -0.000842746 0.000368335 -0.00478672
internal_weight=0 1344.09 906.024 640.146 406.516 168.149 233.63 112.551 265.878 191.729 63.1152 2103.63 438.07 55.5979 115.662 78.2903 37.3715 58.3733 322.408 188.644 238.367 164.479 95.6536 2054.5 1929.75 246.969 1682.78 1646.69 1152.87 137.338
internal_count=28080 14195 9545 7300 4368 1879 2932 1205 2245 1602 850 13885 4650 674 1527 1006 521 695 3123 1845 2489 1495 769 13577 12764 1707 11057 10821 6734 1236
cat_boundaries=0 1
cat_threshold=1
is_linear=0
shrinkage=0.03


Tree=173
num_leaves=31
num_cat=2
split_feature=0 17 39 60 27 89 89 39 63 63 52 76 49 92 45 66 3 52 92 36 23 5 48 30 33 66 5 52 60 36
split_gain=5.34064 8.36351 7.45197 9.36086 7.03217 6.36951 18.8045 11.4762 7.42494 6.72771 7.76055 6.20472 7.46506 9.59704 9.53521 7.52785 7.29237 7.66741 7.25819 6.64979 9.15386 8.36342 9.48295 6.33678 5.91277 7.09718 6.89456 7.90335 6.8771 8.77518
threshold=0 9.5000000000000018 0.19065000000000001 0.23495000000000002 0.0038500000000000006 0.7911166666666668 0.7028000000000002 0.38725000000000004 0.81985000000000008 0.66765000000000008 17.01979166666667 2.5000000000000004 1.0000000180025095e-35 0.51271666666666682 0.017850000000000001 0.074350000000000013 1 10.080208333333335 0.5250166666666668 0.072450000000000014 0.13392857142857145 651.25500000000011 0.18575000000000003 0.24905000000000002 0.20825000000000002 0.66000000000000014 479.82500000000005 14.011458333333335 0.63455000000000006 0.26775000000000004
decision_type=1 2 2 2 2 2 2 2 2 2 8 2 8 2 2 2 1 8 2 2 2 2 2 2 2 2 2 10 2 2
left_child=2 11 3 -1 -4 6 -6 -7 9 -8 -11 -2 14 -14 19 -15 -16 18 -18 23 21 -21 -23 -13 28 26 -26 -28 29 -17
right_child=1 -3 4 -5 5 7 8 -9 -10 10 -12 12 13 15 16 24 17 -19 -20 20 -22 22 -24 -25 25 -27 27 -29 -30 -31
leaf_value=-0.0076824601403625188 -0.0093787673158973635 -0.0086819285174323003 0.01186905796539209 0.0081722919272369417 0.0025630372576955899 -0.0069257067353066266 -0.013894570681368268 0.0089994293817087147 -0.021432041854592663 -0.0079640307344357782 0.010903159014739891 -0.0013582617028678717 0.0048849771781151619 -0.0066230436966403577 0.002090907746994425 0.012529943263511778 -0.011002086324830001 -0.01025254871303263 0.0041911403173490753 0.0087618402464012916 -0.013715454294106056 0.0060439750878917139 -0.0068795075358661405 0.013029915468496203 -0.0045046818176021968 -0.0011553052914030882 0.0086357571078603014 -0.0028164882997233913 -0.0052421823536805256 -0.0047506727696141572
leaf_weight=30.539428083226085 53.369272299110889 96.792683511972427 33.31331779062748 246.1409170255065 215.63126851990819 51.567912822589278 41.277905471622944 115.60047226212919 36.655534405261278 32.647601287811995 26.39784630574286 42.907082289457321 470.36948410049081 132.59688365086913 95.416488941758871 43.667786836624146 31.404668807983398 231.29865436814725 79.58011307567358 76.109966691583395 34.589076589792967 70.403265137225389 132.56429348886013 59.16807309165597 52.89650828205049 300.00112737715244 273.18741131201386 61.935333915054798 231.47964636236429 44.300411300733685
leaf_count=216 586 905 277 1827 1750 344 375 1250 333 340 217 282 3810 1102 597 309 215 1605 578 478 234 441 819 360 481 3284 2398 614 1607 333
internal_value=0 -0.000459007 0.00228983 0.00621534 0.000250612 -0.000704012 -0.00296986 0.00397323 -0.0112615 -0.00593963 0.000828508 -0.000109719 0.000128155 0.00132819 -0.00212545 -0.000168996 -0.00516573 -0.00704979 -0.000662025 0.00112157 -0.00108721 0.000898254 -0.00232344 0.00740032 0.000737191 0.00229429 0.00492339 0.00649894 -0.00258429 0.00423087
internal_weight=0 2614.04 829.772 276.68 553.092 519.779 352.61 167.168 136.979 100.323 59.0454 2517.25 2463.88 1610.43 853.442 1140.07 437.7 342.283 110.985 415.742 313.667 279.078 202.968 102.075 1007.47 688.02 388.019 335.123 319.448 87.9682
internal_count=27967 21038 6929 2043 4886 4609 3015 1594 1265 932 557 20133 19547 13938 5609 10128 2995 2398 793 2614 1972 1738 1260 642 9026 6777 3493 3012 2249 642
cat_boundaries=0 1 2
cat_threshold=4 2
is_linear=0
shrinkage=0.03


Tree=174
num_leaves=31
num_cat=3
split_feature=76 79 34 33 3 33 21 10 27 92 25 33 81 9 41 17 9 57 72 57 10 10 76 48 4 25 27 1 10 74
split_gain=6.91192 7.11894 8.43003 7.64155 7.06805 7.00897 5.91251 8.78815 7.04246 6.56654 6.29567 6.95317 5.88708 5.43692 5.18764 7.06825 5.99493 5.08637 8.27737 6.61851 5.57635 5.53467 6.83199 8.84202 6.44873 4.81113 6.80529 5.26364 5.55637 4.76866
threshold=12.500000000000002 2.5000000000000004 1.0000000180025095e-35 0.7359500000000001 0 0.92985000000000007 0.63961038961038974 4.0420138888888895 0.96005000000000007 0.35341666666666671 2.0024305555555562 0.80265000000000009 0.82608333333333339 36.500000000000007 1.0000000180025095e-35 4.5000000000000009 91.500000000000014 0.90455000000000008 0.77245000000000008 0.85925000000000007 35.041319444444447 19.043402777777782 6.5000000000000009 0.37760000000000005 1 17.05104166666667 0.24765000000000001 2 20.035763888888891 14.500000000000002
decision_type=2 2 8 2 1 2 2 2 2 2 8 2 2 2 2 2 2 2 2 2 2 2 2 2 1 8 2 1 2 2
left_child=1 2 25 -4 12 6 8 -8 10 -9 -6 -12 14 -13 15 16 -3 19 -19 20 21 24 -23 -24 -11 -1 -27 -28 -29 -16
right_child=-2 4 3 -5 5 -7 7 9 -10 17 11 13 -14 -15 29 -17 -18 18 -20 -21 -22 22 23 -25 -26 26 27 28 -30 -31
leaf_value=0.004589445011010827 0.006062880968147796 -0.0073569342662858986 0.012850339061125851 0.0012018893370585916 -0.010611342412884266 -0.0068827473376249443 0.013262966420040706 0.0099238255716090386 -0.011816142964156428 0.0096596093674784726 -0.00096278295958756969 -0.0026882529456304025 0.0065724402958432324 0.0097217267804355998 -0.0005773317464475709 -0.016097008225933886 0.0063119127945376304 -0.011955971390261413 0.0027323855175821741 0.010221782928698906 0.0067411417377857535 0.0037803135650544043 -0.01788107041260131 -0.00039374692239703792 -0.0031834490178519505 0.0027657016181274045 -0.013188420263865156 -0.0088682015662259993 0.0034993653059991196 -0.0088233623386172102
leaf_weight=126.975590698421 139.02736746333539 110.49065612629056 97.297258209437132 100.38737204670906 44.295427253469825 129.54434103891253 51.308921648189425 59.761194778606296 42.573461353778839 51.364487670361996 1124.9604524802417 40.621145354583859 34.634536506608129 93.400601768866181 268.87979809194803 65.675145454704762 29.559006813913584 61.480048621073365 60.932588659226894 59.324951779097319 75.085606772452593 39.547760680317879 48.634885374456644 47.614101419225335 74.280546426773071 133.47233150154352 51.44347807765007 48.537664398550987 65.383892733603716 73.130608670413494
leaf_count=778 4223 790 692 749 299 1197 406 483 346 534 7938 341 210 805 1760 409 207 491 479 474 608 202 366 473 465 873 321 311 398 460
internal_value=0 -0.000541681 0.00232243 0.00727776 -0.0012124 -0.000383072 7.38084e-05 0.0024517 -0.001048 0.0012828 -0.000608948 -0.000176181 -0.00407728 0.00603485 -0.00492956 -0.00859842 -0.00424359 0.000117405 -0.00499045 0.00178099 4.09621e-05 -0.00206077 -0.0060621 -0.0100814 0.00239194 -9.2303e-05 -0.00216576 -0.00607687 -0.0020604 -0.00254111
internal_weight=0 3310.6 623.498 197.685 2687.1 2104.73 1975.19 629.335 1345.85 578.026 1303.28 1258.98 582.37 134.022 547.735 205.725 140.05 518.265 122.413 395.852 336.527 261.442 135.797 96.249 125.645 425.813 298.837 165.365 113.922 342.01
internal_count=28088 23865 4122 1441 19743 15907 14710 4981 9729 4575 9383 9084 3836 1146 3626 1406 997 4092 970 3122 2648 2040 1041 839 999 2681 1903 1030 709 2220
cat_boundaries=0 1 2 3
cat_threshold=8 1 2
is_linear=0
shrinkage=0.03


Tree=175
num_leaves=31
num_cat=0
split_feature=66 46 83 57 81 81 27 55 43 52 86 27 66 52 10 51 92 63 66 63 33 81 9 51 33 92 92 9 63 63
split_gain=7.45394 7.28679 7.74707 7.49206 7.74031 8.59029 9.26116 6.96166 8.21953 9.71959 12.7863 6.42039 8.17167 6.33599 6.26031 6.21879 11.7706 10.7754 5.97517 5.74647 10.1001 6.67505 6.76714 8.07837 6.41601 5.68156 8.86238 7.14157 5.50165 5.46434
threshold=0.9799500000000001 1.0000000180025095e-35 0.67867000000000022 0.17455000000000001 0.084090000000000012 0.2897300000000001 0.048650000000000006 1.0000000180025095e-35 1.0000000180025095e-35 18.026736111111116 0.12398000000000002 0.21595000000000003 0.12145000000000002 18.073958333333337 34.068402777777784 0.33460000000000006 0.77545000000000008 0.89605000000000012 0.93645000000000012 0.61225000000000007 0.80865000000000009 0.53322500000000017 75.500000000000014 0.081250000000000003 0.40455000000000008 0.44263333333333332 0.62441666666666673 50.500000000000007 0.9396500000000001 0.88375000000000015
decision_type=2 8 2 2 2 2 2 8 8 8 2 2 2 10 2 2 2 2 2 2 2 2 2 2 2 2 2 2 2 2
left_child=1 3 7 -1 -5 -6 -7 29 11 18 25 12 -9 -12 -13 19 17 -17 28 -8 21 24 23 -23 -21 -11 27 -27 -10 -3
right_child=-2 2 -4 4 5 6 15 8 9 10 13 14 -14 -15 -16 16 -18 -19 -20 20 -22 22 -24 -25 -26 26 -28 -29 -30 -31
leaf_value=0.0074072944426150341 0.0095798086760183337 -0.0012086620241394516 0.0065645657983979351 0.0072011630381084981 -0.0075948090540866138 0.0080201105267010669 0.0047067004900725722 0.011789030334824195 -0.00079245408515969294 -0.0065050565979429082 0.011102957564033672 -0.0070120135383301445 -0.0015827974817818288 -0.0025827027322513083 0.0029437752665469135 -0.014732038481672304 0.0068653973723917707 0.0041049350670938249 -0.012866340080999466 -0.0083662226744405516 -0.012493126062027486 -0.00822660055087528 0.011714554151761956 0.0080152235069674022 0.0035314783187342532 -0.001071701347322068 -0.0037930673555500575 0.014104666654463768 0.0082828868904885316 -0.0086078467747043134
leaf_weight=58.427308067679405 59.150805147364736 404.74108698219061 172.06592181511223 55.892159454524517 307.44600832462311 70.140289455652237 113.30633913353086 47.085040412843227 437.35634185187519 66.720767810940742 255.3209166303277 233.00705039128661 140.52582507580519 30.592468556016684 67.989605240523815 118.54498063586652 35.144477611407638 29.966329963877797 22.337163606658578 107.63567055016756 66.578733060508966 50.680033285170794 53.878175586462021 40.596198447048664 55.459051955491304 42.415609531104565 87.496284037828445 64.740466922521591 59.482282988727093 107.11705468408763
leaf_count=398 554 2759 3984 343 1908 402 644 308 4677 485 2161 1404 883 346 409 843 273 222 272 677 419 289 299 225 332 291 541 430 662 753
internal_value=0 -0.00036923 0.000631928 -0.00228447 -0.00285862 -0.00345735 -0.00166463 0.000108823 0.00110885 0.00257797 0.00532965 -0.00208513 0.00219991 0.00960081 -0.00474084 -0.0027786 -0.00733123 -0.010912 -0.000368604 -0.00095293 -0.00274162 -0.00030902 0.00421937 -0.000924704 -0.00435021 0.000475849 0.00306962 0.00851868 0.000436045 -0.00289237
internal_weight=0 3402.69 2238.99 1163.7 1105.27 1049.38 741.93 2066.93 1555.07 1066.46 547.287 488.608 187.611 285.913 300.997 671.79 183.656 148.511 519.176 488.134 374.828 308.249 145.154 91.2762 163.095 261.373 194.652 107.156 496.839 511.858
internal_count=28193 27639 20365 7274 6876 6533 4625 16381 12869 9865 4254 3004 1191 2507 1813 4223 1338 1065 5611 2885 2241 1822 813 514 1009 1747 1262 721 5339 3512
is_linear=0
shrinkage=0.03


Tree=176
num_leaves=31
num_cat=2
split_feature=49 33 16 60 51 39 33 25 67 5 15 58 10 58 16 9 57 86 57 60 1 3 33 33 42 30 33 17 60 60
split_gain=8.39985 7.89356 8.4386 8.64589 7.85935 7.678 7.39481 6.50819 6.80469 7.99197 6.45085 6.35137 8.76475 6.05288 6.96392 7.30375 6.92665 6.42424 6.0215 5.72509 9.22251 5.63282 5.39685 6.1723 5.36026 6.38135 10.294 8.36465 8.21163 7.18976
threshold=1.0000000180025095e-35 0.15125000000000002 67.500000000000014 0.12970000000000001 0.11215000000000001 0.11755 0.084350000000000022 14.023958333333335 1.0000000180025095e-35 1051.2400000000002 1.0000000180025095e-35 7.5000000000000009 20.073263888888892 2.5000000000000004 189.50000000000003 47.500000000000007 0.80105000000000015 0.011050000000000003 0.66175000000000017 0.75705000000000011 0 1 0.34555000000000008 0.48695000000000005 0.8720500000000001 0.37145000000000006 0.37405000000000005 3.5000000000000004 0.94955000000000012 0.72505000000000008
decision_type=8 2 2 2 2 2 2 10 8 2 2 10 2 10 2 2 2 2 2 2 1 1 2 2 2 2 2 2 2 2
left_child=6 5 7 4 -4 10 19 8 9 -3 -2 -8 -13 16 18 17 22 -16 -15 20 -1 -21 -5 -24 25 27 -27 -17 29 -28
right_child=1 2 3 13 -6 -7 11 -9 -10 -11 -12 12 -14 14 15 24 -18 -19 -20 21 -22 -23 23 -25 -26 26 28 -29 -30 -31
leaf_value=-0.0050522605089630447 -0.011382870190447059 -0.005964599771896408 -0.013789113458830273 0.013695685153448458 0.0013812370672309146 0.00034341843569091267 -0.0038583360274011347 -0.0037169366485898178 0.020246840335234047 0.013142197808950221 0.00082397589244864343 0.012281628981146516 -0.0040617582405296547 -0.013428595475427605 -0.0074576302623481604 0.01278703037589846 9.4025486445941886e-06 0.0072111800598576616 -0.0012970726524798172 0.0045553635230375557 0.012105950193874292 -0.0074144172492414083 -0.0028228156660622086 0.0080452544643690449 0.0095158274572424845 -0.014382357261154877 -0.0059240094263077756 -0.00078398230432567416 -0.015009141683741197 0.0070356982482738814
leaf_weight=33.695297859609127 104.57057894021273 28.81373231112957 51.420726418495178 85.886960867792368 58.22596968896687 385.91696182638407 905.36055398732424 23.751184394583106 43.283469527959824 32.108314644545317 57.105665700510144 45.841570042073727 54.968868160620332 35.177003236487508 21.68891654163599 44.346678832545877 162.95035775564611 266.752511870116 214.37728093191981 49.287031594663858 83.869240054860711 55.520771676674485 63.457442300394177 134.84656570106745 36.987047357484698 58.068911522626877 52.272455809637904 160.8041854929179 19.357624443247914 93.088021550327539
leaf_count=230 690 225 387 623 573 2873 6105 230 385 262 443 307 376 358 129 301 1382 2848 2117 295 557 361 426 1350 758 380 675 1121 244 1211
internal_value=0 0.00110861 0.00212174 0.00148227 -0.00629103 -0.00199587 -0.00196887 0.0092439 0.0122648 0.00453861 -0.00727444 -0.00306034 0.00380774 0.00210912 0.000796317 0.00223262 0.00497184 0.00589525 -0.00345861 0.0028889 0.00717767 -0.00212803 0.00772018 0.00459891 -0.000115986 -0.00114675 -0.0045674 0.00260759 -0.000482143 0.00229398
internal_weight=0 2235.26 1687.67 1559.71 109.647 547.593 1228.54 127.957 104.206 60.922 161.676 1006.17 100.81 1450.06 1002.92 753.366 447.141 288.441 249.554 222.372 117.565 104.808 284.191 198.304 464.925 427.938 222.787 205.151 164.718 145.36
internal_count=28222 19991 15985 14883 960 4006 8231 1102 872 487 1133 6788 683 13923 10142 7667 3781 2977 2475 1443 787 656 2399 1776 4690 3932 2510 1422 2130 1886
cat_boundaries=0 1 2
cat_threshold=2 6
is_linear=0
shrinkage=0.03


Tree=177
num_leaves=31
num_cat=2
split_feature=15 66 49 92 21 81 89 81 69 3 60 16 43 60 72 1 16 81 5 51 10 45 66 30 34 25 69 25 85 10
split_gain=8.70995 9.03292 8.11353 6.73493 7.53446 6.13681 5.87507 8.72734 5.62969 6.66822 8.19669 7.8844 6.64359 7.37485 5.48197 5.71029 5.41187 5.30466 5.19972 5.15009 4.94765 7.08729 9.0679 5.08186 5.95044 4.71865 7.48794 4.61117 4.55946 6.36636
threshold=1.0000000180025095e-35 0.022150000000000006 1.0000000180025095e-35 0.69381666666666686 0.77350427350427364 0.23719166666666666 0.79220000000000013 0.49308333333333337 0.92435000000000012 0 0.74375000000000013 86.500000000000014 1.0000000180025095e-35 0.71335000000000015 0.86235000000000006 1 353.50000000000006 0.61683666666666681 1179.1550000000004 0.22425000000000003 32.011458333333344 0.73835000000000006 0.69555000000000011 0.82705000000000006 1.0000000180025095e-35 14.04965277777778 0.74335000000000007 8.017708333333335 2.5000000000000004 16.044097222222224
decision_type=2 2 10 2 2 2 2 2 2 1 2 2 10 2 2 1 2 2 2 2 2 2 2 2 8 10 2 8 2 2
left_child=1 -1 8 -2 20 -4 19 -8 9 11 12 -3 13 17 15 28 18 -11 -16 -7 21 23 -23 24 -5 26 -22 -10 -12 -30
right_child=3 2 5 4 -6 6 7 -9 27 10 14 -13 -14 -15 16 -17 -18 -19 -20 -21 25 22 -24 -25 -26 -27 -28 -29 29 -31
leaf_value=-0.0062267196679349733 0.003273326726684964 -0.015108604495572366 -0.0080855137516075253 -0.0095990623946792548 0.0076505130464824761 0.013818216683439547 -0.0099558455756366508 0.007689616169274772 0.0028411504846729335 0.0018958602833281978 -0.0024725355852142886 -0.0020256596000194338 -0.0054112756354371292 0.015027680404384144 0.0055314920892998174 0.00098012311540291884 0.010280888308950504 0.012846225391957102 -0.0088508761461052344 0.0028487163797007069 -0.0064508395543294208 -0.010191392741677583 0.01131773859242141 -0.014190449883774717 0.0009151535118253662 -0.0079303131888109266 0.010249896997009601 -0.0074607939679907538 -0.00053758728889916594 -0.017199884913138307
leaf_weight=257.28978783264756 1034.9264200311154 39.596232991665602 23.023391760885715 80.500158451497555 67.003959534689784 84.030881237238646 37.535354286432266 43.808332310989499 43.418170286342502 313.55930963158607 103.84471999667585 281.54235878959298 53.65479127690196 48.990933341905475 35.394312281161547 125.92157934978604 47.31855277903378 36.600205514580011 35.718116972595453 76.237148424610496 26.883810201659799 17.862370103597641 40.667184723541141 54.935815844684839 100.86183751188219 21.529963547363877 68.68196814134717 181.67026706971228 31.212890403345227 54.983277237042785
leaf_count=1725 9741 286 117 498 917 525 217 534 268 2146 630 1835 403 276 209 771 291 211 220 762 300 310 729 585 994 272 727 1165 199 352
internal_value=0 -0.00110019 -0.000291511 0.00192195 -0.00100551 0.00443681 0.005904 -0.000651268 -0.00118913 -0.000359654 0.000993957 -0.00392772 0.00379015 0.00512906 -0.00191809 -0.00395176 0.00339278 0.00336534 -0.00189302 0.00907395 -0.00256146 -0.0045903 0.00422419 -0.00685645 -0.00400947 0.00250605 0.00538575 -0.00543729 -0.00710528 -0.0118493
internal_weight=0 1955.35 1698.06 1513.85 478.927 264.635 241.612 81.3437 1433.43 1208.34 887.199 321.139 452.805 399.15 434.393 315.962 118.431 350.16 71.1124 160.268 411.923 294.827 58.5296 236.298 181.362 117.096 95.5658 225.088 190.041 86.1962
internal_count=28215 13142 11417 15073 5332 2155 2038 751 9262 7829 5708 2121 3036 2633 2672 1952 720 2357 429 1287 4415 3116 1039 2077 1492 1299 1027 1433 1181 551
cat_boundaries=0 1 2
cat_threshold=8 1
is_linear=0
shrinkage=0.03


Tree=178
num_leaves=31
num_cat=0
split_feature=71 92 74 16 92 46 77 55 63 39 5 57 25 81 16 16 58 25 43 25 27 27 10 81 57 36 77 51 86 39
split_gain=6.65988 11.3828 7.70947 7.94367 6.00684 6.03696 7.08904 6.68937 9.82028 11.1268 10.2676 6.90941 8.69947 6.19651 8.14892 6.84346 6.60926 7.03335 6.26563 5.86955 5.85244 8.4891 5.78939 5.7916 6.23195 5.7774 5.70753 5.66351 8.82921 8.51831
threshold=1.0000000180025095e-35 0.53895000000000015 10.500000000000002 533.50000000000011 0.28575000000000006 1.0000000180025095e-35 0.27549062500000004 1.0000000180025095e-35 0.81985000000000008 0.78725000000000012 2312.8350000000005 0.7944500000000001 18.032986111111118 0.69496666666666673 177.50000000000003 121.50000000000001 1.5000000000000002 11.071875000000002 1.0000000180025095e-35 6.0309027777777784 0.12515000000000001 0.75785000000000013 7.0010416666666675 0.088620000000000018 0.92295000000000016 0.22995000000000002 0.48228750000000009 0.055350000000000003 0.099950000000000025 0.87325000000000008
decision_type=2 2 2 2 2 8 2 8 2 2 2 2 8 2 2 2 10 8 8 10 2 2 2 2 2 2 2 2 2 2
left_child=1 2 -1 26 -2 13 25 8 11 10 -10 20 -13 16 15 -15 -6 19 -16 -18 -8 -22 -19 -24 -25 -7 -4 28 -9 -30
right_child=4 -3 3 -5 5 6 7 27 9 -11 -12 12 -14 14 18 -17 17 22 -20 -21 21 -23 23 24 -26 -27 -28 -29 29 -31
leaf_value=0.011184525905090467 0.0067754025249028328 0.016814247292907616 -0.005671441358095392 0.0096161407062149273 0.0013003311530512289 -0.013544351220261885 -0.0052559764572194887 0.00039112544094025033 -0.015627526244028338 0.0076026194716139368 0.0023524135708945467 0.0025982571201525469 -0.011019440099309339 0.002970918365057956 0.0098225542449391495 -0.014294829790128902 -0.0051280945330504238 0.0012225376874205635 -0.0023717214427561922 0.0043457735621975991 0.012046950112802586 -0.0032236788795999881 0.0022663518441895856 -0.011852943768664082 -0.0011372597985114408 0.0025769688798779693 0.0051236963143303131 0.00010536502434491002 0.0086981320523779534 -0.0068845507547504502
leaf_weight=53.280991438776255 96.519159210845828 43.801010966300964 162.74754698574543 46.258679984137416 194.47423027455807 46.533208895474672 33.220508616417646 330.19687539339066 102.9327303674072 27.535744624212384 35.088959950953722 88.212609114125371 66.049679648131132 35.028259739279747 101.85268210992217 32.086160764098167 110.32308815419674 60.519875455647707 52.380823984742165 105.32065243273973 97.674117667600513 41.974299561232328 35.964178010821342 257.909588733688 62.508072357624769 26.668712444603443 50.519498625770211 731.22216509841383 309.22232574597001 27.653805423527956
leaf_count=357 718 388 948 408 1306 463 208 2065 764 289 275 721 455 225 581 200 650 365 423 618 681 388 218 1581 378 261 752 8623 2560 390
internal_value=0 0.00404721 0.001794 -0.00047733 -0.000227458 -0.000473497 0.000508322 0.000880982 -0.0020964 -0.0078232 -0.0112064 0.00094796 -0.00354825 -0.00230042 0.00208729 -0.00606682 -0.00348568 -0.00495446 0.00578889 -0.000513512 0.00493485 0.00754833 -0.00718571 -0.00860798 -0.00986018 -0.00806726 -0.0029993 0.0019375 0.0039146 0.00725737
internal_weight=0 356.608 312.807 259.526 3109.07 3012.55 1964.19 1890.98 492.689 165.557 138.022 327.131 154.262 1048.37 221.348 67.1144 827.02 632.545 154.234 215.644 172.869 139.648 416.902 356.382 320.418 73.2019 213.267 1398.3 667.073 336.876
internal_count=28259 2853 2465 2108 25406 24688 18143 17419 3781 1328 1039 2453 1176 6545 1429 425 5116 3810 1004 1268 1277 1069 2542 2177 1959 724 1700 13638 5015 2950
is_linear=0
shrinkage=0.03


Tree=179
num_leaves=31
num_cat=0
split_feature=40 45 42 16 86 48 45 48 39 58 77 13 69 6 48 10 71 69 39 60 60 16 92 76 72 11 6 57 11 42
split_gain=8.62365 7.86576 8.1955 7.42981 7.44456 8.75718 6.55029 7.50451 8.9588 12.3875 8.8826 7.31234 7.38723 6.15985 6.03886 9.37104 7.35931 7.55017 6.97953 6.04562 7.61956 6.70811 5.98934 6.03795 5.91495 5.8731 6.84163 5.84998 5.79792 7.47925
threshold=1.0000000180025095e-35 0.67545000000000011 0.91835000000000011 299.50000000000006 0.50907000000000013 0.41015000000000007 0.14615000000000003 1.0000000180025095e-35 0.24915000000000001 1.5000000000000002 0.43323750000000005 1.0000000180025095e-35 0.76675000000000015 7.2037700269080061 0.13505000000000003 10.04340277777778 1.0000000180025095e-35 0.9658500000000001 0.68065000000000009 0.80585000000000007 0.68985000000000007 283.50000000000006 0.71198333333333352 3.5000000000000004 0.92695000000000005 25.000000000000004 7.4271619733818666 0.80745000000000011 25.000000000000004 0.38665000000000005
decision_type=8 2 2 2 2 2 2 2 2 10 2 2 2 2 2 2 2 2 2 2 2 2 2 2 2 2 2 2 2 2
left_child=3 2 14 6 22 -6 11 -8 9 -9 -10 13 -13 24 15 -2 -16 -18 19 20 21 -17 23 -5 28 26 -24 -25 29 -1
right_child=1 -3 -4 4 5 -7 7 8 10 -11 -12 12 -14 -15 16 18 17 -19 -20 -21 -22 -23 25 27 -26 -27 -28 -29 -30 -31
leaf_value=-0.0061387501566034708 -0.005130052126419469 0.0055961076898892494 0.012337481277557445 -0.0060999267893028127 -0.018268721528485059 0.0015295477879614485 -0.0010139038075425934 0.0014730795693508115 -0.011821477407773921 -0.018959935551519768 0.0029593084672199861 0.011035013062142685 -0.002278838258941152 0.0012504765078886254 0.0067522629080025475 0.0057733051242852308 -0.0042074981200223493 0.0078358264432756147 0.0085463604883542401 -0.0052457055069104605 0.012959352409621244 -0.0095764629769965713 -0.01186969395348327 0.0010476921469655901 0.0042965238885051358 0.004292832206288854 0.0024702388381508521 0.007373527081239022 -0.012566657639202292 0.0079565549400014892
leaf_weight=163.12456869333982 110.93518380261958 324.35013447329402 39.472164893522859 49.932974264025688 28.75395767018199 38.858487270772457 182.49892433360219 33.373005978763103 51.14667621999979 100.84858797676861 83.679100597277284 69.60347974486649 65.532546663656831 213.22799291461706 66.2190748937428 48.390590161085129 527.06735619343817 42.158949788659811 183.3214266076684 84.398316483944654 47.713618712499738 35.802632465958595 73.492116134613752 285.29037300124764 44.190624140202999 55.875845804810524 42.067705264315009 240.55948511324823 93.107859030365944 33.034272354096174
leaf_count=1199 725 5675 667 486 250 620 1224 230 324 754 665 418 395 1366 549 355 4379 359 1184 531 300 238 427 1654 306 324 248 1410 678 208
internal_value=0 0.00153181 0.000382296 -0.00147992 0.000701268 -0.00815918 -0.00304049 -0.0058035 -0.0088996 -0.0141296 -0.00307693 -0.00115321 0.00486646 -0.00270191 -0.000132642 0.00227257 -0.00207043 -0.00319564 0.00440259 0.000668234 0.00455518 -0.00107779 0.00160017 0.00305795 -0.00519207 -0.00319459 -0.00686849 0.00402516 -0.00673675 -0.00349422
internal_weight=0 1509.83 1185.48 1948.2 814.831 67.6124 1133.37 451.546 269.047 134.222 134.826 681.821 135.136 546.685 1146.01 510.562 635.445 569.226 399.627 216.305 131.907 84.1932 747.218 575.783 333.457 171.436 115.56 525.85 289.267 196.159
internal_count=28148 14962 9287 13186 5419 870 7767 3197 1973 984 989 4570 813 3757 8620 3333 5287 4738 2608 1424 893 593 4549 3550 2391 999 675 3064 2085 1407
is_linear=0
shrinkage=0.03


Tree=180
num_leaves=31
num_cat=1
split_feature=5 86 66 75 92 5 33 42 9 83 39 69 92 52 27 92 52 5 11 92 0 45 82 58 86 67 27 89 21 52
split_gain=7.4254 8.37752 9.55918 9.19796 8.04088 8.64139 7.7738 6.36111 6.73803 6.55597 5.78214 6.83822 9.04749 6.90778 6.54459 5.75837 5.71598 7.53655 5.61922 5.55222 5.5482 5.5015 5.35738 5.32575 5.51182 5.31717 6.8489 5.31475 5.27513 8.93204
threshold=1733.1150000000002 0.11729000000000002 0.97625000000000006 0.71875000000000011 0.82921666666666682 560.60500000000013 0.90985000000000016 0.82305000000000017 111.50000000000001 0.25051000000000007 0.11045000000000001 0.69255000000000011 0.65988333333333349 15.007986111111114 0.77985000000000015 0.29785000000000006 8.0774305555555568 554.03000000000009 17.000000000000004 0.55418333333333336 0 0.15435000000000001 4.5000000000000009 4.5000000000000009 0.23121000000000003 1.0000000180025095e-35 0.27865000000000006 0.85483333333333344 0.43650793650793657 10.012847222222224
decision_type=2 2 2 2 2 2 2 2 2 2 2 2 2 8 2 2 10 2 2 2 1 2 2 8 2 8 2 2 2 8
left_child=1 -1 3 25 6 -6 7 8 9 -5 -11 20 13 14 -13 21 -9 -18 -15 -20 -12 -2 -19 24 -14 -3 -27 -8 29 -17
right_child=15 2 -4 4 5 -7 27 16 -10 10 11 12 23 18 -16 28 17 22 19 -21 -22 -23 -24 -25 -26 26 -28 -29 -30 -31
leaf_value=-0.0033557508704075154 0.016215453051703334 0.01219511409118219 0.015236324939050647 -0.0041819079321585035 0.0039873583621749262 -0.013024344751548999 -0.0099039424213480162 0.0002779221515491427 0.010447310622637004 0.0073811100559942775 -0.011154383381034421 0.0080970355477720923 0.021029395946290788 -0.014048424839530425 -0.0061452827910272465 -0.008709990296276086 -0.023639434287350165 0.0081193079919527657 0.0077740644830431443 -0.006820768834974681 -0.00042669304883031324 0.00088429912560208056 -0.01013192574444708 0.0020221293944372425 0.0046418112330236507 -0.0078670204819899295 0.0085375879881390351 0.005895656961531077 0.002857520718150184 0.0015631282854404228
leaf_weight=762.06281794980168 38.89164862036705 73.034761279821396 28.546892570331693 169.93426160141826 33.057498179376125 78.358799686655402 93.181192761287093 82.485933462157845 63.271199189126492 144.15140390209854 50.805541414767504 91.669429564848542 35.993187688291073 35.271559473127127 32.256529109552503 99.177193446084857 17.401595395058393 16.369481146335602 31.202541388571262 44.557672640308738 154.4668534938246 39.157379802316427 22.80719530582428 66.265295973047614 43.229317426681519 33.312235172837973 38.739899463951588 16.516058180481195 776.48522287420928 244.43938437104225
leaf_count=5190 252 449 324 1108 354 816 1194 1148 486 1096 432 693 206 263 340 706 272 249 226 340 1325 318 400 625 461 193 280 221 6452 1749
internal_value=0 -0.000817094 0.000489025 0.000101189 -0.00070385 -0.00806424 3.33273e-05 0.000814908 0.00169221 0.000968513 0.00220799 0.000832302 0.00318672 -0.000507294 0.00420787 0.00209449 -0.00496667 -0.0115061 -0.00568287 -0.000604174 -0.00347664 0.00949778 -0.00240557 0.00880138 0.0136097 0.00701543 0.00091872 -0.00723134 0.00149915 -0.00156444
internal_weight=0 2258.95 1496.89 1468.34 1323.25 111.416 1211.84 1102.14 963.075 899.804 729.869 585.718 380.446 234.958 123.926 1198.15 139.064 56.5783 111.032 75.7602 205.272 78.049 39.1767 145.488 79.2225 145.087 72.0521 109.697 1120.1 343.617
internal_count=28168 18691 13501 13177 12255 1170 11085 9670 7601 7115 6007 4911 3154 1862 1033 9477 2069 921 829 566 1757 570 649 1292 667 922 473 1415 8907 2455
cat_boundaries=0 1
cat_threshold=4
is_linear=0
shrinkage=0.03


Tree=181
num_leaves=31
num_cat=1
split_feature=72 57 4 36 25 74 49 89 25 21 72 83 83 33 72 39 39 57 72 25 89 66 57 83 77 33 33 9 36 27
split_gain=6.71965 12.3653 7.15658 8.29124 6.46357 5.96191 5.85979 7.23632 5.8302 5.20295 9.35173 14.3529 8.97973 9.00394 7.54823 7.1855 6.43636 6.21647 6.08195 5.88008 6.24256 6.52886 5.72607 5.47142 5.69382 8.71164 6.07717 5.46168 5.45397 5.74058
threshold=0.98345000000000016 0.81265000000000009 0 0.083150000000000016 15.026041666666668 15.500000000000002 1.0000000180025095e-35 0.74951666666666672 1.0649305555555559 0.41428571428571431 0.71495000000000009 0.40365000000000012 0.30759000000000009 0.36145000000000005 0.67965000000000009 0.38385000000000008 0.45365000000000005 0.83855000000000013 0.41825000000000007 13.057986111111113 0.63321666666666687 0.44855000000000006 0.82825000000000015 0.18069000000000005 0.36030625000000011 0.10805000000000002 0.27405000000000007 60.500000000000007 0.70735000000000015 0.68535000000000013
decision_type=2 2 1 2 10 2 8 2 10 2 2 2 2 2 2 2 2 2 2 8 2 2 2 2 2 2 2 2 2 2
left_child=2 -2 3 4 -1 9 7 8 -5 10 11 14 13 17 18 23 -17 -12 -4 -18 -21 22 -22 -11 25 -25 -27 -23 -26 -30
right_child=1 -3 5 6 -6 -7 -8 -9 -10 15 12 -13 -14 -15 -16 16 19 -19 -20 20 21 27 -24 24 28 26 -28 -29 29 -31
leaf_value=0.0089247247497997798 -0.014093478559755587 0.0048695590602296371 0.00050504794152748326 -0.014134962147522056 -0.0030610032178979814 -0.010144848597902439 0.0024986296216751224 0.0023012039260572391 -0.0021476007239832071 -0.0024458797083336281 -0.0079342941245445029 0.012242127017217334 -0.0103197924786351 0.0092654521661717035 0.0086789974602338432 -0.0077132089171677567 0.00458961688261554 0.0034388345636129081 -0.0091260946674927602 0.0066585143222179146 -0.015374252029812581 0.0086446743584824622 -0.0015060017934210557 -0.0023889110843717462 -0.00017771134833101092 0.017358825365377462 0.005178683667642763 -0.0058167745036214096 0.011272622881487296 -0.0026712503479515278
leaf_weight=218.99996407702565 67.269682267680764 44.939427394419909 118.91454118490219 52.151953846216202 43.966200718656182 47.419426934793591 654.94158942997456 140.02475033514202 99.361523600295186 161.34416455030441 125.00688134133816 72.792014956474304 173.89930997416377 46.358830712735653 39.863670691847801 124.65245893970132 140.35352961532772 56.75706797093153 105.23568334430456 39.504503717646003 58.900664187967777 36.037247803062201 47.755716685205698 56.457822635769844 363.60160055570304 65.725208789110184 96.913107886910439 38.363529540598392 77.143824458122253 33.509054301306605
leaf_count=2069 566 381 989 338 481 363 8450 1165 757 1008 1006 407 1067 380 300 733 1026 424 806 239 356 242 293 344 2032 412 621 250 422 251
internal_value=0 -0.00672182 0.000440357 0.00227306 0.00688207 -0.000607746 0.000933945 -0.00254741 -0.00689342 -0.000342706 -0.00234694 0.00132574 -0.00538134 -0.00134144 -0.00202098 0.000771341 -0.00211582 -0.00438882 -0.00421329 -2.67651e-05 -0.00303603 -0.00538906 -0.00982609 0.00241709 0.0035674 0.00746153 0.0108213 0.00138218 0.00165145 0.00717858
internal_weight=0 112.209 3335.96 1209.45 262.966 2126.51 946.48 291.538 151.513 2079.09 738.828 336.806 402.022 228.123 264.014 1340.26 485.568 181.764 224.15 360.915 220.562 181.057 106.656 854.695 693.351 219.096 162.638 74.4008 474.254 110.653
internal_count=28178 947 27231 13260 2550 13971 10710 2260 1095 13608 5379 2502 2877 1810 2095 8229 3139 1430 1795 2406 1380 1141 649 5090 4082 1377 1033 492 2705 673
cat_boundaries=0 1
cat_threshold=1
is_linear=0
shrinkage=0.03


Tree=182
num_leaves=31
num_cat=0
split_feature=33 66 30 27 27 66 33 40 27 30 66 60 60 9 63 66 48 86 76 39 60 10 60 77 33 83 51 25 69 25
split_gain=7.59721 6.85543 7.73598 7.9306 8.94284 7.19853 7.17725 6.5416 6.45276 6.28001 7.07631 9.1066 8.55753 7.98784 6.80741 6.03595 7.08479 5.94421 5.86446 5.84049 10.8208 8.68879 5.83751 5.76347 7.68942 9.9329 6.24495 5.65558 5.45888 5.41918
threshold=0.94255000000000011 0.97625000000000006 0.12395000000000002 0.14715000000000003 0.24315000000000003 0.96205000000000007 0.25975000000000004 1.0000000180025095e-35 0.32585000000000003 0.22605000000000003 0.31615000000000004 0.96795000000000009 0.81325000000000014 73.500000000000014 0.78685000000000016 0.64875000000000016 0.81305000000000016 0.4191700000000001 3.5000000000000004 0.63155000000000017 0.88205000000000011 21.020486111111115 0.83105000000000007 0.30832812500000006 0.29725000000000007 0.34645000000000009 0.25545000000000007 10.050347222222223 0.84195000000000009 16.05104166666667
decision_type=2 2 2 2 2 2 2 8 2 2 2 2 2 2 2 2 2 2 2 2 2 2 2 2 2 2 2 8 2 8
left_child=1 2 3 6 -5 7 -1 18 -6 22 11 12 23 -14 -15 16 -12 -18 27 21 -21 -10 -9 -11 26 -26 -25 -4 29 -17
right_child=-2 -3 5 4 8 -7 -8 9 19 10 15 -13 13 14 -16 28 17 -19 -20 20 -22 -23 -24 24 25 -27 -28 -29 -30 -31
leaf_value=0.00097993096195349533 -0.0061699493054795983 0.0091990863508881679 0.0040761321869259631 -0.0072415958138583366 0.010165257001439908 -0.013303409693202404 0.012726384342640951 -0.0082332748221508496 0.0042185645850256939 0.013002231638697851 0.0099581887959130193 0.013550462105718437 -0.0012476744422083744 -0.022954946202694431 -0.0017939721428715241 0.0027337498498297363 -0.012813019394149245 0.0068689520747176186 -0.001325505878190686 0.012084624345493372 -0.0086795525683209668 -0.0061934548541990103 0.004183692582690416 -0.012458709603705612 0.019734549106844222 0.00014292016777628797 0.0024436961353173667 -0.010896582483528485 0.0069386134116961014 -0.0067876603248502492
leaf_weight=82.341266885399818 167.90879380702972 64.382788145914674 22.995645046234131 92.167375814169645 72.779960680752993 30.827374963089824 104.27898688428104 100.67647226713598 124.50658850371838 21.756612610071898 197.65244790166616 26.385911775752902 74.291218649595976 32.42890739813447 22.885000294074416 113.9698903542012 18.127450987696648 18.211356425657868 1240.2185540739447 73.760341702029109 22.810672536492348 146.39809936657548 41.906422154977918 56.676166327670217 18.066788870841265 137.73582568392158 36.238879576325417 99.435715403407812 93.968706844374537 85.77127767726779
leaf_count=558 1834 597 223 609 481 294 688 667 845 169 1773 273 778 326 226 1498 132 415 8007 690 213 976 305 328 107 1597 314 1026 1216 907
internal_value=0 0.00019526 -1.3384e-05 0.00270585 0.000788748 -0.000806234 0.00785701 -0.00059635 0.00259339 0.00112268 0.00200857 -0.000858874 -0.00211646 -0.00815239 -0.0158151 0.00429879 0.00779219 -0.00359558 -0.00197804 0.000864189 0.00682578 -0.00142831 -0.0045488 0.000963373 -0.000551587 0.00346798 -0.00697376 -0.0079889 0.00135076 -0.00148354
internal_weight=0 3273.65 3209.27 719.043 532.423 2490.23 186.62 2459.4 440.256 1096.75 954.166 426.465 400.079 129.605 55.3139 527.701 233.991 36.3388 1362.65 367.476 96.571 270.905 142.583 270.474 248.718 155.803 92.915 122.431 293.71 199.741
internal_count=28072 26238 25641 5060 3814 20581 1246 20287 3205 11031 10059 4118 3845 1330 552 5941 2320 547 9256 2724 903 1821 972 2515 2346 1704 642 1249 3621 2405
is_linear=0
shrinkage=0.03


Tree=183
num_leaves=31
num_cat=0
split_feature=54 39 15 54 39 77 92 54 54 92 63 17 63 21 63 69 60 51 51 39 36 36 16 33 39 52 52 69 39 52
split_gain=8.07075 7.22181 8.54496 8.40931 5.74421 5.94545 5.33924 7.96391 6.71191 7.32168 7.75537 7.82715 7.42139 6.51651 7.74486 7.5712 10.5741 7.38283 8.89813 6.76755 6.15533 8.23537 7.44533 6.68753 7.70289 5.89646 5.87843 9.49361 5.85926 5.7668
threshold=0.60255000000000014 0.090050000000000005 1.0000000180025095e-35 0.79690000000000005 0.44655000000000006 0.50306250000000008 0.29218333333333341 0.18105000000000002 0.34045000000000009 0.65795000000000015 0.86455000000000015 2.5000000000000004 0.75325000000000009 0.73030303030303034 0.96555000000000013 0.83655000000000013 0.97915000000000008 0.62095000000000011 0.42325000000000007 0.090050000000000005 0.38095000000000007 0.30295000000000005 107.50000000000001 0.30465000000000003 0.33165000000000006 5.0093750000000012 14.005208333333336 0.77005000000000012 0.12145000000000002 13.026736111111113
decision_type=2 2 2 2 2 2 2 2 2 2 2 2 2 2 2 2 2 2 2 2 2 2 2 2 2 10 8 2 2 10
left_child=6 -2 3 -3 5 -4 7 -1 13 12 11 -11 -10 15 19 16 20 18 -17 -15 21 22 -8 24 28 -14 -24 -28 -22 -19
right_child=1 2 4 -5 -6 -7 8 -9 9 10 -12 -13 25 14 -16 17 -18 29 -20 -21 23 -23 26 -25 -26 -27 27 -29 -30 -31
leaf_value=0.00038599543854181531 0.011255991760757611 -0.013312098623127988 0.0095281799407923654 0.0030892297895402155 0.0086126765840026341 -0.0078583027601758521 -0.0092769046364833217 0.014316004183850052 -0.014040223525414947 -0.0062227912018934847 -0.0099750507226848972 0.010408071403179937 -0.0086957456871824441 0.0081121072286015356 0.015726267288611102 0.00093691118891021062 0.0090398059698368043 0.013308320689287223 -0.010696511424195344 -0.0009525893216242768 -0.002579006339705783 0.0052740812565481889 0.0030411771351406031 -0.0084441910548043002 -0.0075549745448240365 0.0051658515922698356 -0.00080680272181895434 -0.012256518294587531 0.0095051622071849248 -0.0011978899415326042
leaf_weight=149.4461723100394 78.921570848673582 47.675904305651784 16.950588516891003 48.97656393609941 122.51932654716074 42.866972185671329 121.15882678702474 39.321366656571627 100.97858239151537 31.062649704515934 35.96987890638411 62.677033741027117 47.782632451504469 90.194227665662766 27.875314589589834 631.75086316466331 56.745051056146622 60.846375761553645 55.185391448438168 278.46673091314733 70.691219132393599 125.06020049750805 180.16725802235305 314.64267454110086 98.905926991254091 43.765929888933897 285.58436024561524 75.077835191041231 57.450151037424803 35.4749507419765
leaf_count=1058 1128 543 93 556 3009 676 884 258 653 192 247 467 309 640 232 4078 392 730 348 2247 447 818 1203 2660 672 303 1925 499 356 405
internal_value=0 0.00379982 0.00137409 -0.00549069 0.00510922 -0.00227242 -0.000901396 0.00386195 -0.00122505 -0.00523882 0.00030314 0.00482847 -0.00880317 -0.000702473 0.00278852 -0.00135064 -0.00267655 0.000998893 -0.000137735 0.00142079 -0.00324069 -0.00151476 -0.00285667 -0.00567548 -0.00164423 -0.00221289 -0.00127608 -0.00345661 0.00313463 0.00835554
internal_weight=0 357.911 278.989 96.6525 182.337 59.8176 3076.28 188.768 2887.51 322.237 129.71 93.7397 192.527 2565.28 396.536 2168.74 1385.48 783.258 686.936 368.661 1328.74 787.048 661.988 541.69 227.047 91.5486 540.829 360.662 128.141 96.3213
internal_count=28028 6005 4877 1099 3778 769 22023 1316 20707 2171 906 659 1265 18536 3119 15417 9856 5561 4426 2887 9464 5329 4511 4135 1475 612 3627 2424 803 1135
is_linear=0
shrinkage=0.03


Tree=184
num_leaves=31
num_cat=1
split_feature=33 4 74 69 54 92 9 92 58 48 39 48 30 30 9 72 89 54 25 77 89 86 48 33 51 86 72 71 86 45
split_gain=6.69451 7.23931 5.14696 5.05228 6.54296 5.98263 5.03601 5.1532 6.53257 5.3646 5.02955 5.38707 5.52017 4.75289 4.69432 5.18009 4.63791 5.00624 4.54032 4.20779 5.94278 5.24352 10.7394 7.54404 7.77346 7.82432 6.73881 6.43479 7.98203 6.25515
threshold=0.92985000000000007 0 12.500000000000002 0.72075000000000011 0.14685000000000004 0.62441666666666673 77.500000000000014 0.64411666666666678 4.5000000000000009 0.6986500000000001 0.25255000000000005 0.19510000000000002 0.46185000000000004 0.17805000000000001 80.500000000000014 0.71165000000000012 0.7689166666666668 0.21015000000000003 15.060763888888891 0.23459375000000002 0.29530000000000006 0.43790000000000007 0.87955000000000017 0.45595000000000008 0.63255000000000006 0.31800000000000006 0.67575000000000007 1.0000000180025095e-35 0.029820000000000003 0.92965000000000009
decision_type=2 1 2 2 2 2 2 2 10 2 2 2 2 2 2 2 2 2 10 2 2 2 2 2 2 2 2 2 2 2
left_child=1 2 -1 4 5 -4 7 8 -5 -10 14 12 -12 -13 15 -2 17 -8 -18 -3 -21 23 29 24 26 -26 27 -22 -29 -23
right_child=10 19 3 6 -6 -7 16 -9 9 -11 11 13 -14 -15 -16 -17 18 -19 -20 20 21 22 -24 -25 25 -27 -28 28 -30 -31
leaf_value=0.0059604107548619709 -0.0026021098934758372 -0.0092469385377058465 -0.0014071478427234306 0.006075492548545107 0.0023173601440696998 -0.013869794345385357 0.0010956029251551502 0.0085972642762363865 -0.012320542796552951 0.0045677659563594679 0.0018264648632444268 -0.0082303373041573372 -0.015803231372614926 0.0068423408372752592 -4.9060712913647219e-06 -0.021658207869459972 0.0077168380404413015 -0.011860218788365247 -0.0073764497229199689 0.0085586820812549331 0.0024251319566944022 -0.010290897161856433 0.0094322143364750054 -0.0063099988599602044 0.016976425151837369 -0.00027330590551541347 0.0014159071619083453 0.0049602778904752091 -0.0060522458602574169 0.0046879183121363976
leaf_weight=269.53880817443132 23.624777430668473 39.090690828859806 91.850302977487445 78.180920567363501 156.53424000181258 48.34438344836235 52.534092569723725 172.62154576182365 35.520648112520576 20.277575761079788 25.894936433061957 15.655914401635526 25.181376336142421 67.892960291355848 27.194448126479983 29.341583488509059 60.872497003525496 41.796183964237571 15.267036443576215 55.243138868361712 163.83976924791932 146.40154273249209 29.578257523477077 152.80218194425106 39.874292515218258 44.443253483623266 1045.5367917343974 62.186407864093781 375.68770535290241 23.849722759798169
leaf_count=2050 205 428 887 806 2144 560 496 2209 375 348 173 178 300 967 223 250 803 564 207 395 960 1419 380 931 205 280 6319 426 2353 244
internal_value=0 0.000423563 0.00246599 0.00118826 -0.00184731 -0.00634206 0.00307549 0.00531663 0.000786255 -0.00642173 -0.0049307 -0.00116581 -0.0080296 0.00344006 -0.010423 -0.0149217 -0.0010266 -0.00523148 0.00418543 -0.00056139 -0.00036041 -0.000636557 -0.0051352 -0.000134905 0.000443119 0.00881922 -3.62562e-05 -0.00254143 -0.00441243 -0.00804892
internal_weight=0 3221.87 1043.34 773.799 296.729 140.195 477.071 306.601 133.979 55.7982 214.786 134.625 51.0763 83.5489 80.1608 52.9664 170.47 94.3303 76.1395 2178.53 2139.44 2084.2 199.83 1884.37 1731.57 84.3175 1647.25 601.714 437.874 170.251
internal_count=28085 25789 11449 9399 3591 1447 5808 3738 1529 723 2296 1618 473 1145 678 455 2070 1060 1010 14340 13912 13517 2043 11474 10543 485 10058 3739 2779 1663
cat_boundaries=0 1
cat_threshold=1
is_linear=0
shrinkage=0.03


Tree=185
num_leaves=31
num_cat=1
split_feature=37 92 77 10 10 39 0 77 30 46 72 86 16 49 83 5 86 27 39 36 85 27 36 25 86 83 92 30 16 60
split_gain=5.7555 6.94816 6.36499 6.61746 7.55402 8.23796 7.45605 6.31655 6.22969 6.55009 7.10942 5.65957 5.69403 5.48778 6.33671 5.44524 7.75295 6.068 10.121 9.24399 8.56088 9.22816 7.50698 7.42096 6.53708 6.24196 7.83765 10.1633 5.82168 7.89675
threshold=1.0000000180025095e-35 0.70511666666666672 0.26147187500000008 25.01979166666667 21.035069444444449 0.071250000000000022 0 0.45025937500000007 0.27335000000000004 1.0000000180025095e-35 0.9144500000000001 0.39961000000000008 202.50000000000003 inf 0.58827000000000018 4064.7250000000004 0.16278000000000001 0.14715000000000003 0.23065000000000002 0.046150000000000004 2.5000000000000004 0.74865000000000015 0.41145000000000004 16.078819444444445 0.075720000000000023 0.17443 0.47558333333333341 0.36425000000000007 231.50000000000003 0.84835000000000016
decision_type=8 2 2 2 2 2 1 2 2 8 2 2 2 8 2 2 2 2 2 2 2 2 2 10 2 2 2 2 2 2
left_child=1 15 -2 4 5 -4 7 -6 9 -5 -11 12 -3 14 -8 17 -17 25 20 -20 22 -22 24 28 -19 -1 27 -27 -21 -30
right_child=2 11 3 8 6 -7 13 -9 -10 10 -12 -13 -14 -15 -16 16 -18 18 19 23 21 -23 -24 -25 -26 26 -28 -29 29 -31
leaf_value=-0.0045490318440419199 -0.011280414383185455 0.0020587768158728858 0.0068623603177375347 -0.006171820283837547 -0.0013893877271608549 -0.00064692024605675282 -0.0118245476443187 -0.022378477167485786 0.0058745361784448384 0.0065853581115246822 -0.0088706314067552271 -0.011545414313909621 -0.0055668273734325894 0.0089431180166910217 0.0065836182293782883 -0.0051761223599825984 0.0092488636630880892 0.0012523875247234051 0.0069594077328563866 -0.010906855529022813 -0.0075367513228732346 0.0075761755037176198 -0.0058168678087819206 0.0057328443177335382 0.011691811064323709 0.0060746053858712797 0.0081508208411948911 -0.01161297277314626 0.00021553703589810994 -0.011317786251447156
leaf_weight=78.060330647975206 25.124693356454372 136.2780819889158 161.34927881509066 88.754855576902628 22.174589335918427 559.0764816980809 37.063528694212437 26.388056699186563 447.37063196860254 124.62906425632536 24.265935422852635 72.085664642974734 219.38963827304542 25.818867998197675 18.250431820750237 39.701306015253067 105.72856443747878 100.81465339660645 46.067409398034215 197.46555105037987 128.29598243907094 40.384052451699972 41.914063904434443 36.438011292368174 113.25294149294496 55.136025972664356 182.6068001948297 43.4658397231251 156.62377213127911 70.808826403692365
leaf_count=578 244 804 1429 501 128 5713 295 317 5034 1065 211 823 1248 207 342 221 741 744 302 1373 843 253 279 253 709 390 1164 293 1046 469
internal_value=0 -0.00108514 0.001377 0.00165582 -0.000117985 0.00110581 -0.00650841 -0.0146683 0.00382717 -0.000108529 0.0036667 -0.0043941 -0.00266859 -0.000550652 -0.00567283 -7.64329e-05 0.00523128 -0.000709793 -0.00198263 -0.00480291 0.00142012 -0.00369702 0.0048043 -0.00610019 0.0070507 0.00255665 0.00461759 -0.00207383 -0.00722344 -0.00370069
internal_weight=0 1864.52 1560.27 1535.14 850.121 720.426 129.695 48.5626 685.02 237.65 148.895 427.753 355.668 81.1328 55.314 1436.76 145.43 1291.33 932.065 507.404 424.662 168.68 255.982 461.336 214.068 359.269 281.209 98.6019 424.898 227.433
internal_count=28019 12533 15486 15242 8431 7142 1289 445 6811 1777 1276 2875 2052 844 637 9658 962 8696 6271 3443 2828 1096 1732 3141 1453 2425 1847 683 2888 1515
cat_boundaries=0 1
cat_threshold=1
is_linear=0
shrinkage=0.03


Tree=186
num_leaves=31
num_cat=1
split_feature=21 30 92 86 85 79 63 81 57 39 57 81 9 10 27 63 92 92 39 75 25 23 4 60 92 51 48 17 51 39
split_gain=5.45994 5.03962 5.07019 4.91054 8.57307 6.73605 8.40623 7.02136 6.94124 8.20421 7.45307 9.59551 8.72445 6.69532 8.58166 6.23873 6.80205 6.06313 6.87207 10.3361 7.53855 9.92719 7.4949 6.8911 6.13955 5.88448 9.20596 7.41485 7.36891 6.52676
threshold=0.86607142857142871 0.17415000000000003 0.59878333333333356 0.13193000000000002 1.5000000000000002 2.5000000000000004 0.73855000000000015 0.22218000000000004 0.90785000000000016 0.015150000000000002 0.8297500000000001 0.70765000000000022 38.500000000000007 25.064930555555559 0.10985000000000002 0.92525000000000013 0.54395000000000016 0.70511666666666672 0.34325000000000006 0.65625000000000011 10.038541666666669 0.10555555555555557 0 0.26935000000000003 0.79768333333333341 0.42325000000000007 0.42785000000000006 3.5000000000000004 0.62975000000000014 0.87645000000000006
decision_type=2 2 2 2 2 2 2 2 2 2 2 2 2 2 2 2 2 2 2 2 8 2 1 2 2 2 2 2 2 2
left_child=3 -2 -3 17 -5 6 -6 -8 10 -10 25 12 -12 15 -15 16 -11 18 20 -20 -1 22 -22 -21 -19 27 29 -7 -28 -27
right_child=1 2 -4 4 5 8 7 -9 9 13 11 -13 -14 14 -16 -17 -18 24 19 23 21 -23 -24 -25 -26 26 28 -29 -30 -31
leaf_value=0.0085668877697375207 -0.0031040822904808089 0.0012179258112961439 0.01469769583736227 0.010171804984510792 0.010083581464405847 0.0039462085299219263 -0.010105934288765394 0.0042567282158167815 0.0050035968154363694 -0.0025460883820338392 -0.0069234671641869279 0.012120833831663087 0.0047175069713399926 0.013009100379947526 -0.0043163164405273791 0.0034426523599023181 -0.015881321840317427 -0.010347646930206417 0.0076133268973643982 0.0045802582451747835 0.0056468184834448584 -0.011282215535061686 -0.0023020454595217323 -0.0083309954790457934 -0.00039075407164715755 -0.0092055622315436233 -0.0079357217607506966 -0.0020462686357127328 0.0045342028813887504 0.0051188274274957283
leaf_weight=89.532130736857653 38.934871392324567 46.814814219251275 49.572402669116855 67.048147205263376 115.50513775646687 347.58436286263168 38.689089005813003 73.029367551207542 66.407703373581171 55.397587858140469 75.69653438590467 88.651877880096436 169.5870334841311 21.819617507979274 125.46993026509881 24.027785440906882 105.01277015171945 130.95180477201939 46.703753154724836 37.039542637765408 179.48022707924247 56.473150786012411 235.67756628617644 243.40637454390526 93.531288236379623 207.59031465649605 48.553391622379422 377.76089126616716 148.27995492890477 26.451941570267081
leaf_count=607 274 461 532 367 859 2263 216 639 588 478 651 1112 1396 161 1219 226 1013 796 308 288 1325 427 1610 1490 531 1869 440 2585 3000 352
internal_value=0 0.00545599 0.00888052 -0.000485801 0.000342103 -1.58247e-05 0.00475048 -0.00113882 -0.000611372 -0.00407803 0.000335851 0.00421483 0.000994525 -0.00598928 -0.00108581 -0.00964789 -0.0116957 -0.00209818 -0.000953848 -0.0043422 0.00106295 -0.000509861 0.00118638 -0.00652677 -0.00639268 -0.000810996 -0.00354622 0.000839931 0.00122326 -0.00744318
internal_weight=0 135.322 96.3872 3295.36 2182.56 2115.52 227.224 111.718 1888.29 398.135 1490.16 333.935 245.284 331.728 147.29 184.438 160.41 1112.8 888.313 327.15 561.163 471.631 415.158 280.446 224.483 1156.22 430.876 725.345 196.833 234.042
internal_count=28083 1267 993 26816 19434 19067 1714 855 17353 3685 13668 3159 2047 3097 1380 1717 1491 7382 6055 2086 3969 3362 2935 1778 1327 10509 5661 4848 3440 2221
cat_boundaries=0 1
cat_threshold=2
is_linear=0
shrinkage=0.03


Tree=187
num_leaves=31
num_cat=2
split_feature=27 57 57 21 45 10 25 17 60 25 42 64 10 86 1 83 10 39 51 66 39 54 57 21 89 33 16 4 9 9
split_gain=6.68922 7.0579 6.76372 6.61248 6.36838 6.36782 6.92971 6.28619 8.70003 5.81503 7.3915 7.71523 6.78308 6.4799 6.41692 6.19357 5.86381 5.60303 6.79661 7.0717 5.54996 5.27802 5.2381 6.33711 5.23119 6.41864 5.74037 5.34255 7.86958 7.74258
threshold=0.019650000000000004 0.85235000000000005 0.78365000000000007 0.43650793650793657 0.92965000000000009 9.0649305555555575 10.044791666666669 1.0000000180025095e-35 0.39615000000000006 19.028819444444448 0.026850000000000002 1.0000000180025095e-35 9.0045138888888907 0.13389000000000004 0 0.30321000000000004 14.032291666666667 0.82815000000000005 0.15470000000000003 0.73345000000000016 0.44995000000000007 0.082450000000000009 0.83155000000000012 0.30952380952380959 0.52333333333333343 0.24025000000000005 378.50000000000006 1 24.500000000000004 67.500000000000014
decision_type=2 2 2 2 2 2 8 2 2 8 2 10 2 2 1 2 2 2 2 2 2 2 2 2 2 2 2 1 2 2
left_child=1 2 5 7 24 -1 -7 8 -2 10 11 21 -12 16 15 -15 -11 18 -14 22 -18 -9 23 -20 25 -5 -27 28 -26 -29
right_child=3 -3 -4 4 -6 6 -8 9 -10 13 12 -13 17 14 -16 -17 20 -19 19 -21 -22 -23 -24 -25 27 26 -28 29 -30 -31
leaf_value=-0.0066396968215567823 0.0049916040536716905 0.011063396380902927 -0.0090792287453601 0.013748266008032839 0.0080642967084549964 0.017932343601062325 0.0019442493082508119 -0.0092875083259356447 -0.0091716902290765075 0.0027942487993850391 -0.018176730724920102 0.0080815255412924596 0.0018676507391770707 0.015252779118957598 -0.0035185957687562711 0.0013292134578112794 -0.010200957878583647 0.0038943797256709685 -0.0070548758745756762 0.00048421280209414981 0.0035319989476859377 0.0041886312569322159 -0.0048423668133536924 -0.026454534390439401 0.0039886788966442899 -0.0053607745031121626 0.0090605431347063042 -0.0013890143096227704 -0.0044676927421752888 0.0031928846575955965
leaf_weight=30.939476072788239 170.92799739167094 81.792749693617225 37.973717283457518 43.688353976234794 81.993578944355249 27.515353392809629 78.155405431985855 72.442047543823719 40.083763316273689 63.92024140059948 49.193606287240982 50.126237625256181 45.198068559169769 40.926175590604544 76.10177625156939 70.965477796271443 122.62666695192456 35.81261301971972 36.943502077832818 37.549082858487964 27.728391990065575 31.331284616142511 46.811202373355627 37.141532108187675 116.25919594988227 52.529845850542188 31.23448415286839 738.17965771257877 472.94300789199769 587.24258729070425
leaf_count=224 1349 627 291 277 1228 226 571 503 335 500 428 340 264 259 530 538 1002 359 286 366 181 255 366 314 715 419 272 6760 2922 5361
internal_value=0 0.00432577 0.000740824 -0.000623006 0.000343027 0.00390361 0.00729773 -0.00255141 0.00200789 -0.00370037 -0.00603571 -0.000650691 -0.00878892 -0.00104709 0.00293661 0.00725551 -0.00451726 -0.00620896 -0.00808485 -0.0108662 -0.00760601 -0.00520825 -0.0141592 -0.0187701 -4.78488e-06 0.00564936 0.000409521 -0.000408568 -0.00276039 0.000649753
internal_weight=0 256.377 174.584 3179.9 2124.07 136.61 105.671 1055.83 211.012 844.818 442.549 153.9 288.65 402.269 187.993 111.892 214.275 239.456 203.643 158.445 150.355 103.773 120.896 74.085 2042.08 127.453 83.7643 1914.62 589.202 1325.42
internal_count=28068 1939 1312 26129 17954 1021 797 8175 1684 6491 3481 1098 2383 3010 1327 797 1683 1955 1596 1332 1183 758 966 600 16726 968 691 15758 3637 12121
cat_boundaries=0 1 2
cat_threshold=1 4
is_linear=0
shrinkage=0.03


Tree=188
num_leaves=31
num_cat=1
split_feature=16 76 42 42 46 25 89 58 16 42 69 83 77 81 60 45 77 25 81 63 25 42 69 89 2 27 30 48 86 39
split_gain=8.25923 7.00412 6.75658 8.62588 6.50615 8.9 6.38011 6.0332 6.38214 5.87275 7.21376 10.1603 5.8087 5.86624 9.60986 8.81419 6.24157 11.5634 6.23493 6.23247 6.2032 6.12184 7.28059 5.79877 5.5193 7.95406 6.19877 6.03421 8.08304 6.12207
threshold=115.50000000000001 2.5000000000000004 0.34020000000000006 0.91835000000000011 1.0000000180025095e-35 12.032986111111112 0.55885000000000018 3.5000000000000004 218.50000000000003 0.27035000000000003 0.77895000000000014 0.40052000000000004 0.4566562500000001 0.48968333333333341 0.72115000000000007 0.25705000000000006 0.49496562500000002 12.045486111111112 0.34400833333333342 0.41445000000000004 4.027430555555557 0.6986500000000001 0.68545000000000011 0.77681666666666682 0 0.18595000000000003 0.43915000000000004 0.17255000000000001 0.13993000000000003 0.33165000000000006
decision_type=2 2 2 2 10 8 2 10 2 2 2 2 2 2 2 2 2 8 2 2 8 2 2 2 1 2 2 2 2 2
left_child=-1 -2 4 6 9 23 7 8 -4 24 11 -11 -8 16 15 -15 -14 -18 -19 -16 -21 22 -22 -6 27 -26 -27 28 -3 -29
right_child=1 2 3 -5 5 -7 12 -9 -10 10 -12 -13 13 14 19 -17 17 18 -20 20 21 -23 -24 -25 25 26 -28 29 -30 -31
leaf_value=-0.0029472040857820019 -0.0099125494221061847 0.00031898453451349945 0.0077606352529546833 0.0061659617909247226 -0.007406864912270765 0.010630121743644692 -0.0070205162877177282 0.012291905201360011 -0.0054010764500665972 0.020330130176037315 -0.00036159836656752463 3.4577096991974976e-05 0.011314592885229804 -0.021375087798051341 -0.010649559816282688 -0.0034665126541608476 -0.011586131955086107 -0.00468456935199191 0.013416492627196604 -0.0092131253884402704 -0.01252875220221719 0.0096348640048932524 0.0045136862954985018 0.0074048095308520013 -0.003856555644561924 0.01542922836088163 0.00023409106859684892 0.00088523622891171735 0.0081228521613948175 -0.0054421003407566391
leaf_weight=610.96176407672465 43.264932844787836 581.92345552146435 44.4416513890028 124.66731663793325 47.903226934373379 157.26803264394403 230.1827302724123 38.052931971848011 74.839879902079701 46.240827389061451 70.463269412517548 36.73342614993453 48.59696214273572 33.079475389793515 30.326945878565311 69.68220585025847 41.518699979409575 20.431968566030264 37.403644654899836 26.144618522375822 24.297053119167686 85.642765488475561 56.469382846727967 30.624425679445267 44.36083909124136 64.735297914594412 36.167356558144093 274.85231368243694 140.60005117766559 260.91906446404755
leaf_count=4857 476 3623 350 1859 461 1230 1273 406 652 285 410 200 263 396 466 1283 386 175 466 462 318 1755 716 353 279 382 222 1610 801 1641
internal_value=0 0.000873296 0.00107619 -0.00091293 0.00216891 0.00671295 -0.00199679 0.00331634 -0.000276334 0.0014423 0.00682771 0.0123152 -0.00321441 -0.00125758 -0.00347897 -0.0106157 0.00354241 -0.000946213 0.00727391 0.000126067 0.00226519 0.00448859 -0.00142869 -0.00144661 0.000809432 0.00614613 0.0104949 0.000149736 0.00192774 -0.00223941
internal_weight=0 2821.83 2778.57 985.778 1792.79 235.796 861.111 157.334 119.282 1557 153.438 82.9743 703.776 473.594 325.642 102.762 147.951 99.3543 57.8356 222.881 192.554 166.409 80.7664 78.5277 1403.56 145.263 100.903 1258.29 722.524 535.771
internal_count=28056 23199 22723 11226 11497 2044 9367 1408 1002 9453 895 485 7959 6686 5396 1679 1290 1027 641 3717 3251 2789 1034 814 8558 883 604 7675 4424 3251
cat_boundaries=0 1
cat_threshold=1
is_linear=0
shrinkage=0.03


Tree=189
num_leaves=31
num_cat=0
split_feature=33 5 14 82 86 33 21 36 39 5 49 72 92 66 10 92 66 5 60 89 89 33 36 36 77 58 66 54 86 60
split_gain=8.47442 6.78035 6.16728 7.59415 7.10704 7.25638 5.70963 5.19014 5.65048 6.90996 5.12367 7.31483 7.78803 8.06201 6.71697 6.4197 6.85721 6.79812 5.43565 8.33337 6.97596 5.29244 4.86952 10.9239 7.61035 7.2864 8.19607 7.21942 6.86618 7.38461
threshold=0.90985000000000016 9669.0350000000017 1.0000000180025095e-35 3.5000000000000004 0.6071700000000001 0.23205000000000003 0.55050505050505061 0.087550000000000003 0.23795000000000002 940.5350000000002 1.0000000180025095e-35 0.67765000000000009 0.73975000000000024 0.86585000000000012 12.048263888888892 0.41473333333333345 0.18425000000000002 493.4550000000001 0.28010000000000007 0.78468333333333351 0.82218333333333338 0.72365000000000013 0.27995000000000009 0.33695000000000003 0.53353437500000012 7.5000000000000009 0.65625000000000011 0.62645000000000006 0.13193000000000002 0.21135000000000001
decision_type=2 2 2 2 2 2 2 2 2 2 8 2 2 2 2 2 2 2 2 2 2 2 2 2 2 8 2 2 2 2
left_child=2 7 4 -4 22 6 -6 -2 9 -9 18 15 14 -14 -13 16 -12 -17 -5 -20 -21 -19 24 -24 27 28 -27 -1 -25 -30
right_child=1 -3 3 10 5 -7 -8 8 -10 -11 11 12 13 -15 -16 17 -18 21 19 20 -22 -23 23 25 -26 26 -28 -29 29 -31
leaf_value=-0.0015416716361174151 0.0017076576557983403 0.0092461651014483764 0.010220557533709556 0.0089273463231490831 -0.025889896973883976 0.00065370732432962122 -0.0025512980610448888 -0.0015635598451032835 -0.0042642762934700573 -0.02123967133397953 0.0076229244704588096 0.0051030823244308772 0.011750940740893586 -0.0027730375137372766 -0.0050902797802968346 -0.0032719318990516682 -0.0092954028709851602 0.0050987363328913486 -0.0075027600276170447 0.012688828807385923 -0.0025744943572183904 0.018296135928280974 0.0083933180647470622 -0.004461828405258955 -0.014126818228581212 0.011816661372797058 -0.0046787633087964136 0.010393414986042258 -0.0088695732618108529 0.002611688837771868
leaf_weight=1014.0829821303487 51.808627974241972 18.57308816537261 90.312084574252367 27.528118707239628 17.305890452116728 36.481435434892774 18.125257603824139 25.457371586933732 125.27118320204318 43.113088326528668 35.409384645521641 71.3042983841151 79.694397639483213 50.588873093947768 200.97469754144549 23.106876546517015 31.079491380602121 57.668705279007554 153.39364171214402 33.306938240304589 64.465913558378816 69.525979140773416 156.1083338111639 306.93035275116563 31.562727272510529 76.801091058179736 32.920690640807152 37.81898670271039 47.427107099443674 411.18191177211702
leaf_count=6556 518 157 888 182 189 499 268 233 1581 384 382 831 1222 747 2435 288 341 706 1145 270 531 871 999 1979 263 464 214 200 279 2500
internal_value=0 -0.00507119 0.000424955 0.00237906 -0.000465064 -0.00913556 -0.0171403 -0.00647302 -0.00863601 -0.0150635 0.0014866 0.00299193 0.000550125 0.00631564 -0.00233463 0.00730199 -0.00046671 0.0105534 -0.0018465 -0.00332394 0.00331997 0.0131204 -0.000128626 0.00134019 -0.00152629 1.62287e-06 0.00689 -0.00101874 -0.00106177 0.00126042
internal_weight=0 264.223 3175.11 988.359 2186.75 71.9126 35.4311 245.65 193.842 68.5705 898.047 619.353 402.562 130.283 272.279 216.79 66.4889 150.302 278.695 251.166 97.7729 127.195 2114.83 1031.37 1083.46 875.261 109.722 1051.9 765.539 458.609
internal_count=28122 2873 25249 10839 14410 956 457 2716 2198 617 9951 7823 5235 1969 3266 2588 723 1865 2128 1946 801 1577 13454 6435 7019 5436 678 6756 4758 2779
is_linear=0
shrinkage=0.03


Tree=190
num_leaves=31
num_cat=1
split_feature=77 77 51 43 77 75 86 25 58 48 51 25 48 1 39 5 42 5 45 39 33 23 86 72 51 45 77 5 86 42
split_gain=5.41751 6.64996 7.20517 6.2948 5.33653 7.09875 7.50546 5.5576 5.20247 4.86101 9.08807 9.51006 7.79434 7.81713 5.23581 4.94141 6.12468 9.26964 6.53992 6.48426 8.81174 7.60814 6.6008 5.71665 5.64344 10.2996 5.29349 5.7459 5.22645 8.45557
threshold=0.26549062500000004 0.29111250000000005 0.11645000000000001 1.0000000180025095e-35 0.69991562500000015 0.96875000000000011 0.33699000000000007 10.044791666666669 2.5000000000000004 0.65485000000000015 0.72745000000000015 6.0309027777777784 0.79885000000000017 0 0.67395000000000016 3278.9150000000004 0.16565000000000002 773.19000000000017 0.10805000000000002 0.16735000000000003 0.14355000000000004 0.06458333333333334 0.11729000000000002 0.70795000000000008 0.44675000000000004 0.65615000000000012 0.37275000000000008 1381.4950000000001 0.52004000000000017 0.054150000000000011
decision_type=2 2 2 8 2 2 2 10 10 2 2 8 2 1 2 2 2 2 2 2 2 2 2 2 2 2 2 2 2 2
left_child=3 2 -2 -1 5 9 -7 -8 -5 15 11 14 -12 -14 -11 16 19 18 23 20 22 26 -3 -18 -21 -26 -22 -28 29 -17
right_child=1 4 -4 8 -6 6 7 -9 -10 10 12 -13 13 -15 -16 28 17 -19 -20 24 21 -23 -24 -25 25 -27 27 -29 -30 -31
leaf_value=-0.015130746117195858 0.0019715263984189262 -0.010372697732474337 0.01750835113577329 -0.0057978569844568759 0.0075881823377098008 0.0018659069857121992 -0.020507756368498265 -0.0033730846172572147 0.0092186894839847953 -0.013177651640052086 0.01742256715168445 0.0022253008063106224 -0.010594383004284894 0.0083369471394870703 0.0017663400697583806 -0.0030305355702717478 -0.0085272965153239833 -0.00084377967286268008 -0.011356941279962802 -0.0026169072424689212 0.011838948904654072 -0.0058976433838052421 0.0037054454319165563 0.0016631522519544096 0.010687008076142871 -0.0080687720136974408 0.0070286602071456478 -0.0059439517200963439 -0.0066235285331139341 0.0069489198206304946
leaf_weight=36.53183139488101 99.504565216600895 54.518625445663929 28.469946943223476 52.58315896987915 65.794730514287949 45.238555543124676 32.849359590560198 36.152214797213674 21.146438680589199 53.858267225325108 48.476876728236675 419.65585069544613 19.98859273456037 47.762614503502846 28.316704342141747 107.54865054227412 79.385913511738181 595.03950953483582 156.28524222038686 616.78238234855235 127.19587390124798 35.197440564632416 48.620769340544939 105.20096492767334 69.841177690774202 30.658230785280466 83.116695174947381 36.898291669785976 41.760591238737106 219.47033566050231
leaf_count=386 801 357 227 559 2072 240 335 353 174 403 928 3743 369 895 289 655 522 4445 1353 3688 807 223 276 693 466 307 460 211 530 1363
internal_value=0 -2.8619e-06 0.00644638 -0.00648404 -0.000279575 -0.000468011 -0.00749637 -0.0130937 -0.000904326 -0.000178813 0.0021733 0.000356156 0.00936931 0.0021074 -0.00839514 -0.00078914 -0.00136828 -0.00313944 -0.00700858 0.000149506 0.00323957 0.00592808 -0.00399521 -0.00293249 -0.00153315 0.00475298 0.00777564 0.00288985 0.00236417 0.00367438
internal_weight=0 3333.59 127.975 110.261 3205.61 3139.82 114.24 69.0016 73.7296 3025.58 618.059 501.831 116.228 67.7512 82.175 2407.52 2038.74 935.912 340.872 1102.83 385.548 282.408 103.139 184.587 717.282 100.499 247.211 120.015 368.78 327.019
internal_count=28130 27011 1028 1119 25983 23911 928 688 733 22983 6627 4435 2192 1264 692 16356 13808 7013 2568 6795 2334 1701 633 1215 4461 773 1478 671 2548 2018
cat_boundaries=0 1
cat_threshold=2
is_linear=0
shrinkage=0.03


Tree=191
num_leaves=31
num_cat=2
split_feature=3 71 60 5 63 9 30 30 5 72 40 63 72 58 49 16 86 69 89 33 60 89 61 25 22 0 25 25 54 54
split_gain=5.68525 8.17166 6.14439 8.6197 7.34056 6.25706 5.6504 5.91775 6.70679 6.38064 5.60734 4.97158 4.67903 4.43103 10.1084 6.83488 10.9647 5.53061 5.20917 5.1983 6.02448 4.39212 4.26091 4.01785 3.61116 5.85894 7.59189 9.57638 6.53232 11.7295
threshold=0 1.0000000180025095e-35 0.23495000000000002 1812.0500000000002 0.15170000000000003 93.500000000000014 0.46975000000000006 0.40785000000000005 460.27500000000003 0.73615000000000008 1.0000000180025095e-35 0.70205000000000006 0.88045000000000007 3.5000000000000004 1.0000000180025095e-35 132.50000000000003 0.13389000000000004 0.71025000000000016 0.84935000000000016 0.27775000000000005 0.73255000000000015 0.7161833333333335 1.5000000000000002 4.0489583333333341 0.41428571428571431 1 13.081597222222223 6.0670138888888898 0.014600000000000002 0.37895000000000006
decision_type=1 2 2 2 2 2 2 2 2 2 8 2 2 10 8 2 2 2 2 2 2 2 8 10 2 1 10 8 2 2
left_child=24 10 3 5 -4 -3 7 8 11 -9 22 -6 -11 14 19 21 17 -17 -15 20 -10 -16 -2 -20 25 26 27 -1 -29 -30
right_child=1 2 4 -5 6 -7 -8 9 13 12 -12 -13 -14 18 15 16 -18 -19 23 -21 -22 -23 -24 -25 -26 -27 -28 28 29 -31
leaf_value=-0.006896088669313555 -0.0058231182057279143 -0.015424063200385241 0.0056674944921120832 0.0030890596221665686 0.00024226752112922157 0.0010544479574403772 0.0062250332269367919 -0.015574965481139104 0.0094626757760073524 0.0044839710273705327 0.012415683920240974 -0.01285648885520177 -0.009161948429703316 -0.0043445864666368265 0.0047188068978758265 0.0089006738929022482 0.015947094429367668 -0.0052838504427980106 -0.0019567155598959902 -0.0098220211121536165 -0.0070732568913622505 -0.0096047743819309781 0.0059694626509359701 0.010318507819442765 0.0049287763452038327 0.0022112793599166135 -0.0077993930174687399 0.0053351684095726236 -0.0088397938111021562 0.0065041386281167951
leaf_weight=120.08325631357729 40.811534777283669 80.821368405595422 118.63233388029039 45.574675071984529 39.369517182931304 25.290470998734236 62.041085856035352 51.030840303748846 31.489235047250986 39.389117851853371 51.868140330538154 65.184007985517383 32.40022661536932 320.53787609376013 29.394478041678667 32.463329292833805 80.316239409148693 49.395489379763603 46.53693756274879 66.435940437018871 28.338692612946033 28.967195380479097 50.430448029190302 34.406742975115776 214.44915740005672 1098.6559606622905 121.78725403547287 253.48226946219802 92.316637400537729 70.437461821362376
leaf_count=1163 296 645 787 315 266 202 406 341 224 266 363 450 218 2110 214 228 532 333 296 426 188 193 307 254 1660 10657 1180 1886 638 958
internal_value=0 -0.0011253 -0.00188803 -0.00737198 -0.00111161 -0.011744 -0.00193331 -0.00250999 -0.00157205 -0.0084141 0.00544047 -0.00833359 -0.00204194 -0.000529856 0.00192456 0.00570851 0.0087376 0.000697977 -0.00264524 -0.00461851 0.00173884 -0.00275558 0.000640601 0.00382198 0.00133452 0.000877912 -0.00134782 0.000233151 0.00240346 -0.00220708
internal_weight=0 1451.13 1308.02 151.687 1156.33 106.112 1037.7 975.656 852.836 122.82 143.11 104.554 71.7893 748.282 346.801 220.537 162.175 81.8588 401.482 126.264 59.8279 58.3617 91.242 80.9437 1971.21 1756.76 658.107 536.32 416.236 162.754
internal_count=28002 9860 8894 1162 7732 847 6945 6539 5714 825 966 716 484 4998 2338 1500 1093 561 2660 838 412 407 603 550 18142 16482 5825 4645 3482 1596
cat_boundaries=0 1 2
cat_threshold=3 1
is_linear=0
shrinkage=0.03


Tree=192
num_leaves=31
num_cat=1
split_feature=83 66 66 27 77 16 36 36 16 89 6 57 36 45 64 6 0 30 77 86 17 16 89 66 60 34 81 30 81 86
split_gain=7.25732 5.46584 6.64714 7.0149 5.43962 4.3182 4.34584 8.72702 6.11098 10.9936 7.48806 5.89894 8.95977 7.00926 8.9445 7.37035 6.80399 5.6721 10.1484 10.2271 6.57325 5.59643 5.55828 5.70907 5.51711 8.58428 5.30355 10.9472 8.59711 6.86051
threshold=0.7980600000000001 0.97625000000000006 0.94345000000000012 0.75495000000000012 0.49889062500000009 19.500000000000004 0.061250000000000006 0.20845000000000002 498.50000000000006 0.6359166666666668 8.1431075115064377 0.62955000000000017 0.19445000000000004 0.15435000000000001 1.0000000180025095e-35 6.7399163403180813 0 0.12395000000000002 0.36030625000000011 0.092280000000000015 3.5000000000000004 95.500000000000014 0.84398333333333342 0.42495000000000005 0.25750000000000006 1.0000000180025095e-35 0.45010833333333339 0.081250000000000003 0.32415833333333338 0.14844000000000002
decision_type=2 2 2 2 2 2 2 2 2 2 2 2 2 2 8 2 1 2 2 2 2 2 2 2 2 10 2 2 2 2
left_child=1 2 5 4 -4 -1 8 11 9 10 21 -8 13 15 -15 -13 -17 18 19 20 -9 -7 -11 -24 25 -19 27 28 -20 -28
right_child=-2 -3 3 -5 -6 6 7 17 -10 22 -12 12 -14 14 -16 16 -18 24 26 -21 -22 -23 23 -25 -26 -27 29 -29 -30 -31
leaf_value=-0.0099345108751895898 0.0089747908681843801 0.0077600041385450964 -0.0033646921407575361 0.0050214008720919148 -0.02001971591115085 -0.0025134713995476721 -0.010676984125020987 0.0085551782995517828 0.0074576308251494017 -0.0044164375935218598 -0.0065747011702644862 0.0087926256608124257 -0.013836133480509008 -0.0097022087681547138 0.0056992189222088837 -0.0082092513000291533 0.0037858272735661453 -0.0099610615853521316 -0.00087013683881533997 0.018205796813367783 -0.0072819206666471323 0.010872744487281002 0.0097164163743146854 -0.0047975946470507052 0.00018988209983895996 0.0037527336465442832 -0.0081000776779374794 0.0092677049759869092 -0.016700173656125108 0.0072910899095265484
leaf_weight=29.349388424307108 70.942505480721593 67.48958657309413 40.38154174759984 23.131562780588865 30.103825455531478 30.478050347417593 86.489396527409554 45.882182471454144 142.26679607667029 280.73662698455155 27.852551555261016 88.315884001553059 44.098481297492981 113.22302212193608 39.268113687634468 67.030136976391077 86.001868024468422 111.47462531365454 71.15771521255374 59.564959496259689 31.260686099529266 140.88645661063492 50.121513118967414 33.07349549792707 1332.2275193370879 55.54360013641417 24.098389632999897 35.91772485524416 46.181007040664554 114.80787279829383
leaf_count=228 1521 617 227 267 319 239 642 363 1098 2165 180 588 295 789 258 441 521 825 383 408 206 1070 384 276 11390 522 120 199 289 1173
internal_value=0 -0.000115873 -0.00030097 -0.00777883 -0.0120815 -5.76894e-05 6.51732e-05 -0.000532994 0.00212322 0.000669 0.00616556 -0.00392558 -0.00238363 -0.000790424 -0.00562951 0.00236939 -0.00164945 0.000405246 0.00340555 0.00984345 0.00203832 0.00848462 -0.00242425 0.00405082 -0.000469893 -0.00544604 0.000167085 -0.0035729 -0.00792258 0.00425627
internal_weight=0 3348.41 3280.92 93.6169 70.4854 3187.31 3157.96 2452.54 705.415 563.149 199.217 524.427 437.938 393.839 152.491 241.348 153.032 1928.12 428.871 136.708 77.1429 171.365 363.932 83.195 1499.25 167.018 292.163 153.256 117.339 138.906
internal_count=28003 26482 25865 813 546 25052 24824 19412 5412 4314 1489 3534 2892 2597 1047 1550 962 15878 3141 977 569 1309 2825 660 12737 1347 2164 871 672 1293
cat_boundaries=0 1
cat_threshold=1
is_linear=0
shrinkage=0.03


Tree=193
num_leaves=31
num_cat=0
split_feature=86 63 25 43 74 46 27 9 81 25 5 51 51 30 74 16 58 36 23 22 58 58 36 69 86 69 9 9 30 9
split_gain=6.01557 5.42609 6.33486 5.78077 8.77566 10.3366 10.7812 9.74275 10.3722 8.73556 9.49 7.58603 7.38358 7.14844 6.72649 6.18293 6.09123 5.76373 6.00872 6.12996 5.70843 9.94303 5.50906 6.31466 5.71344 5.40637 6.92324 5.50491 4.93162 4.87306
threshold=0.78707000000000016 0.96555000000000013 17.08229166666667 1.0000000180025095e-35 14.500000000000002 1.0000000180025095e-35 0.23935000000000003 62.500000000000007 0.71756333333333344 15.055208333333335 1714.7 0.42825000000000008 0.0044500000000000008 0.32985000000000003 11.500000000000002 187.50000000000003 7.5000000000000009 0.052750000000000005 0.15476190476190479 0.14835164835164838 3.5000000000000004 1.0000000180025095e-35 0.19795000000000004 0.83835000000000015 0.16061 0.68545000000000011 17.500000000000004 28.500000000000004 0.38915000000000005 95.500000000000014
decision_type=2 2 8 8 2 8 2 2 2 8 2 2 2 2 2 2 8 2 2 2 10 8 2 2 2 2 2 2 2 2
left_child=1 3 -3 11 5 16 9 25 13 10 14 12 -1 -9 -7 -15 17 -5 19 -19 21 -8 23 24 -11 27 -27 -6 -4 -23
right_child=-2 2 28 4 7 6 20 8 -10 22 -12 -13 -14 15 -16 -17 -18 18 -20 -21 -22 29 -24 -25 -26 26 -28 -29 -30 -31
leaf_value=-0.0033835452280499244 0.010841019822665176 0.0093306508283273869 -0.0059245280094826856 0.0026229937511149798 0.0047753843987914275 0.0014944603084421943 0.013430175015804846 -0.00087234989793466523 0.0025427634157430602 -0.012610549496026722 0.0037443115390235356 -0.0085399342044235153 0.0011387151454966189 -0.0038029526247888115 -0.015136406541472891 -0.027952953977040885 0.0062998309436658392 -0.010991605621484627 0.0050951874710667231 0.00043187314907036439 0.0077962277202333341 -0.0015814282583075665 0.0058603704628200403 0.0062722972800318948 0.0026919993980185986 -0.0067000193375819604 0.010958058612588865 -0.01574055483032338 0.0063178553475886478 0.0071242363978080512
leaf_weight=603.18490101769567 37.0317139364779 107.96905531734228 60.160828081890941 78.413256466388702 14.47009786963463 26.980175316333771 52.370849115774035 20.355795182287693 33.271189775317907 48.164203867316246 52.830305138602853 122.62772439420223 683.39102910459042 16.758350849151611 77.168640622869134 33.597122669219971 49.384313369169831 158.20971762575209 28.907891096547246 55.486281525343657 370.66967827640474 255.69351585581899 164.09814476408064 40.891957633197308 30.468261929228902 21.068635290488601 54.379760254174471 16.947378227487206 41.366274965927005 64.003500171005726
leaf_count=3737 1054 981 385 545 241 188 428 197 697 356 436 680 3875 235 616 508 321 1083 209 384 4327 2408 1149 272 192 350 918 265 365 610
internal_value=0 3.7453e-05 0.00459955 -0.000277183 0.000865159 0.00165128 0.00301551 -0.00474026 -0.0108515 -0.000696738 -0.00616184 -0.00170363 -0.000991198 -0.016688 -0.0110746 -0.0218775 -0.00267179 -0.00420058 -0.00642259 -0.00813878 0.00519767 0.00247258 0.00243492 -0.00235734 -0.00704643 0.00162583 0.00582008 -0.00741988 -0.000817246 0.000324671
internal_weight=0 3383.29 209.496 3173.79 1764.59 1553.74 1183.34 210.848 103.982 440.602 156.979 1409.2 1286.58 70.7113 104.149 50.3555 370.401 321.017 242.604 213.696 742.738 372.068 283.623 119.524 78.6325 106.866 75.4484 31.4175 101.527 319.697
internal_count=28012 26958 1731 25227 16935 13524 10982 3411 1637 3209 1240 8292 7612 940 804 743 2542 2221 1676 1467 7773 3446 1969 820 548 1774 1268 506 750 3018
is_linear=0
shrinkage=0.03


Tree=194
num_leaves=31
num_cat=0
split_feature=49 86 21 51 92 57 72 57 76 5 92 89 83 36 69 10 67 83 72 72 60 92 77 9 77 51 36 86 92 89
split_gain=5.89917 9.43099 7.54016 5.33575 5.11853 5.29002 6.1145 10.8181 5.13958 6.20663 4.64214 9.07205 4.88107 7.74221 4.90036 6.02706 4.87729 10.1177 6.30308 8.99978 9.91324 6.78815 5.86721 7.35919 6.71462 6.27531 6.04339 5.59654 5.30831 7.0895
threshold=1.0000000180025095e-35 0.61048000000000013 0.96428571428571441 0.84165000000000012 0.29218333333333341 0.48035000000000005 0.98685000000000012 0.81265000000000009 4.5000000000000009 1061.0650000000003 0.33485000000000004 0.73560000000000014 0.20711000000000002 0.13735000000000003 0.98625000000000007 2.0059027777777785 inf 0.55898000000000014 0.88225000000000009 0.92125000000000012 0.76255000000000006 0.61141666666666683 0.39681562500000006 102.50000000000001 0.41209687499999997 0.051450000000000003 0.030850000000000006 0.13591000000000003 0.80236666666666678 0.48951666666666677
decision_type=8 2 2 2 2 2 2 2 2 2 2 2 2 2 2 2 8 2 2 2 2 2 2 2 2 2 2 2 2 2
left_child=1 -1 4 -3 -2 8 10 -8 9 -6 11 -7 13 -12 15 -14 18 -18 22 20 -20 -21 23 -17 -24 26 -26 -28 29 -27
right_child=2 3 -4 -5 5 6 7 -9 -10 -11 12 -13 14 -15 -16 16 17 -19 19 21 -22 -23 24 -25 25 28 27 -29 -30 -31
leaf_value=-0.00097186074794326479 0.0063611753653684986 -0.0017755249268534862 0.01092714256027858 -0.021632344634118502 -0.0080569155960620691 -0.015850885821560624 -0.018822837466089967 0.0050791769323949498 0.008555774593523191 0.0068760249779228223 0.0012025897424717189 0.0029640375077889807 -0.010119238970846706 -0.01007334774152297 0.0096699711754004783 0.00818264921219569 -0.0098969504290884053 0.0084323436594225601 -0.016890920011422124 -0.0073897790697085288 0.00091074163101963787 0.0048368432541556197 -0.0080747989199049554 -0.0050406723643646109 -0.0044532562898381509 -0.013317582348057952 -0.0013349392544034794 0.011131918095031114 -0.0074259898523602735 0.0024938976144253618
leaf_weight=1160.450802212581 126.24515820853412 22.768099829554558 57.43840485997498 22.098314145579934 42.236545760184526 35.786623211577535 30.591232994571328 23.469959771260619 119.75442315451801 38.27552305161953 123.38588858395815 41.186535876244307 34.468830907717347 85.988935701549053 48.029783742502332 247.41335809975863 81.030753970146179 29.82607688754797 52.504516346380115 45.749345051124692 49.459757542237639 145.69505248218775 53.571070700883865 37.492713615298271 33.03909857198596 17.465003345161676 39.008440114557743 137.17715006135404 61.450410086661577 368.07879625447094
leaf_count=7491 1045 316 553 274 398 293 280 223 940 330 830 345 335 588 446 1532 546 489 475 386 539 1422 263 236 298 191 197 1399 791 4478
internal_value=0 -0.0015552 0.00104574 -0.0137159 0.000732152 0.00035115 -0.00016794 -0.00927305 0.00485683 -0.00098243 0.000161097 -0.00660019 0.000505892 -0.00367645 0.00111767 0.000766101 0.00110422 -0.00467578 0.00163385 -0.00217696 -0.00894577 0.00169326 0.00276841 0.00633059 0.00127049 0.00214315 0.00630073 0.00844824 0.000101823 0.00145906
internal_weight=0 1205.32 2205.82 44.8664 2148.38 2022.14 1821.87 54.0612 200.266 80.5121 1767.81 76.9732 1690.83 209.375 1481.46 1433.43 1398.96 110.857 1288.1 293.409 101.964 191.444 994.696 284.906 709.79 656.219 209.225 176.186 446.994 385.544
internal_count=27929 8081 19848 590 19295 18250 16582 503 1668 728 16079 638 15441 1418 14023 13577 13242 1035 12207 2822 1014 1808 9385 1768 7617 7354 1894 1596 5460 4669
is_linear=0
shrinkage=0.03


Tree=195
num_leaves=31
num_cat=1
split_feature=70 61 78 25 89 82 57 57 83 51 57 25 60 11 24 5 89 45 33 33 3 42 44 22 66 33 45 77 69 57
split_gain=5.7944 10.4052 5.95066 6.8736 6.88049 6.82684 5.99582 5.64204 5.5755 5.29753 5.18287 6.05288 5.13609 4.66424 4.55865 6.96168 8.27666 6.48802 4.9226 6.47874 7.3362 5.95572 8.56672 5.37082 7.68468 5.33525 4.43353 7.86998 7.109 6.45178
threshold=1.0000000180025095e-35 2.5000000000000004 5.5000000000000009 13.052430555555558 0.67248333333333343 3.5000000000000004 0.4512000000000001 0.73885000000000012 0.18912000000000004 0.89845000000000008 0.96935000000000016 9.0628472222222243 0.92115000000000014 17.000000000000004 1.0000000180025095e-35 3149.3650000000002 0.57611666666666672 0.26605000000000006 0.099850000000000008 0.25975000000000004 0 0.17885000000000004 1.0000000180025095e-35 0.13392857142857145 0.72655000000000014 0.63505000000000011 0.44345000000000007 0.40326875000000006 0.86355000000000015 0.86255000000000015
decision_type=10 8 2 10 2 2 2 2 2 2 2 10 2 2 8 2 2 2 2 2 1 2 2 2 2 2 2 2 2 2
left_child=2 -2 5 9 7 8 13 -5 -1 -4 14 -12 -6 -7 15 16 -8 -18 21 20 -20 22 -16 26 -25 -26 27 -21 29 -29
right_child=1 -3 3 4 12 6 10 -9 -10 -11 11 -13 -14 -15 18 -17 17 -19 19 23 -22 -23 -24 24 25 -27 -28 28 -30 -31
leaf_value=-0.0012165871122660071 -0.0097057428525927636 0.0038767625809129455 -0.00084107017226100719 -0.0057724895174130625 -0.012666846540374957 -0.0013474751802805753 0.012339469270884865 0.0079181983556212612 0.010449051388883157 0.0096887093515647844 0.0096095613300908739 -0.0034449890409211713 0.0007246663679856025 0.0093895734498324473 0.0062326725802278092 0.011888154404971084 0.0025184961417988642 -0.010329577475637041 0.0030850753122091297 0.0046061247987826204 -0.0087061107487267642 0.00798628263602944 -0.009151804179563237 -0.0086381075696933211 0.01303862934765339 -0.0042921839582566483 0.0042711542940039073 -0.009546317212179781 0.0027635532353976226 0.0015337154268598259
leaf_weight=50.542885530740023 132.54193941690028 71.962637322023511 1013.1866719704121 49.168397711589932 111.68586171418428 49.915391713380814 28.761744786053896 40.021309893578291 109.52983654290438 34.903061369433999 89.749419897794724 40.81975644081831 31.380072379484773 105.23077084124088 54.000739045441151 53.960054675117135 71.737609598785639 54.386194070801139 55.136136297136545 145.26709324121475 183.50099097192287 99.007051730528474 56.847666902467608 133.09598248079419 21.683637453243136 24.871314913034439 195.22767212055624 159.43740522116423 102.89118329249322 62.151931878179312
leaf_count=313 1076 577 7697 397 985 384 233 296 945 513 701 385 277 820 327 476 536 725 331 850 1179 754 340 1057 143 284 3119 1205 775 486
internal_value=0 -0.00496831 0.000123252 -0.00145882 -0.00601373 0.00116536 0.000615328 0.000549752 0.00691068 -0.000402158 6.38822e-05 0.00557359 -0.00987411 0.00606271 -0.000448784 0.0035616 0.000115674 -0.00337359 -0.00111884 -0.00193518 -0.00619337 0.00299142 -0.00176155 -0.000673703 -0.00512859 0.00465807 0.000587987 -0.000999864 -0.00357229 -0.00650653
internal_weight=0 204.505 3228.1 1280.35 232.256 1947.75 1787.68 89.1897 160.073 1048.09 1632.53 130.569 143.066 155.146 1501.96 208.846 154.886 126.124 1293.12 1083.26 238.637 209.855 110.848 844.626 179.651 46.555 664.975 469.748 324.481 221.589
internal_count=28186 1653 26533 10165 1955 16368 15110 693 1258 8210 13906 1086 1262 1204 12820 1970 1494 1261 10850 9429 1510 1421 667 7919 1484 427 6435 3316 2466 1691
cat_boundaries=0 1
cat_threshold=2
is_linear=0
shrinkage=0.03


Tree=196
num_leaves=31
num_cat=2
split_feature=21 72 57 40 39 33 33 3 92 11 51 80 89 92 36 21 8 4 22 16 33 83 39 63 16 57 8 57 60 57
split_gain=8.25467 6.96624 8.59515 5.21925 7.80132 7.9495 7.55242 7.67289 7.01127 6.83754 8.45548 11.025 8.74301 6.56588 6.22079 8.61659 7.47644 7.02487 6.39572 6.5092 5.8466 9.67234 5.84531 5.74428 5.7536 5.53275 5.86894 5.11119 9.94266 5.75566
threshold=0.86607142857142871 0.98345000000000016 0.81265000000000009 1.0000000180025095e-35 0.38385000000000008 0.0033500000000000001 0.13555000000000003 0 0.70511666666666672 17.000000000000004 0.21945000000000003 0.91666666666666685 0.75085000000000013 0.72815000000000019 0.33695000000000003 0.35416666666666669 7.1773013843708053 1 0.87500000000000011 67.500000000000014 0.15925000000000003 0.26549000000000006 0.73625000000000007 0.72435000000000016 183.50000000000003 0.68415000000000015 6.8872923337110077 0.48035000000000005 0.23495000000000002 0.66175000000000017
decision_type=2 2 2 8 2 2 2 1 2 2 2 2 2 2 2 2 2 1 2 2 2 2 2 2 2 2 2 2 2 2
left_child=1 3 -3 4 5 -1 7 -7 27 10 20 12 -12 -13 18 22 25 -18 19 -11 -5 -22 -16 -23 -25 -17 -27 -8 -29 -30
right_child=-2 2 -4 9 -6 6 8 -9 -10 14 11 13 -14 -15 15 16 17 -19 -20 -21 21 23 -24 24 -26 26 -28 28 29 -31
leaf_value=0.0078803488831219078 0.0072372517258758404 -0.013363323279449788 0.0026190471299415694 -0.01220290589976683 -0.0043503882048893574 0.00087996820863181459 0.0087270860685909803 -0.0093959508171683973 -0.0036994011675028338 -0.007584841570829285 0.015522945554810305 0.0010505212455139126 -0.00075443953139520559 -0.014008522125213285 -0.010502740067713807 -0.0093669018584961981 -0.0030388646475654098 0.010218011742483348 0.017068912309475506 0.0054574961597309637 0.011508496524918886 -0.010613165478998789 0.0014891385404033448 -0.0092632795485596241 0.0061975755075458017 0.0052106730998383701 -0.0077253554096329254 -0.0091340281372981301 -0.0039512244573842578 0.0035961705667820914
leaf_weight=102.33294931426644 134.42718485742807 65.865410309284925 45.724881993606687 65.341747466474771 432.10446254909039 117.02280930802226 82.123679997399449 131.0231601446867 238.83569371141493 29.202717337757349 63.500266389921308 74.456738200038671 48.343768313527107 29.085178092122078 76.035866513848305 43.899157527834177 41.975540407001972 142.82255491800606 31.200826289132237 367.9206292014569 28.731419436633587 74.351096836850047 59.809626745060086 23.793929982930422 50.50355732999742 107.8954814709723 33.460223836824298 65.628941543400288 100.39074881002307 538.91041891090572
leaf_count=667 1270 547 375 423 2931 727 640 912 1669 229 639 1001 615 468 660 570 328 1892 220 2948 189 554 538 183 428 1437 436 487 659 3579
internal_value=0 -8.9321e-05 -0.00713764 0.000177879 -0.000883265 0.000228831 -0.000442392 -0.00503178 0.000705122 0.00155257 -0.00142879 0.00283124 0.00900269 -0.00404082 0.00301417 0.000732006 0.00309772 0.00720539 0.00563147 0.00433567 -0.00517149 -0.00206831 -0.0054829 -0.00525249 0.000734693 -0.00115899 0.00184049 0.00207134 0.00118473 0.00236839
internal_weight=0 3312.29 111.59 3200.7 1808.37 1376.27 1273.94 248.046 1025.89 1392.33 458.108 215.386 111.844 103.542 934.223 505.898 370.053 184.798 428.324 397.123 242.722 177.38 135.845 148.649 74.2975 185.255 141.356 787.054 704.93 639.301
internal_count=28221 26951 922 26029 12271 9340 8673 1639 7034 13758 4500 2723 1254 1469 9258 5861 4663 2220 3397 3177 1777 1354 1198 1165 611 2443 1873 5365 4725 4238
cat_boundaries=0 1 2
cat_threshold=3 4
is_linear=0
shrinkage=0.03


Tree=197
num_leaves=31
num_cat=3
split_feature=77 68 66 66 27 0 9 77 0 54 66 51 81 24 75 42 6 60 54 60 27 2 63 51 64 82 48 17 48 63
split_gain=6.28251 6.7581 5.41026 6.01762 5.7689 6.32868 5.22766 4.57751 11.4838 4.98924 7.51047 9.68541 9.30919 10.4957 6.91102 6.37602 4.74084 6.35359 6.3531 5.88368 5.53632 6.08037 7.13234 10.2792 6.21353 5.50883 6.58719 5.94873 5.98028 5.34817
threshold=0.26147187500000008 1.0000000180025095e-35 0.9799500000000001 0.94345000000000012 0.75495000000000012 0 48.500000000000007 0.28650000000000003 1 0.60255000000000014 0.14235000000000003 0.83925000000000016 0.71076666666666666 1.0000000180025095e-35 0.84375000000000011 0.81395000000000006 6.1473565661497824 0.97005000000000008 0.22765000000000005 0.91595000000000015 0.019650000000000004 2 0.77465000000000017 0.063850000000000004 1.0000000180025095e-35 4.5000000000000009 0.41015000000000007 1.5000000000000002 0.41855000000000003 0.8680500000000001
decision_type=2 2 2 2 2 1 2 2 1 2 2 2 2 10 2 2 2 2 2 2 2 1 2 2 10 2 2 2 2 2
left_child=6 -2 3 7 5 -5 -1 8 -3 16 11 -11 13 15 -15 -12 19 20 -19 25 -18 29 24 -24 -23 26 -9 -27 -29 -22
right_child=1 2 -4 4 -6 -7 -8 9 -10 10 12 -13 -14 14 -16 -17 17 18 -20 -21 21 22 23 -25 -26 27 -28 28 -30 -31
leaf_value=0.0014654675707866107 0.0043022191651656628 -0.0041723956540645714 0.0084946230079350725 0.00051945918661529711 0.0038962762763290739 -0.017428177454301017 -0.01215429504268677 -0.011254543192893204 0.01531020762115159 0.0026719335931169735 0.013899120453383778 -0.017220895120212527 0.014943266150125683 0.0082893485455986654 -0.0099884269558248896 -0.0031745694486242319 0.0046342516094570671 0.0090460321231264559 -0.0053816992788948666 -0.012313600465223401 -0.00078557673797935521 -0.0066510851538716369 0.019742705197750586 -0.00037355817046669736 0.0067160197334690894 -0.0090250088661458627 0.0039520495961881666 0.0077624488821407857 -0.0055280055246674821 -0.0046874139296914008
leaf_weight=37.230027075856924 319.49803367629647 46.407889105379581 52.774829382076859 25.609503138810396 24.39116115309298 43.325156213715672 58.314605690538883 78.202374136075377 46.058379612863064 59.269761770963669 55.228368289768696 23.160562628880143 62.433320812880993 16.685956886038184 61.939544137567282 23.617880975827575 149.53496582061052 105.05394124984741 28.725927943363786 54.621880941092968 1262.4895310103893 66.632022341713309 36.961636470630765 43.839179400354624 43.144174350425601 29.291344594210386 30.201961746439338 98.265556814149022 34.219698185101151 414.32187811098993
leaf_count=388 2533 411 492 202 303 340 606 508 361 867 699 392 1534 223 1022 349 981 751 196 397 8834 477 234 330 279 215 265 615 330 3028
internal_value=0 0.000222663 -0.000222231 -0.000405501 -0.0075186 -0.0115395 -0.00721118 -0.000148924 0.00607917 -0.000377301 0.00319836 -0.0041758 0.00602393 0.00180652 -0.00561186 0.00900313 -0.00082511 -0.000306681 0.0057892 -0.00414623 -0.000737579 -0.00119013 0.0037605 0.00998931 -0.00127545 -0.0021145 -0.00704195 0.00140505 0.0041826 -0.00177175
internal_weight=0 3335.91 3016.41 2963.63 93.3258 68.9347 95.5446 2870.31 92.4663 2777.84 302.335 82.4303 219.905 157.472 78.6255 78.8462 2475.51 2150.7 133.78 324.803 2016.92 1867.39 190.577 80.8008 109.776 270.181 108.404 161.777 132.485 1676.81
internal_count=28162 27168 24635 24143 845 542 994 23298 772 22526 5086 1259 3827 2293 1245 1048 17440 15110 947 2330 14163 13182 1320 564 756 1933 773 1160 945 11862
cat_boundaries=0 1 2 3
cat_threshold=2 1 1
is_linear=0
shrinkage=0.03


Tree=198
num_leaves=31
num_cat=1
split_feature=21 89 33 25 40 81 39 43 70 76 25 81 42 69 76 25 69 36 57 57 81 54 33 81 89 81 81 4 85 57
split_gain=7.7706 7.57518 5.90802 5.20539 5.16235 5.10192 4.7231 6.83916 6.40865 5.26147 7.82245 5.30354 5.90661 9.23214 6.86253 6.47303 6.2035 8.71496 5.23352 5.05847 5.64874 4.82514 4.66987 4.56183 10.9268 8.58928 8.03881 10.6092 8.75779 7.22029
threshold=0.43650793650793657 0.52333333333333343 0.24025000000000005 3.0177083333333337 1.0000000180025095e-35 0.83597333333333335 0.74285000000000012 1.0000000180025095e-35 1.0000000180025095e-35 10.500000000000002 5.0545138888888896 0.5302366666666668 0.30595000000000006 0.77175000000000016 4.5000000000000009 8.0447916666666686 0.83655000000000013 0.29975000000000007 0.90965000000000007 0.77145000000000008 0.65380833333333344 0.36065000000000008 0.10455000000000002 0.40961833333333336 0.86525000000000019 0.44645000000000001 0.3059183333333334 0 3.5000000000000004 0.75675000000000014
decision_type=2 2 2 8 8 2 2 8 10 2 10 2 2 2 2 10 2 2 2 2 2 2 2 2 2 2 2 1 2 2
left_child=3 2 -2 -1 -4 23 8 -8 9 11 -11 12 14 15 16 -14 -5 -18 19 20 -13 -16 -7 26 25 29 -3 -28 -29 -25
right_child=1 5 4 6 -6 22 7 -9 -10 10 -12 18 13 -15 21 -17 17 -19 -20 -21 -22 -23 -24 24 -26 -27 27 28 -30 -31
leaf_value=-0.010132147007657986 0.014082930749365018 -0.00093101239360608029 -0.004335718496955963 -0.0086158247554373995 0.0082112802309482757 -0.0061205177290825528 -0.0038949545578060461 0.0075663359970647801 -0.011413023406748221 0.0061125182127746832 -0.019095835963465382 0.0074410550722275124 -0.0056757826255521586 -0.013174042069259173 0.00043400761513063104 0.0096549402124319842 0.0091199441282218772 -0.009901254983609914 -0.0058239997087310173 0.012849756248914275 -0.0070726015693190376 0.011027330026829525 0.007619308762342329 -0.0015473472676064469 0.0063705067107552877 -0.0019892762577546699 -0.0019909855442315711 0.012856991618132339 -0.00045348452930057557 -0.018645167566869385
leaf_weight=68.32842112891376 50.830143891274929 661.9071989171207 50.865547489374876 129.02188578248024 48.140875432640314 19.215006982907653 77.679700519889593 92.597523251548409 64.213558688759804 10.403050992637871 25.487463012337685 43.059051629155874 56.096704207360744 95.09544501081109 213.06925293803215 29.660643756389618 46.475209143012762 25.445792712271214 35.881637301295996 46.685275439172983 34.395172812044621 37.535566579550505 115.2995046749711 40.592676294967532 117.60084402188659 804.92673871852458 126.03457224741578 138.09144519269466 62.643618086352944 45.030914358794689
leaf_count=517 330 3860 322 1234 518 159 396 1044 566 215 491 266 382 612 1235 181 439 236 223 293 210 210 1257 301 1298 8870 747 964 407 318
internal_value=0 0.000396372 0.00669548 -0.00263445 0.00195874 -7.56637e-05 -0.00206247 0.00241172 -0.00293332 -0.00214765 -0.0120493 -0.00155461 -0.00278557 -0.00721373 -0.000894146 8.11491e-05 -0.00490036 0.00200306 0.00318786 0.00603266 0.000924209 0.00238293 0.0053689 -0.000467358 -0.00187848 -0.00302644 0.000975962 0.00475169 0.00887877 -0.0115489
internal_weight=0 2281.18 149.837 1131.13 99.0064 2131.34 1062.8 170.277 892.526 828.312 35.8905 792.422 632.401 180.853 451.548 85.7573 200.943 71.921 160.021 124.139 77.4542 250.605 134.515 1996.83 1008.15 890.55 988.677 326.77 200.735 85.6236
internal_count=28101 19351 1170 8750 840 18181 8233 1440 6793 6227 706 5521 4529 1175 3354 563 1909 675 992 769 476 1445 1416 16765 10787 9489 5978 2118 1371 619
cat_boundaries=0 1
cat_threshold=4
is_linear=0
shrinkage=0.03


Tree=199
num_leaves=31
num_cat=0
split_feature=12 60 69 21 45 36 86 16 57 36 58 83 54 81 89 89 48 57 89 67 60 58 5 42 42 36 67 57 21 89
split_gain=5.19969 5.98424 6.85261 6.32926 5.24737 6.29441 6.1684 6.33125 5.39908 5.02647 4.87617 5.6563 5.07811 4.82167 5.32742 8.05925 7.10113 6.737 7.74597 6.8544 6.0268 6.01251 6.85557 7.58713 6.78094 5.89367 5.87071 5.25553 4.69398 5.4391
threshold=1.0000000180025095e-35 0.12970000000000001 0.80865000000000009 0.30952380952380959 0.6926500000000001 0.8226500000000001 0.093830000000000011 222.50000000000003 0.61615000000000009 0.31025000000000008 2.5000000000000004 0.48858000000000007 0.082450000000000009 0.23719166666666666 0.66125000000000023 0.78243333333333343 0.84875000000000012 0.71975000000000011 0.73411666666666686 1.0000000180025095e-35 0.73085000000000011 4.5000000000000009 972.07000000000005 0.36525000000000007 0.15245000000000003 0.48905000000000004 1.0000000180025095e-35 0.80105000000000015 0.43650793650793657 0.58735000000000015
decision_type=2 2 2 2 2 2 2 2 2 2 8 2 2 2 2 2 2 2 2 8 2 10 2 2 2 2 10 2 2 2
left_child=1 2 3 -1 6 8 7 -2 -6 -4 11 -3 -13 27 16 17 -15 -16 19 -19 -20 22 -17 -24 -23 -26 -18 -8 29 -10
right_child=4 10 9 -5 5 -7 13 -9 28 -11 -12 12 -14 14 15 21 26 18 20 -21 -22 24 23 -25 25 -27 -28 -29 -30 -31
leaf_value=-0.01517893158369586 0.013233756701713967 0.0024657203752587284 0.0074276543335621212 0.0006374639324260706 -0.0035570727607918775 -0.0026926898937535424 -0.011188113409898982 -4.4868913473117587e-05 0.011251094275218207 -0.0072371838339887872 -0.0016643149352699059 -0.012678034512010803 0.0025554464139635655 0.0065536664556373843 -0.011593578553835929 0.015190984555662503 0.0037274427697366504 0.01647567692348105 -0.01357501531272412 -0.003042667737714408 0.0030625405997582534 0.0069578419625050247 -0.0062233216359348061 0.010220708804485928 -0.01293366964651479 0.00094502254825337467 -0.014760936774288904 0.00065254091360590822 0.01156744629370007 -0.0068469244687886224
leaf_weight=72.852807890623808 51.62460957467556 571.24086041375995 38.155654162168503 30.322731828317046 30.383295439183712 71.149081429466605 65.816115878522396 67.809154130518436 14.521841268986462 27.51936661452055 1397.99036802724 35.367900680750608 29.807534461840987 180.07692182436585 90.057193461805582 40.436256980523467 24.886192636564374 23.126656292006373 38.729651028290391 26.578753774985671 27.621248872950673 40.143846821039915 48.156958527863026 34.742425594478846 48.240271227434278 49.832509523257613 20.552960308268666 58.904494047164917 142.32700460962951 28.281246896833181
leaf_count=578 261 3982 286 204 397 1645 350 333 173 207 8905 214 229 1462 928 467 223 203 381 274 286 324 322 482 454 750 223 313 2847 443
internal_value=0 -0.00114283 -0.00640626 -0.010885 0.00128774 0.00476524 0.000185154 0.00627374 0.00723761 0.00113841 -0.000676779 0.00148469 -0.00629793 -0.000768968 0.000236988 -0.0015871 0.00392647 -0.00588498 -0.000886922 0.00727718 -0.00715498 0.0018918 0.00646149 0.00102659 -0.00234673 -0.00644674 -0.0057893 -0.00596253 0.00910071 0.000261135
internal_weight=0 2203.26 168.851 103.176 1224 286.662 937.336 119.434 215.513 65.675 2034.41 636.416 65.1754 817.902 693.182 467.666 225.516 206.114 116.056 49.7054 66.3509 261.552 123.336 82.8994 138.217 98.0728 45.4392 124.721 185.13 42.8031
internal_count=28146 14605 1275 782 13541 5505 8036 594 3860 493 13330 4425 443 7442 6779 4871 1908 2072 1144 477 667 2799 1271 804 1528 1204 446 663 3463 616
is_linear=0
shrinkage=0.03


Tree=200
num_leaves=31
num_cat=0
split_feature=37 10 42 70 51 39 16 66 7 39 83 16 86 67 48 86 27 51 77 89 45 45 60 16 60 61 83 60 60 89
split_gain=5.65944 8.97285 8.2397 9.31673 9.00025 7.74001 7.70058 7.48689 8.44739 7.21071 8.51077 7.12584 7.79764 10.1859 7.79689 7.53516 7.45129 6.93535 6.89112 6.60848 6.3129 7.62513 6.06662 6.42458 6.25118 6.10172 5.86021 5.83445 8.87296 5.60946
threshold=1.0000000180025095e-35 25.034375000000001 0.33125000000000004 inf 0.60035000000000005 0.28055000000000008 469.50000000000006 0.32695000000000007 786.66000000000008 0.16735000000000003 0.44575000000000004 212.50000000000003 0.07741000000000002 1.0000000180025095e-35 0.20605000000000004 0.088730000000000017 0.10615000000000001 0.21475000000000002 0.34631875000000006 0.7326166666666668 0.040050000000000009 0.64215000000000011 0.85605000000000009 154.50000000000003 0.79495000000000016 4.5000000000000009 0.23477000000000001 0.67405000000000015 0.84605000000000008 0.79351666666666676
decision_type=8 2 2 8 2 2 2 2 2 2 2 2 2 8 2 2 2 2 2 2 2 2 2 2 2 10 2 2 2 2
left_child=2 -2 4 22 5 11 27 -3 20 10 -10 14 -13 17 15 16 -1 18 -14 -5 -9 -22 24 -24 25 -4 -18 -7 -29 -26
right_child=1 7 3 19 -6 6 -8 8 9 -11 -12 12 13 -15 -16 -17 26 -19 -20 -21 21 -23 23 -25 29 -27 -28 28 -30 -31
leaf_value=-0.00024321985167042291 -0.00033968165818652919 0.00064696225356755503 -0.0029317864892487978 0.014593863049044812 0.010316740083695521 -0.0084301898785384983 0.0039489693640916632 0.0082570714703388646 0.0091800880209140581 0.012669750708746361 -0.0084146233870907913 -0.0057633211159663052 0.00098286840227094509 -0.0046008354466384313 -0.0012136122487145071 0.0010154009307970417 0.02637245860800938 -0.0012203782930191903 0.018471584643742763 -0.0031471098524192887 -0.012733215984668955 0.0052220494204513112 0.0013369583230356614 -0.013368624550908981 0.01122724796456529 -0.015550264488813146 0.0086180595024806204 0.0035640600384761706 -0.006741781686139676 -0.0046012838230632715
leaf_weight=26.66981739923358 874.12531095556915 302.81617456488311 258.29866309463978 30.476475281640887 69.845117174088955 177.67494515329599 120.70138190872967 39.653283804655075 48.253100257366896 194.33208863250911 33.316926198080182 144.73504616692662 31.702947780489922 88.546216677874327 93.363003678619862 67.016825959086418 33.580688830465078 46.37073940038681 52.725687928497791 29.962776519358158 39.835440557450056 29.655973536893725 32.173753434792161 110.43495689146221 38.522050995379686 31.410575246438384 52.199950836598873 144.00952652469277 137.72514516115189 27.0677704885602
leaf_count=213 8702 2767 1887 213 498 1270 665 348 317 2147 394 992 239 491 587 437 292 286 290 219 312 591 249 833 278 280 359 835 813 224
internal_value=0 0.00168174 -0.000765127 -0.0037742 0.000559486 -8e-05 -0.00256398 0.00421859 0.00693999 0.00965054 0.00185948 0.00218712 -0.000572991 0.00295381 0.0057604 0.009261 0.0136909 0.00803155 0.0127041 0.00660059 -0.00014679 -0.00537769 -0.00513872 -0.0101807 -0.00289169 -0.00477309 0.0175962 -0.00432281 -0.00153232 0.00495053
internal_weight=0 1561.99 1845.21 558.347 1286.87 1217.02 580.111 687.863 385.047 275.902 81.57 636.911 364.081 219.346 272.83 179.467 112.45 130.799 84.4286 60.4393 109.145 69.4914 497.908 142.609 355.299 289.709 85.7806 459.41 281.735 65.5898
internal_count=28028 15578 12450 4183 8267 7769 3583 6876 4109 2858 711 4186 2298 1306 1888 1301 864 815 529 432 1251 903 3751 1082 2669 2167 651 2918 1648 502
is_linear=0
shrinkage=0.03


Tree=201
num_leaves=31
num_cat=2
split_feature=21 89 33 40 63 89 51 89 33 9 3 36 0 81 69 69 63 36 77 48 45 86 5 77 9 9 92 77 77 57
split_gain=5.95861 9.15607 7.66988 7.54104 4.57076 4.2805 5.73772 6.25657 5.8037 5.64688 6.24106 8.9075 7.74693 4.84192 7.01996 6.75632 5.83846 4.82134 7.18969 4.90876 5.67116 5.15577 6.48568 6.81751 4.79565 4.58257 5.05564 4.17892 8.41593 7.43698
threshold=0.43650793650793657 0.52333333333333343 0.24025000000000005 1.0000000180025095e-35 0.017250000000000005 0.71435000000000015 0.18700000000000003 0.74688333333333345 0.37405000000000005 39.500000000000007 0 0.091250000000000012 1 0.13482000000000002 0.79815000000000014 0.68545000000000011 0.80925000000000014 0.019500000000000003 0.39013750000000003 0.39155000000000006 0.30630000000000007 0.14447000000000002 1490.4850000000004 0.35443750000000007 67.500000000000014 97.500000000000014 0.71198333333333352 0.33932812500000009 0.36030625000000011 0.90965000000000007
decision_type=2 2 2 8 2 2 2 2 2 2 1 2 1 2 2 2 2 2 2 2 2 2 2 2 2 2 2 2 2 2
left_child=4 2 -2 -4 -1 9 13 -8 -9 10 11 -6 -12 -7 15 16 -15 18 -11 20 21 22 23 -19 -10 26 -21 29 -29 -3
right_child=1 27 3 -5 5 6 7 8 24 17 12 -13 -14 14 -16 -17 -18 19 -20 25 -22 -23 -24 -25 -26 -27 -28 28 -30 -31
leaf_value=-0.010087058680219736 0.01626181050574671 -0.0056391131728234685 -0.005279383740101725 0.010040811238228019 0.012771145408669195 -0.0091777460265413963 -0.020427604193209225 -0.010605926741590242 0.0096327398202374973 0.013568718895584038 0.0038121446339084105 -0.0035364009848706875 -0.012460555491795386 0.0078279522301963299 -0.0058114751582784329 0.014375242928140913 -0.008164395635668972 -0.011010031568412607 -0.0030007155598878511 0.01251644688172353 -0.0075364615995912763 0.0077577020927351043 0.0060084434823098514 0.0052415229603226168 -0.006296741469252836 -0.003762712076518918 -0.0024149901051434153 0.0076002914818047536 8.0246149957134157e-05 0.0060094791974541874
leaf_weight=49.712214333936572 48.847336469218135 221.7922478094697 50.880421128123999 45.788310503587127 31.900483695790172 40.838060200214386 23.974917663261294 57.534580685198307 26.731922693550587 53.554321695119143 29.848232114687562 97.988754196092486 95.528089750558138 30.029268935322762 65.375995656475425 39.151161748915911 32.238141564652324 68.679747294634581 32.574614606797695 61.669754998758435 95.104320477694273 59.378140702843666 48.960733182728291 25.962691940367222 22.434421187266707 32.026671286672354 24.55354624055326 135.20342223346233 1729.2899100780487 53.868544191122055
leaf_count=383 323 1436 317 518 244 279 202 396 305 420 201 816 740 222 452 266 228 692 240 500 683 374 350 151 261 267 212 789 15545 346
internal_value=0 0.000660194 0.00768868 0.00223823 -0.00198116 -0.00152563 -0.00427857 -0.0089617 -0.00485574 -0.000256788 -0.00380677 0.00102226 -0.00800014 -0.00105483 0.00134061 0.00605876 -0.000435905 0.00158579 0.00764178 0.000183107 -0.00187417 0.00100812 -0.00210611 -0.00647698 0.00252843 0.00511088 0.00845538 0.000148768 0.000663198 -0.00323211
internal_weight=0 2285.67 145.516 96.6687 1145.75 1096.04 338.308 130.676 106.701 757.73 255.266 129.889 125.376 207.633 166.795 101.419 62.2674 502.465 86.1289 416.336 298.086 202.981 143.603 94.6424 49.1663 118.25 86.2233 2140.15 1864.49 275.661
internal_count=28158 19274 1158 835 8884 8501 2611 1164 962 5890 2001 1060 941 1447 1168 716 450 3889 660 3229 2250 1567 1193 843 566 979 712 18116 16334 1782
cat_boundaries=0 1 2
cat_threshold=5 4
is_linear=0
shrinkage=0.03


Tree=202
num_leaves=31
num_cat=1
split_feature=86 75 79 36 48 45 10 6 57 72 12 75 4 15 10 27 30 10 10 22 48 36 27 27 51 16 77 39 42 81
split_gain=5.95235 6.02887 12.1429 7.92855 8.66321 7.24161 7.12321 6.17232 5.74962 6.39785 5.57063 7.90222 5.60417 5.86417 6.2781 5.71337 6.99056 5.93505 6.70375 6.59093 6.62637 5.42522 5.36177 7.39132 5.35016 5.22817 5.18005 4.53431 7.00045 11.5532
threshold=0.7954 0.90625000000000011 5.5000000000000009 0.35455000000000009 0.86045000000000016 0.12255000000000001 10.04340277777778 7.8235799007851901 0.68765000000000009 0.75555000000000005 1.0000000180025095e-35 0.65625000000000011 0 1.0000000180025095e-35 19.074652777777782 0.73815000000000008 0.91805000000000014 32.054513888888899 42.027430555555561 0.14835164835164838 0.47405000000000003 0.69385000000000008 0.18985000000000005 0.85725000000000007 0.23765000000000003 518.50000000000011 0.51280625000000002 0.22005000000000002 0.36525000000000007 0.54933333333333345
decision_type=2 2 2 2 2 2 2 2 2 2 2 2 1 2 2 2 2 2 2 2 2 2 2 2 2 2 2 2 2 2
left_child=1 10 3 5 6 -3 -5 22 -7 -10 27 -12 13 -13 -15 -14 17 19 -19 20 25 -22 -4 -24 -6 26 -17 28 -1 -30
right_child=-2 2 7 4 24 8 -8 -9 9 -11 11 12 15 14 -16 16 -18 18 -20 -21 21 -23 23 -25 -26 -27 -28 -29 29 -31
leaf_value=0.002144242190583818 0.010735395500362835 0.0058503743354709871 0.00013851175618060646 0.014454793809388146 0.0046728391153880002 0.0016884235698464219 0.0019514101330853021 -0.00077946130941935023 -0.002368883163247223 -0.01885177535665411 0.014864404389299826 -0.0076855422736865639 0.0061130795229927875 -0.005432302942042562 0.0082623410637976437 -0.0030106742762847521 0.011017337170699077 0.0085153882654886558 -0.0085301790715597361 0.0054889420296812758 -0.0043479624754567125 -0.020591384157198751 -0.021035971131221666 -0.0012364421555886762 -0.013536362058073003 -0.010658307956008577 0.010161433617420617 -0.0021748671741940837 -0.008184438012573042 0.0081262254369698188
leaf_weight=680.85083471424878 32.504915749654174 30.405224623158574 20.68536126986146 46.700166381895542 15.866750122979282 30.967691872268915 163.00998177938163 47.482422225177288 38.01246178522706 49.365440286695957 30.969835348427296 101.34025624021888 254.04937278479338 46.400069687515497 55.689170660451055 60.10147313028574 38.874995943158865 80.126955278217793 18.250970035791397 49.942415408790112 47.932940630242229 29.753835171461105 67.416579531505704 23.40354548022151 32.527801509946585 28.554786486551166 34.300496554002166 1080.5133012924343 146.19915237277746 43.277606055140495
leaf_count=4478 943 187 142 521 137 242 1877 395 315 394 192 584 2867 314 380 323 584 883 212 441 615 550 702 301 480 261 526 7063 909 331
internal_value=0 -0.000562939 -0.00336083 -0.000539566 0.00261988 -0.00584138 0.00526695 -0.0101214 -0.009067 -0.0126608 6.92446e-06 0.0019807 0.00134041 -0.00290188 0.00210871 0.00270879 0.000381238 -0.00107755 0.00485782 -0.00350472 -0.00589765 -0.012208 -0.0137079 -0.0165625 -0.00778841 -0.00129234 0.00229022 -0.000885246 0.000722339 -0.00423837
internal_weight=0 3392.97 565.843 406.856 258.105 148.751 209.71 158.988 118.346 87.3779 2827.13 876.288 845.318 203.429 102.089 641.888 387.839 348.964 98.3779 250.586 200.644 77.6868 111.505 90.8201 48.3946 122.957 94.402 1950.84 870.328 189.477
internal_count=28149 27206 5693 4153 3015 1138 2398 1540 951 709 21513 8732 8540 1278 694 7262 4395 3811 1095 2716 2275 1165 1145 1003 617 1110 849 12781 5718 1240
cat_boundaries=0 1
cat_threshold=2
is_linear=0
shrinkage=0.03


Tree=203
num_leaves=31
num_cat=0
split_feature=81 39 39 72 83 72 72 48 52 77 81 52 76 58 42 66 72 10 15 21 33 21 48 10 10 69 39 80 42 63
split_gain=6.15738 5.78059 8.06017 6.57016 8.18401 6.26792 6.70627 6.06827 12.3938 11.1603 8.19779 7.18799 7.15234 6.37139 8.12512 6.94875 6.16634 6.04536 6.17457 5.9969 5.75972 5.74738 5.52098 5.50536 5.74172 7.22157 5.74903 5.34092 5.2733 6.66033
threshold=0.8171750000000001 0.60755000000000015 0.62775000000000014 0.97035000000000016 0.60086000000000017 0.94235000000000013 0.90175000000000016 0.37760000000000005 6.0093750000000012 0.40003125000000006 0.21807500000000005 12.051736111111113 4.5000000000000009 2.5000000000000004 0.42075000000000007 0.11815000000000002 0.92305000000000015 8.0440972222222236 1.0000000180025095e-35 0.60769230769230786 0.20035000000000003 0.48076923076923084 0.7238500000000001 24.010763888888892 21.020486111111115 0.78705000000000014 0.12515000000000001 0.81666666666666676 0.81735000000000013 0.65155000000000007
decision_type=2 2 2 2 2 2 2 2 8 2 2 10 2 8 2 2 2 2 2 2 2 2 2 2 2 2 2 2 2 2
left_child=1 7 -3 5 -5 6 28 9 22 12 -10 17 -1 15 -15 -14 23 -11 -19 -8 -2 -20 -9 24 25 -12 -27 -13 -4 -30
right_child=20 2 3 4 -6 -7 19 8 10 11 16 27 13 14 -16 -17 -18 18 21 -21 -22 -23 -24 -25 -26 26 -28 -29 29 -31
leaf_value=-0.0025311385961550438 -0.0028036277145632345 0.012829915467397176 0.003066518144810891 -0.016119711995842174 0.005314219355286749 0.011909761677209502 -0.013755112284505837 -0.00016536920723256188 -0.0056224713457733748 0.0038385190687976294 0.0096141506874969675 -0.0026696449781817952 -0.002572270346207944 -0.0013925642277783431 0.01169876183575958 0.0105207723916071 -0.0038946684352997724 -0.0076430129181472477 -0.0081764403544252115 0.0041168537353574357 0.0076186526899986451 0.0035379648382640135 -0.013545194395067153 0.0097951527493744944 -0.0084538045011516554 0.0062316522371946596 -0.0077128312289837624 -0.014276551768202918 0.0057945833672723409 -0.0095332950374876907
leaf_weight=496.61178196594119 59.311199894174933 47.172403674572706 594.09234408289194 31.46496869623661 19.776965923607349 42.488306950777769 38.002473073080182 50.832907715812325 69.447076693177223 87.086072809994221 103.29901824705303 61.026383562013507 45.515688188374043 343.66595492511988 38.524947859346867 123.71858638525009 56.391949830576777 227.49944879859686 44.0113625805825 20.303159723058343 167.31564429402351 114.76904603838921 51.810317993164062 188.5785396900028 26.336657570675015 38.134873883798718 50.156581731513143 99.560034921392798 31.368025986477733 61.703463189303875
leaf_count=4199 433 504 5458 219 303 478 346 416 414 524 818 398 258 1982 197 707 505 1254 279 282 1955 825 511 1589 215 341 362 623 552 1259
internal_value=0 -0.000126789 0.00192058 0.00116349 -0.00833027 0.00187754 0.00115567 -0.000914909 0.00156689 -0.00185556 0.00342571 -0.00496386 5.37751e-05 0.00238536 0.00019169 0.00705234 0.00487337 -0.00298477 -0.00458111 -0.00784014 0.0048878 -1.13868e-06 -0.00752191 0.00615401 0.00271171 0.00458978 -0.00166869 -0.0102807 0.00202047 -0.00430633
internal_weight=0 3203.35 886.372 839.2 51.2419 787.958 745.469 2316.98 634.988 1681.99 532.345 633.952 1048.04 551.425 382.191 169.234 462.898 473.366 386.28 58.3056 226.627 158.78 102.643 406.506 217.927 191.59 88.2915 160.586 687.164 93.0715
internal_count=28206 25818 9401 8897 522 8375 7897 16417 5171 11246 4244 3903 7343 3144 2179 965 3830 2882 2358 628 2388 1104 927 3325 1736 1521 703 1021 7269 1811
is_linear=0
shrinkage=0.03


Tree=204
num_leaves=31
num_cat=0
split_feature=83 9 81 21 72 85 45 66 45 9 21 24 16 66 30 17 66 66 30 51 6 27 6 83 77 51 81 83 66 66
split_gain=4.54181 4.87766 4.57386 5.78562 5.49008 4.1917 7.67384 9.78468 7.1129 5.86628 5.79486 11.5452 8.81456 7.28818 7.37512 6.71285 6.96355 6.94577 6.32146 6.22628 6.15729 5.62354 8.76529 5.27862 7.57478 7.11487 5.5642 5.03562 4.96982 4.94296
threshold=0.19464000000000004 108.50000000000001 0.074130000000000015 0.62019230769230782 0.36420000000000002 3.5000000000000004 0.45865000000000006 0.25915000000000005 0.74355000000000016 67.500000000000014 0.5634920634920636 1.0000000180025095e-35 177.50000000000003 0.070950000000000013 0.70295000000000007 2.5000000000000004 0.64875000000000016 0.90275000000000005 0.80105000000000015 0.66125000000000012 9.1767872018176089 0.33745000000000008 6.1619243639145251 0.6169300000000002 0.50677187500000009 0.71935000000000016 0.72065000000000012 0.57067000000000012 0.41935000000000006 0.80545000000000011
decision_type=2 2 2 2 2 2 2 2 2 2 2 8 2 2 2 2 2 2 2 2 2 2 2 2 2 2 2 2 2 2
left_child=1 2 -1 4 -4 6 23 8 -8 -10 15 -12 18 14 -14 16 -7 19 -13 -18 -17 -15 -23 24 25 27 28 -2 -25 -24
right_child=5 -3 3 -5 -6 10 7 -9 9 -11 11 12 13 21 -16 20 17 -19 -20 -21 -22 22 29 26 -26 -27 -28 -29 -30 -31
leaf_value=0.0045393058784066248 0.00034591067497374465 0.0064512880603388003 0.0015782500150479768 0.0015110166244279798 -0.010043166691403226 0.0037681547288927462 0.0064185964480285435 0.0093797038886625668 0.0014870924820113058 -0.014185248635046289 0.0095225045852807815 -0.012480838355253486 -0.014907165498178448 -0.0030864254378568366 0.0050306752297589854 -0.0076784555442221741 -0.015502740221626461 0.0052464501865170854 0.0032720478177503719 0.0023227242186552375 0.005994242807595862 -0.009406386195436784 0.011203866365074011 0.0022459935397014792 -0.0083090315328586458 0.0099401168697224405 -0.0034673506421063378 -0.0094490983988001886 0.016653909356808667 -0.00012622679067795102
leaf_weight=39.997721735388041 1321.6624377705157 34.923641350120306 42.376144845038652 76.690559282898903 177.43470731750131 175.59589453227818 55.333872556686401 200.23010420799255 37.935916105285287 34.921121560037136 107.71050750277936 74.073518689721823 33.941249849274755 78.35759087279439 20.532714508473873 259.27037318237126 49.226392162963748 29.794858561828732 26.662857819348574 21.773870406672359 25.905001828446984 20.55642506480217 126.5933241751045 44.58573810942471 84.251684905961156 58.026339683681726 32.677478099241853 38.974627770483494 39.493069875985384 46.139667926356196
leaf_count=302 8055 241 352 431 1370 1490 455 1946 329 284 1321 793 326 663 318 2572 332 282 404 344 199 332 1656 425 783 336 456 199 506 651
internal_value=0 -0.00302031 -0.00416113 -0.00544462 -0.00783155 0.000451763 0.00128447 0.00539362 -0.00106071 -0.00683022 -0.00102639 0.00119961 -0.00107045 0.00137365 -0.00777739 -0.00312928 0.000222655 -0.0057366 -0.00839241 -0.0104243 -0.00627545 0.00341971 0.00607932 0.000423272 -7.20994e-05 0.000471812 0.00630245 -1.55389e-06 0.0100645 0.00833614
internal_weight=0 371.423 336.499 296.501 219.811 3044.23 1948.09 328.421 128.191 72.857 1096.13 534.568 426.857 326.121 54.474 561.566 276.391 100.795 100.736 71.0003 285.175 271.647 193.289 1619.67 1502.92 1418.66 116.756 1360.64 84.0788 172.733
internal_count=28153 2696 2455 2153 1722 25457 13774 3014 1068 613 11683 6464 5143 3946 644 5219 2448 958 1197 676 2771 3302 2639 10760 9373 8590 1387 8254 931 2307
is_linear=0
shrinkage=0.03


Tree=205
num_leaves=31
num_cat=1
split_feature=21 92 45 34 58 11 48 0 58 81 48 33 83 63 63 33 9 25 9 55 57 9 63 58 63 30 30 10 39 33
split_gain=7.90104 7.1427 5.52783 5.34394 7.20219 6.6743 9.70289 8.5915 7.66564 7.26938 7.19993 5.5151 5.48803 5.34944 9.72476 5.07348 5.01896 4.91805 5.46711 5.76895 4.89446 5.88007 4.87875 7.2841 4.85618 4.60208 5.66792 4.82809 4.78683 6.57822
threshold=0.63961038961038974 0.29218333333333341 0.93645000000000012 1.0000000180025095e-35 8.5000000000000018 17.000000000000004 0.33215000000000006 0 1.0000000180025095e-35 0.80924000000000018 0.48955000000000004 0.66705000000000014 0.58827000000000018 0.32335000000000008 0.68105000000000016 0.71345000000000014 34.500000000000007 14.061458333333336 52.500000000000007 1.0000000180025095e-35 0.69555000000000011 51.500000000000007 0.38035000000000008 2.5000000000000004 0.68715000000000015 0.12000000000000001 0.081250000000000003 12.076736111111112 0.090050000000000005 0.80865000000000009
decision_type=2 2 2 8 10 2 2 1 10 2 2 2 2 2 2 2 2 10 2 8 2 2 2 10 2 2 2 2 2 2
left_child=3 -2 25 17 5 6 7 -5 12 11 -8 13 -7 -10 -15 -13 -9 -1 24 -20 21 -17 -12 -24 -19 26 27 -3 29 -27
right_child=1 2 -4 4 -6 8 10 16 9 -11 22 15 -14 14 -16 20 -18 18 19 -21 -22 -23 23 -25 -26 28 -28 -29 -30 -31
leaf_value=-0.001452262077220164 0.01089903808655395 0.0097631325202527982 0.011423244846273743 -0.0059590976066932824 -0.012924488958523737 0.016293354233549696 -0.019133908082567545 -0.0020360687046501371 -0.0051174936474470065 0.011646176171271214 -0.013152203540894591 -0.01028812040509563 -0.00019441846580313006 0.018674480976205401 0.0015775295929306395 -0.015256835796073582 0.011877461515691088 0.0075967687365936128 -0.00023593537042690253 -0.014422206048074862 0.0021866772464087534 0.0010157501921223102 0.0099311536827007187 -0.0067716547778781302 -0.0061391195617530219 0.0063794154423101939 0.013459839016860146 -0.0013075348396171967 -0.0015413918984832882 -0.0074756464536337814
leaf_weight=1240.4284071363509 66.786992441862822 39.411833487451077 37.068696597591043 57.757899014279246 23.384221980348229 50.522697390988469 29.827895501628518 29.873143659904599 31.600394885987043 48.28999019227922 22.8779182638973 44.108932515606284 25.629667777568102 36.151451997458935 91.281119540333748 27.180658079683781 66.26206037774682 31.64390330389142 36.667275168001652 79.824251618236303 199.57190375961363 40.713227404281497 31.878551026806235 43.604417908936739 42.202806334942579 153.90891341492534 41.745541743934155 118.93516608513892 580.26894826814532 29.139561384916306
leaf_count=8505 523 296 633 428 261 339 210 213 242 601 267 456 283 287 776 270 490 206 215 550 1931 399 395 663 280 1200 245 851 5686 339
internal_value=0 0.0020683 0.00137678 -0.00103624 0.000769257 0.0012759 -0.00246756 0.00256777 0.00306194 0.00165142 -0.00826094 0.000404859 0.0113658 0.0047845 0.00743367 -0.00190985 0.00776948 -0.00217006 -0.00654191 -0.0103286 -0.000207165 -0.00662115 -0.00350224 0.000618974 -4.91393e-05 0.000876843 0.0048089 0.00186417 -0.000202745 0.00390083
internal_weight=0 1067.27 1000.48 2331.28 900.516 877.132 282.082 153.893 595.05 518.898 128.189 470.608 76.1524 159.033 127.433 311.575 96.1352 1430.77 190.338 116.492 267.466 67.8939 98.3609 75.483 73.8467 963.41 200.093 158.347 763.317 183.048
internal_count=28040 9773 9250 18267 8511 8250 2666 1131 5584 4962 1535 4361 622 1305 1063 3056 703 9756 1251 765 2600 669 1325 1058 486 8617 1392 1147 7225 1539
cat_boundaries=0 1
cat_threshold=1
is_linear=0
shrinkage=0.03


Tree=206
num_leaves=31
num_cat=1
split_feature=68 69 57 61 42 22 25 36 57 25 42 36 5 60 40 25 92 5 10 72 1 92 42 69 86 58 74 63 60 83
split_gain=5.6137 5.88167 8.22511 9.11518 7.02251 6.37261 6.08713 8.299 6.59549 11.7069 6.59897 6.142 5.47607 4.8644 5.11262 4.67896 6.60342 5.57904 5.54041 6.72449 5.09461 7.27509 4.59775 4.59492 6.95772 6.42345 7.41593 6.29565 5.69901 5.59719
threshold=1.0000000180025095e-35 0.69255000000000011 0.96765000000000012 10.500000000000002 0.91835000000000011 0.10555555555555557 16.044791666666672 0.14505000000000004 0.63895000000000013 14.078819444444447 0.68145000000000011 0.32195000000000007 829.20000000000016 0.68575000000000008 1.0000000180025095e-35 15.066319444444446 0.48561666666666675 527.49000000000012 10.059375000000001 0.90175000000000016 0 0.44705000000000011 0.28375000000000006 0.79635000000000011 0.13193000000000002 5.5000000000000009 14.500000000000002 0.75325000000000009 0.73435000000000017 0.25719000000000009
decision_type=2 2 2 8 2 2 10 2 2 8 2 2 2 2 8 10 2 2 2 2 1 2 2 2 2 10 2 2 2 2
left_child=-1 2 3 5 6 15 8 -8 9 10 -3 12 -11 14 -9 16 20 -18 22 -20 -2 -22 -19 24 27 26 -26 28 -10 -25
right_child=1 4 -4 -5 -6 -7 7 13 23 11 -12 -13 -14 -15 -16 -17 17 18 19 -21 21 -23 -24 29 25 -27 -28 -29 -30 -31
leaf_value=0.0034873059920689023 -0.0086081908931448878 0.012481858339623925 0.0072601129618634162 0.011308044229991744 0.0080057456590520715 0.0008122435980027216 -0.013043540039518176 0.0019091872822507047 -0.013936524731182108 -0.0041949458623258967 -0.0031717903918844479 -0.006622870843214417 0.0086581941715258241 0.0030431504966078838 -0.014614689771512489 0.0015428175917733195 -0.00027669160769767969 -0.0083229201188900724 -0.015681934439792815 -0.003202157860145249 -0.0026324817377694331 0.012379895665989809 0.0060972527029875259 -0.0052955887836441682 0.010337516074637504 -0.0014831017634603495 -0.0016102038468806766 0.003353921529997582 -0.00053249412238678116 -0.00020762054183253231
leaf_weight=346.12400743737817 54.365435311570764 132.79650236852467 61.288350010290742 26.847037672996521 92.354273708537221 181.7039640955627 62.59598502330482 27.254626367241144 46.858683150261641 41.526642331853509 24.926962241530418 82.326788233593106 65.409505054354668 103.45973072201014 26.907514125108719 69.815265057608485 56.890851631760597 35.184010082855821 164.68237014859915 57.751161927357316 94.281134344637394 30.497235404327512 26.20425096526742 250.99990143626928 167.25799808092415 107.31677547842264 60.191097144037485 83.888836294412613 58.999857306480408 768.25553202815354
leaf_count=2806 424 933 502 237 1420 1409 477 181 318 322 357 618 472 953 257 655 513 238 1408 486 735 251 283 1676 1274 1018 617 517 349 6411
internal_value=0 -0.000491561 -0.00258109 -0.00341719 0.000331538 -0.00406785 -4.03684e-05 -0.00464733 0.000517836 0.00419309 0.00996631 -0.00087678 0.00373502 -0.000733739 -0.00729816 -0.00556009 -0.0065251 -0.00892506 -0.0105902 -0.0127189 -0.00173009 0.00168301 -0.00217566 -0.000329905 0.00192911 0.00448244 0.00724107 -0.00257455 -0.00715661 -0.00149985
internal_weight=0 3062.84 859.511 798.223 2203.33 771.376 2110.97 220.218 1890.76 346.986 157.723 189.263 106.936 157.622 54.1621 589.672 519.856 340.713 283.822 222.434 179.144 124.778 61.3883 1543.77 524.513 334.766 227.449 189.747 105.859 1019.26
internal_count=28117 25311 7141 6639 18170 6402 16750 1868 14882 2702 1290 1412 794 1391 438 4993 4338 2928 2415 1894 1410 986 521 12180 4093 2909 1891 1184 667 8087
cat_boundaries=0 1
cat_threshold=2
is_linear=0
shrinkage=0.03


Tree=207
num_leaves=31
num_cat=1
split_feature=77 76 92 83 0 33 89 89 5 16 45 60 51 16 92 5 89 89 66 45 36 25 60 15 16 48 45 16 39 10
split_gain=7.41228 5.68607 6.41064 5.73532 8.62856 5.85642 7.3804 5.8263 6.43028 5.28455 5.28646 5.16904 9.27665 5.6218 8.24235 5.78794 5.36306 8.60394 5.3362 7.74933 8.87234 7.58912 9.16148 7.01741 8.31994 6.64043 6.31208 7.0389 5.99177 5.91495
threshold=0.69991562500000015 2.5000000000000004 0.29218333333333341 0.20711000000000002 0 0.90295000000000014 0.69605000000000017 0.82601666666666673 1381.4950000000001 233.50000000000003 0.15435000000000001 0.89745000000000008 0.45605000000000007 485.50000000000006 0.62618333333333343 1051.2400000000002 0.71248333333333347 0.86368333333333347 0.30935000000000007 0.39565000000000006 0.90375000000000016 13.075347222222224 0.35075000000000006 1.0000000180025095e-35 193.50000000000003 0.89675000000000016 0.27025000000000005 434.50000000000006 0.63155000000000017 20.048263888888894
decision_type=2 2 2 2 1 2 2 2 2 2 2 2 2 2 2 2 2 2 2 2 2 10 2 2 2 2 2 2 2 2
left_child=1 -1 9 4 -4 11 -7 8 -8 10 -3 18 13 14 16 -15 -13 -18 21 25 28 23 -23 24 -5 -20 -26 -28 -21 -27
right_child=-2 2 3 5 -6 6 7 -9 -10 -11 -12 12 -14 15 -16 -17 17 -19 19 20 -22 22 -24 -25 26 29 27 -29 -30 -31
leaf_value=-0.0082719113345907438 0.0096520951145346191 0.0056623087193064942 0.0053625175227974935 -0.0065994884463867771 -0.0054405975806940312 0.0021439327120039869 -0.018651532926289571 0.00061531541702527755 -0.0031472759117377141 0.0096209773115098866 -0.0082916649725467539 0.011251858044683583 -0.009058556626937074 -0.0023369702261027622 -0.006909036000502247 0.012593063785455612 -0.0062914648063751161 0.0081102071183177075 0.0020483295772686003 0.0048333700385503574 -0.0069432931088759002 0.007773271738505492 -0.0094503715388380514 0.0047414825174893049 0.0049761289541760123 0.0024874028717536932 -0.011571884094260257 0.0053806217681559611 0.013954402486883941 -0.015865739412150633
leaf_weight=61.45771549642086 64.764204930514097 46.96826402656734 74.41172631829977 155.48092479631305 326.43170771002769 104.58856335841119 48.530623147264123 47.612027946859598 49.202221607789397 106.33514073304832 32.805829662829638 39.058810707181692 110.89831882715225 34.075787222012877 130.58375626243651 49.3821304384619 79.772246047854424 53.930463941767812 739.97809233516455 195.48847390338778 30.905105441808701 26.952315857633948 124.10647773556411 277.02181312441826 178.79697184823453 23.527018509805202 44.144764315336943 29.409370275214314 102.98303842358291 26.87752989679575
leaf_count=697 2096 297 468 1030 2318 940 507 495 474 822 264 231 1372 217 829 305 526 334 4736 1719 432 193 987 2381 1104 191 301 209 1457 225
internal_value=0 0.000100898 0.000281882 -5.02916e-05 -0.00335342 0.000450047 -0.00383518 -0.00799873 -0.0118628 0.00554231 -0.000360457 0.000900394 -0.00180415 0.000451594 -0.00148592 0.00689935 0.00276696 -0.00032226 0.00159435 0.00293895 0.00673528 -0.000220269 -0.00608545 0.00114238 -0.0013573 0.00129252 0.00200101 -0.00496098 0.00833079 -0.00830557
internal_weight=0 3351.72 3290.26 3104.15 400.843 2703.31 249.933 145.345 97.7328 186.109 79.7741 2453.37 497.702 386.803 303.345 83.4579 172.762 133.703 1955.67 1119.76 329.377 835.913 151.059 684.854 407.832 790.383 252.351 73.5541 298.472 50.4045
internal_count=28157 26061 25364 23981 2786 21195 2416 1476 981 1383 561 18779 3814 2442 1920 522 1091 860 14965 8760 3608 6205 1180 5025 2644 5152 1614 510 3176 416
cat_boundaries=0 1
cat_threshold=4
is_linear=0
shrinkage=0.03


Tree=208
num_leaves=31
num_cat=3
split_feature=66 5 5 77 81 10 83 66 51 41 16 69 86 57 0 57 89 72 1 4 77 77 36 5 69 15 69 17 10 38
split_gain=5.6201 9.76533 6.36979 7.57446 9.02974 7.4433 7.54285 6.78236 8.18914 8.86721 7.17439 6.67956 7.94029 9.04973 6.52878 8.60646 7.40784 5.3577 5.5982 6.13998 5.20178 9.80293 6.81092 6.56829 7.24047 5.08476 5.6316 5.60061 6.46139 5.02529
threshold=0.012850000000000002 409.68500000000006 1503.4000000000003 0.54521249999999999 0.78152500000000014 3.0093750000000008 0.14824000000000004 0.12145000000000002 0.60035000000000005 1.0000000180025095e-35 119.50000000000001 0.78365000000000007 0.31221000000000004 0.91125000000000012 0 0.92625000000000013 0.8026500000000002 0.94235000000000013 1 2 0.33454375000000008 0.3586406250000001 0.19795000000000004 779.42000000000019 0.6634500000000001 1.0000000180025095e-35 0.65845000000000009 2.5000000000000004 16.044097222222224 1.0000000180025095e-35
decision_type=2 2 2 2 2 2 2 2 2 2 2 2 2 2 1 2 2 2 1 1 2 2 2 2 2 2 2 2 2 2
left_child=1 -1 3 5 14 -2 -7 10 11 -10 -8 12 13 20 16 -16 -5 18 29 -20 -9 -22 -23 -24 -25 26 -3 -27 -29 -13
right_child=2 25 -4 4 -6 6 7 8 9 -11 -12 17 -14 -15 15 -17 -18 -19 19 -21 21 22 23 24 -26 27 -28 28 -30 -31
leaf_value=0.0092382257481394628 0.0086280002129605331 -0.00013870462732347858 0.001882527980641647 0.0035343096893204395 0.0046837174377427019 -0.0087948634319915935 -0.004769243176342061 -0.0079289272600631087 0.016146357377774857 -0.001008399455008817 0.0078466431663289874 0.0017677128701704989 0.0099725163295470622 0.0065055150455474798 -0.015427946441452015 0.0036685582438035326 -0.010944941698407444 0.004000597503049633 0.0074291833627140279 -0.0046621895990278713 0.0097984913235191328 0.0037071615187710852 -0.011631222136158361 -0.0082951300811797725 0.0079231568168743934 0.0071244358001015303 -0.011064769222065189 0.0049086921906011174 -0.0095602151220993449 -0.010077126727142453
leaf_weight=38.529859272763133 74.14513392187655 58.415126856416464 1197.7696873359382 73.067137496545911 59.831949312239885 83.420339226722717 45.98752224817872 116.84485809877515 40.634103771299124 56.030359609052539 158.45185874402523 34.703142177313566 59.414864230901003 109.67709263414145 105.77595826052129 21.883534269407392 42.096496228128672 53.258672699332237 43.980456478893757 116.97566294297576 54.699036590754986 78.863927219063044 90.305985040962696 38.768983416259289 40.353576142340899 44.442526012659073 147.94738039001822 35.497998099774122 67.758303733542562 205.85083499923348
leaf_count=311 463 411 9734 1329 1273 626 305 963 270 404 992 199 367 658 1903 363 760 314 230 736 345 418 474 206 213 388 977 366 722 1276
internal_value=0 -0.00357929 0.000194898 -0.000929175 -0.00517744 -4.47762e-05 -0.000551878 2.05911e-05 -0.000892647 0.0070405 0.0049187 -0.00168724 0.000427726 -0.000808253 -0.0076964 -0.0121257 -0.00220997 -0.0043764 -0.00555779 -0.00111698 -0.00282578 -0.00066737 -0.0032631 -0.00653334 -6.26753e-05 -0.00518956 -0.00812128 -0.000838168 -0.0045918 -0.008366
internal_weight=0 392.591 3002.79 1805.02 302.655 1502.37 1428.22 1344.8 1140.36 96.6645 204.439 1043.7 588.928 529.513 242.823 127.659 115.164 454.769 401.51 160.956 419.836 302.992 248.292 169.429 79.1226 354.061 206.363 147.699 103.256 240.554
internal_count=27996 3175 24821 15087 5628 9459 8996 8370 7073 674 1297 6399 3644 3277 4355 2266 2089 2755 2441 966 2619 1656 1311 893 419 2864 1388 1476 1088 1475
cat_boundaries=0 1 2 3
cat_threshold=2 1 1
is_linear=0
shrinkage=0.03


Tree=209
num_leaves=31
num_cat=1
split_feature=46 57 51 43 60 7 92 60 9 89 22 33 83 51 9 27 83 48 89 4 39 55 39 66 9 51 79 83 48 16
split_gain=4.96204 7.30113 5.89758 9.79764 7.43639 7.30766 6.45932 8.67504 7.05177 6.91166 6.54264 6.23661 7.05536 5.73559 5.48289 5.66751 5.31721 6.33932 5.26953 8.59001 6.5586 8.36759 7.03165 7.09649 5.22913 5.22775 5.52549 6.70762 8.02005 5.63776
threshold=1.0000000180025095e-35 0.17455000000000001 0.055350000000000003 1.0000000180025095e-35 0.92705000000000015 2497.8350000000005 0.70996666666666675 0.72905000000000009 97.500000000000014 0.67248333333333343 0.11805555555555557 0.13555000000000003 0.27257000000000003 0.94555000000000011 47.500000000000007 0.44725000000000004 0.67867000000000022 0.86045000000000016 0.76658333333333351 0 0.43335000000000007 1.0000000180025095e-35 0.17885000000000004 0.23955000000000001 27.500000000000004 0.17745000000000002 3.5000000000000004 0.73941000000000001 0.6523500000000001 244.50000000000003
decision_type=8 2 2 8 2 2 2 2 2 2 2 2 2 2 2 2 2 2 2 1 2 8 2 2 2 2 2 2 2 2
left_child=1 -1 3 4 5 14 9 8 10 -4 -8 -11 -13 25 15 24 17 -9 20 -20 21 -5 23 -23 -2 -14 -27 28 29 -28
right_child=2 -3 6 18 -6 -7 7 16 -10 11 -12 12 13 -15 -16 -17 -18 -19 19 -21 -22 22 -24 -25 -26 26 27 -29 -30 -31
leaf_value=0.0080829942831139329 0.0011135428530410915 -0.0020551195451310382 0.0042227259012560057 -0.0098108965543135928 -0.010190347402106318 0.0095979159765910409 -0.01606716185652381 0.00074926643808080075 0.0036160567195605469 -0.0071434886211368441 4.5769657702280891e-05 0.0086215063170909708 -0.0090884472883286885 -0.012417471031310261 -0.0045412910253195887 -0.0055297037621797763 0.010722467343986247 -0.014810283192925461 0.00052181916914877482 0.011806849741056964 0.0079739820092517358 0.014625529830586117 -0.0031884037440531414 0.00057659312537169482 0.015678212778217675 0.0060746549049112749 0.0039564754207593728 -0.015496639741308989 0.010036149270599171 -0.0097876503711080923
leaf_weight=58.025897091254592 53.144332457333803 1114.6562451403588 319.50755221769214 53.394834483042359 58.069472681730986 56.850363589823246 87.496766962110996 130.67477945238352 26.277247842401266 115.87806694954634 29.481647457927465 68.199865244328976 38.844982925802469 27.586864756420255 180.46289078891277 35.627357058227062 26.376996265724301 18.531491139903665 93.111189106479287 169.74415580555797 121.8529403526336 50.721563532948494 101.6426062695682 71.120567968115211 30.268262479454279 121.49944258108735 38.192574743181467 18.262442769482732 42.610889989882708 55.545295121148229
leaf_count=403 361 6997 2872 381 349 327 1039 1356 311 937 293 421 222 510 1171 205 719 297 584 1660 1206 367 729 536 208 1474 361 501 820 497
internal_value=0 -0.00148937 0.000910646 0.00250155 -0.00110181 0.000616944 -0.000567566 -0.00413763 -0.00935371 0.000810327 -0.0123225 -0.00130013 0.000478991 -0.00134074 -0.00134281 0.0034822 0.000392786 -0.00199211 0.00474152 0.00797499 0.00246697 -0.000150109 0.00247938 0.00709074 0.00751128 -1.82645e-05 0.00153084 -0.00219198 0.000527159 -0.00434616
internal_weight=0 1172.68 2240.98 1076.01 414.423 356.353 1164.97 318.839 143.256 846.128 116.978 526.62 410.742 342.542 299.503 119.04 175.583 149.206 661.588 262.855 398.733 276.88 223.485 121.842 83.4126 314.956 276.111 154.611 136.349 93.7379
internal_count=28114 7400 20714 8084 2621 2272 12630 4015 1643 8615 1332 5743 4806 4385 1945 774 2372 1653 5463 2244 3219 2013 1632 903 569 3875 3653 2179 1678 858
cat_boundaries=0 1
cat_threshold=4
is_linear=0
shrinkage=0.03


Tree=210
num_leaves=31
num_cat=1
split_feature=16 77 77 27 27 45 74 60 57 86 77 54 86 39 76 1 60 25 58 27 58 60 33 5 60 18 16 81 92 72
split_gain=6.13616 9.98919 11.9838 6.819 9.32827 9.0473 6.76506 7.03367 6.49749 6.84552 5.54834 8.64418 6.42363 7.48783 6.09776 5.16044 6.78532 6.53186 6.83773 6.44024 7.02361 11.1706 5.63254 5.0849 5.07368 5.04811 5.01088 8.91261 4.8886 8.79605
threshold=297.50000000000006 0.6414437500000002 0.56079375000000009 0.47355000000000008 0.63575000000000015 0.48605000000000004 13.500000000000002 0.65405000000000013 0.85765000000000013 0.4576900000000001 0.60943125000000009 0.72565000000000013 0.61048000000000013 0.35405000000000003 8.5000000000000018 0 0.84605000000000008 11.028819444444446 6.5000000000000009 0.14355000000000004 4.5000000000000009 0.75535000000000008 0.82195000000000007 638.27500000000009 0.78885000000000016 4.5000000000000009 592.50000000000011 0.44645000000000001 0.47825000000000006 0.79495000000000016
decision_type=2 2 2 2 2 2 2 2 2 2 2 2 2 2 2 1 2 8 8 2 8 2 2 2 2 2 2 2 2 2
left_child=10 2 3 8 -5 26 -4 -8 9 -2 14 12 13 -12 15 19 22 -18 23 28 21 -21 -17 -19 -10 -16 -6 -28 -1 -30
right_child=1 -3 6 4 5 -7 7 -9 24 -11 11 -13 -14 -15 25 16 17 18 -20 20 -22 -23 -24 -25 -26 -27 27 -29 29 -31
leaf_value=-0.0068346560428015884 -0.0005774895068421217 0.010631275403749398 0.0042990285380263005 0.013891556249971942 0.0030411718218951583 0.013182740487625759 0.0039594302653871271 -0.01247388020500893 -8.551241693020659e-05 -0.01301395888571686 -0.0188337765621811 0.0035467733747241111 -0.019154499665497614 0.0024075184028781731 0.0048603496955519892 0.0021035254726675858 0.003115910659637611 -0.00019494409641866316 0.0037169721339742326 -0.0077499051467113935 -0.012453682695140755 0.0055774981404554851 -0.0064207034254836117 -0.012349842362508004 0.007941182921237095 -0.0049686229929348799 -0.01406319537283514 0.0037217232812159816 0.013151392042247641 -0.0044065714457122212
leaf_weight=32.511306747794151 525.10914259776473 90.242716830223799 35.362937794998288 75.93232686072588 174.76737969741225 49.080794980749488 24.130012640729547 108.8140431009233 137.94994870945811 33.212250769138336 10.671529043465851 47.304370170459151 40.47955047339201 47.411002075299621 256.96651314385235 683.02140000090003 74.703137934207916 40.939594805240631 38.661682918667793 146.59606381133199 100.06592960655689 79.848916120827198 67.840391151607037 121.55677580088377 135.30788659676909 48.594067189842463 40.982980547472835 43.923828780651093 46.530220776796341 40.031831063330173
leaf_count=223 3143 2608 840 480 1002 456 318 1305 837 253 190 1292 1006 966 2629 4327 399 244 207 939 542 443 340 710 780 547 227 266 283 244
internal_value=0 0.00148292 0.000814699 0.00186589 0.0051134 0.00258651 -0.00646032 -0.00942282 0.000320686 -0.00153326 -0.0010813 -0.00651051 -0.0112195 -0.00368824 -0.000601937 -0.00140497 -0.000223624 -0.00416228 -0.00688471 -0.0040624 -0.00619058 -0.00301327 0.0012591 -0.00947635 0.00402907 0.0031893 0.00016915 -0.00544001 0.00180078 0.00541602
internal_weight=0 1474.82 1384.57 1216.27 384.687 308.755 168.307 132.944 831.579 558.321 1923.73 145.866 98.5621 58.0825 1777.87 1472.31 1026.72 275.861 201.158 445.584 326.511 226.445 750.862 162.496 273.258 305.561 259.674 84.9068 119.073 86.5621
internal_count=28046 12515 9907 7444 2431 1951 2463 1623 5013 3396 15531 3454 2162 1156 12077 8901 6227 1560 1161 2674 1924 1382 4667 954 1617 3176 1495 493 750 527
cat_boundaries=0 1
cat_threshold=2
is_linear=0
shrinkage=0.03


Tree=211
num_leaves=31
num_cat=2
split_feature=21 63 2 48 85 6 61 42 69 89 81 4 66 79 16 16 89 36 9 16 9 39 39 16 42 63 74 13 9 11
split_gain=6.25958 8.92896 7.50597 6.59157 6.47769 5.63551 5.41166 7.40684 6.99209 8.94058 7.76501 7.08145 6.67952 6.11353 5.96328 6.63609 7.03361 5.52784 5.97712 6.23546 5.74614 6.15148 5.6495 5.32393 7.93544 6.70433 6.93602 6.41384 7.3712 8.2959
threshold=0.43650793650793657 0.071050000000000016 0 0.050850000000000006 2.5000000000000004 7.5130898494298046 1.5000000000000002 0.92935000000000012 0.88455000000000006 0.78351666666666675 0.24543333333333336 1 0.69135000000000013 5.5000000000000009 522.50000000000011 402.50000000000006 0.85055000000000003 0.94345000000000012 82.500000000000014 240.50000000000003 58.500000000000007 0.22005000000000002 1.0000000180025095e-35 477.50000000000006 0.16165000000000004 0.017250000000000005 14.500000000000002 1.0000000180025095e-35 96.500000000000014 25.000000000000004
decision_type=2 2 1 2 2 2 8 2 2 2 2 1 2 2 2 2 2 2 2 2 2 2 2 2 2 2 2 2 2 2
left_child=23 -2 6 5 -5 -4 14 8 13 10 -10 -11 -12 17 15 16 -3 18 20 -20 -8 22 -22 25 -25 -1 27 28 -27 -30
right_child=1 2 3 4 -6 -7 7 -9 9 11 12 -13 -14 -15 -16 -17 -18 -19 19 -21 21 -23 -24 24 -26 26 -28 -29 29 -31
leaf_value=-0.012915172113499468 0.0079829929253255431 0.004695535124889157 -0.0054269651626566882 0.020927289974371707 0.0050910316600871336 0.0087745521585119498 -0.0017344097965113052 0.0081069133323568975 -0.011623420433309963 -0.0023077173945363206 0.0052954400607861437 0.010917442443488891 -0.008113048517223255 -0.0067775265933255587 0.011194295105510036 -0.009085630106278348 -0.0064763149773264814 0.008170643493586479 0.0076040863031823338 -0.0018390308809286596 -0.0088202488644005192 -0.012943359486804527 0.0062883677295452979 -0.0036635963194598556 0.010629052123667741 -0.0041360842311744944 -0.0080498778571713118 0.0032797010656726339 0.0093239469286025122 -0.006171139619055261
leaf_weight=44.346368635073304 135.95020692050457 265.67666755802929 62.98396104387939 26.128414627164602 94.512491058558226 28.404719023033977 396.81092824973166 64.767555497586727 47.470285557210445 47.53811414539814 102.60578977130353 112.49005507491529 37.762974051758647 250.55147637054324 53.638900935649872 39.630029872059822 53.005547029897571 40.537207087501884 90.500645687803626 160.67739039845765 33.640516011044383 94.48645893484354 35.739554220810533 60.830892082303762 61.632639477029443 495.78948321938515 136.79477936215699 224.52652681991458 77.275020522996783 39.806441329419613
leaf_count=336 1059 1990 445 156 985 204 3305 1103 270 304 875 1150 405 1989 417 316 416 478 736 1357 262 872 228 423 514 3764 1246 1731 583 297
internal_value=0 0.000803127 0.000311895 0.00553552 0.00986021 -0.000582878 -0.000288312 -0.00111859 -0.00158311 0.00208259 -0.00232112 0.0070841 0.00138855 -0.00274759 0.00272041 0.00118238 0.00269685 -0.00149818 -0.0020745 0.00172424 -0.0037767 -0.008338 -0.00122566 -0.00190973 0.0037889 -0.00262508 -0.0020302 -0.000963451 -0.00254564 0.00398473
internal_weight=0 2275.51 2139.56 212.03 120.641 91.3887 1927.53 1515.58 1450.81 347.867 187.839 160.028 140.369 1102.94 411.951 358.312 318.682 852.393 811.855 251.178 560.677 163.867 69.3801 1141 122.464 1018.54 974.192 837.397 612.871 117.081
internal_count=28216 19322 18263 1790 1141 649 16473 13334 12231 3004 1550 1454 1280 9227 3139 2722 2406 7238 6760 2093 4667 1362 490 8894 937 7957 7621 6375 4644 880
cat_boundaries=0 1 2
cat_threshold=1 4
is_linear=0
shrinkage=0.03


end of trees

feature_importances:
strong_evidence_count=431
customer_success_ratio=245
fulfillment_evidence_strength_mean=216
dispute_amount=211
communication_evidence_strength_mean=194
evidence_strength_mean=173
authentication_evidence_strength_mean=172
ev_cvv_strength=168
customer_evidence_strength_mean=162
delivery_lag_days=159
ev_ip_match_strength=158
customer_account_age_days=156
ev_prior_disputes_strength=156
ev_delivery_timestamp_strength=153
ev_delivery_address_match_strength=150
ev_prior_order_history_strength=142
ev_tracking_available_strength=136
ev_refund_request_strength=131
ev_three_ds_strength=128
evidence_available_count=127
ev_device_match_strength=125
ev_delivery_confirmed_strength=125
high_relevance_available_count=125
high_relevance_strength_mean=124
ev_avs_strength=122
ev_customer_communication_available_strength=120
ev_prior_successful_orders_strength=119
ev_tracking_available_value=117
ev_cancellation_request_strength=113
days_transaction_to_dispute=105
ev_delivery_confirmed_value=103
transaction_capture_lag_minutes=99
ev_proof_of_delivery_strength=88
cvv_result=81
ev_delivery_address_match_value=80
ev_prior_order_history_value=66
ev_device_match_value=63
ev_ip_match_value=58
three_ds_authenticated=53
dispute_amount_log=51
reason_code=50
ev_delivery_timestamp_value=49
ev_proof_of_delivery_value=48
avs_result=43
ev_prior_successful_orders_value=42
authentication_evidence_available_count=36
avs_match=35
ev_three_ds_value=34
billing_shipping_match=33
evidence_completeness_ratio=32
payment_method=29
customer_previous_order_count=29
communication_evidence_available_count=29
ev_cancellation_request_available=25
high_relevance_completeness_ratio=24
customer_dispute_ratio=23
ev_cvv_value=21
fulfillment_evidence_available_count=21
ev_cancellation_request_value=20
transaction_amount=19
ev_avs_value=19
days_dispute_to_deadline=18
customer_previous_successful_order_count=18
cvv_match=16
ev_refund_request_available=16
ev_prior_disputes_value=15
ev_customer_communication_available_value=15
ev_refund_request_value=15
high_relevance_total_count=11
delivery_before_dispute=10
transaction_amount_log=9
customer_evidence_available_count=9
customer_refund_ratio=7
transaction_status=4
ev_cvv_available=4
ev_customer_communication_available_available=4
ev_three_ds_available=2
ev_ip_match_available=2
ev_delivery_confirmed_available=2
ev_delivery_address_match_available=2
customer_previous_dispute_count=1
customer_previous_refund_count=1
ev_device_match_available=1
ev_tracking_available_available=1
ev_proof_of_delivery_available=1

parameters:
[boosting: gbdt]
[objective: binary]
[metric: auc,binary_logloss]
[tree_learner: serial]
[device_type: cpu]
[data_sample_strategy: bagging]
[data: ]
[valid: ]
[num_iterations: 212]
[learning_rate: 0.03]
[num_leaves: 31]
[num_threads: 4]
[seed: 42]
[deterministic: 1]
[force_col_wise: 0]
[force_row_wise: 1]
[histogram_pool_size: -1]
[max_depth: -1]
[min_data_in_leaf: 200]
[min_sum_hessian_in_leaf: 0.001]
[bagging_fraction: 0.8]
[pos_bagging_fraction: 1]
[neg_bagging_fraction: 1]
[bagging_freq: 1]
[bagging_seed: 42]
[feature_fraction: 0.7]
[feature_fraction_bynode: 1]
[feature_fraction_seed: 42]
[extra_trees: 0]
[extra_seed: 12879]
[early_stopping_round: 0]
[early_stopping_min_delta: 0]
[first_metric_only: 0]
[max_delta_step: 0]
[lambda_l1: 0]
[lambda_l2: 10]
[linear_lambda: 0]
[min_gain_to_split: 0]
[drop_rate: 0.1]
[max_drop: 50]
[skip_drop: 0.5]
[xgboost_dart_mode: 0]
[uniform_drop: 0]
[drop_seed: 17869]
[top_rate: 0.2]
[other_rate: 0.1]
[min_data_per_group: 100]
[max_cat_threshold: 32]
[cat_l2: 10]
[cat_smooth: 10]
[max_cat_to_onehot: 4]
[top_k: 20]
[monotone_constraints: ]
[monotone_constraints_method: basic]
[monotone_penalty: 0]
[feature_contri: ]
[forcedsplits_filename: ]
[refit_decay_rate: 0.9]
[cegb_tradeoff: 1]
[cegb_penalty_split: 0]
[cegb_penalty_feature_lazy: ]
[cegb_penalty_feature_coupled: ]
[path_smooth: 0]
[interaction_constraints: ]
[verbosity: -1]
[saved_feature_importance_type: 0]
[use_quantized_grad: 0]
[num_grad_quant_bins: 4]
[quant_train_renew_leaf: 0]
[stochastic_rounding: 1]
[linear_tree: 0]
[max_bin: 255]
[max_bin_by_feature: ]
[min_data_in_bin: 3]
[bin_construct_sample_cnt: 200000]
[data_random_seed: 42]
[is_enable_sparse: 1]
[enable_bundle: 1]
[use_missing: 1]
[zero_as_missing: 0]
[feature_pre_filter: 1]
[pre_partition: 0]
[two_round: 0]
[header: 0]
[label_column: ]
[weight_column: ]
[group_column: ]
[ignore_column: ]
[categorical_feature: 0,1,2,3,4]
[forcedbins_filename: ]
[precise_float_parser: 0]
[parser_config_file: ]
[objective_seed: 16083]
[num_class: 1]
[is_unbalance: 0]
[scale_pos_weight: 1]
[sigmoid: 1]
[boost_from_average: 1]
[reg_sqrt: 0]
[alpha: 0.9]
[fair_c: 1]
[poisson_max_delta_step: 0.7]
[tweedie_variance_power: 1.5]
[lambdarank_truncation_level: 30]
[lambdarank_norm: 1]
[label_gain: ]
[lambdarank_position_bias_regularization: 0]
[eval_at: ]
[multi_error_top_k: 1]
[auc_mu_weights: ]
[num_machines: 1]
[local_listen_port: 12400]
[time_out: 120]
[machine_list_filename: ]
[machines: ]
[gpu_platform_id: -1]
[gpu_device_id: -1]
[gpu_use_dp: 0]
[num_gpu: 1]

end of parameters

pandas_categorical:[]
